{
  "A Thousand Cuts": {
    "NAME": "Χίλια Κοψήματα",
    "DESCRIPTION": "Όποτε παίζεις μια Κάρτα, κάνε !M! ζημιά σε όλους τους εχθρούς."
  },
  "Accuracy": {
    "NAME": "Ακρίβεια",
    "DESCRIPTION": "Τα Λεπίδια κάνουν !M! παραπάνω ζημιά."
  },
  "Acrobatics": {
    "NAME": "Ακροβατικά",
    "DESCRIPTION": "Τράβηξε !M! κάρτες. NL Απέρριψε 1 κάρτα."
  },
  "Adrenaline": {
    "NAME": "Αδρεναλίνη",
    "DESCRIPTION": "Πάρε [G]. NL Τράβηξε 2 κάρτες. NL Εξάντληση.",
    "UPGRADE_DESCRIPTION": "Πάρε [G] [G]. NL Τράβηξε 2 κάρτες. Εξάντληση."
  },
  "After Image": {
    "NAME": "Μετείκασμα",
    "DESCRIPTION": "Όποτε παίζεις μια Κάρτα, πάρε 1 Μπλοκάρισμα.",
    "UPGRADE_DESCRIPTION": "Έμφυτο. NL Όποτε παίζεις μια Κάρτα, πάρε 1 Μπλοκάρισμα."
  },
  "Aggregate": {
    "NAME": "Συσσωμάτομα",
    "DESCRIPTION": "Πάρε [B] για κάθε !M! κάρτες στη Στοίβα Τραβήγματος."
  },
  "All For One": {
    "NAME": "Όλοι για Έναν",
    "DESCRIPTION": "Κάνε !D! ζημιά. Βάλε όλες τις κάρτες με κόστος 0 απ'την στοίβα απόρριψης στο χέρι σου."
  },
  "All Out Attack": {
    "NAME": "Όλα για όλα",
    "DESCRIPTION": "Κάνε !D! ζημιά σε όλους τους εχθρούς. NL Απέρριψε 1 τυχαία κάρτα."
  },
  "Allocate": {
    "NAME": "Κατανομή",
    "DESCRIPTION": "Πάρε !M! Συγκέντρωση. NL Χάσε 1 Δύναμη. NL Χάσε 1 Δεξιότητα."
  },
  "Amplify": {
    "NAME": "Ενίσχυση",
    "DESCRIPTION": "Αυτό το γύρο, η επόμενη Δύναμη θα παιχτεί 2 φορές.",
    "UPGRADE_DESCRIPTION": "Αυτό το γύρο, οι επόμενες !M! Δυνάμεις θα παιχτούν 2 φορές."
  },
  "Anger": {
    "NAME": "Θυμός",
    "DESCRIPTION": "Κάνε !D! ζημιά. NL Βάλε ένα αντίγραφο της κάρτας στη Στοίβα Απόρριψης."
  },
  "Apotheosis": {
    "NAME": "Αποθέωση",
    "DESCRIPTION": "Αναβάθμισε ΌΛΕΣ τις κάρτες σου για την υπόλοιπη μάχη. NL Εξάντληση."
  },
  "Armaments": {
    "NAME": "Εξοπλισμός",
    "DESCRIPTION": "Πάρε !B! Μπλοκάρισμα. NL Αναβάθμισε μια Κάρτα στο χέρι για τη μάχη.",
    "UPGRADE_DESCRIPTION": "Πάρε !B! Μπλοκάρισμα. NL Αναβάθμισε ΌΛΕΣ τις κάρτες στο χέρι για τη μάχη."
  },
  "AscendersBane": {
    "NAME": "Το Μαρτύριο της Ανόδου",
    "DESCRIPTION": "Δεν παίζεται. NL Αιθέριο. NL Δεν μπορεί να αφαιρεθεί απο την Τράπουλα."
  },
  "Auto Shields": {
    "NAME": "Αυτο-Ασπίδα",
    "DESCRIPTION": "Αν έχεις 0 Μπλοκάρισμα, παρε !B! Μπλοκάρισμα."
  },
  "Axe Kick": {
    "NAME": "Κλωτσιά Τσεκούρι",
    "DESCRIPTION": "Κάνε !D! ζημιά. NL Επικάλεσε την επόμενη Σφαίρα σου."
  },
  "Backflip": {
    "NAME": "Ανάποδο Άλμα",
    "DESCRIPTION": "Πάρε !B! Μπλοκάρισμα. NL Τράβηξε 2 κάρτες."
  },
  "Backstab": {
    "NAME": "Πισώπλατο Μαχαίρωμα",
    "DESCRIPTION": "Κάνε !D! ζημιά. NL Έμφυτο. NL Εξάντληση."
  },
  "Ball Lightning": {
    "NAME": "Μπάλα Κεραυνού",
    "DESCRIPTION": "Κάνε !D! ζημιά. Διοχέτευσε !M! Κεραυνό."
  },
  "Bandage Up": {
    "NAME": "Επίδεσμος",
    "DESCRIPTION": "Γιάτρεψε !M! ΒΥ. NL Εξάντληση."
  },
  "Bane": {
    "NAME": "Μαρτύριο",
    "DESCRIPTION": "Κάνε !D! ζημιά. NL Αν ο εχθρός έχει Δηλητήριο, κάνε !D! ζημιά ξανά."
  },
  "Barrage": {
    "NAME": "Κατα ρυπάς",
    "DESCRIPTION": "Κάνε !D! ζημιά για κάθε διοχετευμένη Σφαίρα."
  },
  "Barricade": {
    "NAME": "Οχύρωση",
    "DESCRIPTION": "Το Μπλοκάρισμα δεν φεύγει πλέον στην αρχή του γύρου σου."
  },
  "Bash": {
    "NAME": "Τσάκισμα",
    "DESCRIPTION": "Κάνε !D! ζημιά. NL Εφάρμοσε !M! Ευάλωτος."
  },
  "Battle Trance": {
    "NAME": "Έκσταση Μάχης",
    "DESCRIPTION": "Τράβηξε !M! κάρτες. NL Δεν μπορείς να τραβήξεις άλλες κάρτες αυτό το γύρο."
  },
  "Beam Cell": {
    "NAME": "Πυρινική Ακτίνα",
    "DESCRIPTION": "Κάνε !D! ζημιά και εφάρμοσε !M! Ευάλωτος."
  },
  "Berserk": {
    "NAME": "Έξαλλος",
    "DESCRIPTION": "Πάρε !M! Ευάλωτος. NL Πάρε [R] στην αρχή κάθε γύρου σου."
  },
  "Biased Cognition": {
    "NAME": "Μεροληπτική Νόηση",
    "DESCRIPTION": "Πάρε !M! Συγκέντρωση. NL Στην αρχή κάθε γύρου, χάσε 1 Συγκέντρωση."
  },
  "Bite": {
    "NAME": "Δάγκωμα",
    "DESCRIPTION": "Κάνε !D! ζημιά. NL Γιάτρεψε !M! ΒΥ."
  },
  "Blade Dance": {
    "NAME": "Χορός των Λεπιδιών",
    "DESCRIPTION": "Βάλε !M! Λεπίδια στο χέρι σου."
  },
  "Blaster": {
    "NAME": "Πυροδότης",
    "DESCRIPTION": "Κάνε !D! ζημιά σε όλους τους εχθρούς. NL Πάρε [B] για κάθε Διοχετευμένη Σφαίρα. NL Εξάντληση."
  },
  "Blind": {
    "NAME": "Τύφλωση",
    "DESCRIPTION": "Εφάρμοσε !M! Αδύναμος.",
    "UPGRADE_DESCRIPTION": "Εφάρμοσε !M! Αδύναμος σε όλους τους εχθρούς."
  },
  "Blizzard": {
    "NAME": "Χιονοθύελλα",
    "DESCRIPTION": "Κάνε ζημιά ίση με !M! φορές τον Πάγο που έχεις διοχετεύσει σ'αυτή τη μάχη σε όλους τους εχθρούς.",
    "UPGRADE_DESCRIPTION": "",
    "EXTENDED_DESCRIPTION": [
      " NL (Κάνε !D! ζημιά.)",
      ""
    ]
  },
  "Blood for Blood": {
    "NAME": "Αίμα για Αίμα",
    "DESCRIPTION": "Κοστίζει 1 λιγότερο [R] NL για κάθε φορά που έχασες ΒΥ σ'αυτή τη μάχη. NL Κάνε !D! ζημιά."
  },
  "Bloodletting": {
    "NAME": "Αφαίμαξη",
    "DESCRIPTION": "Πάρε [R] [R]. NL Χάσε 3 ΒΥ.",
    "UPGRADE_DESCRIPTION": "Πάρε [R] [R] [R]. NL Χάσε 3 ΒΥ."
  },
  "Bludgeon": {
    "NAME": "Ξυλοκόπημα",
    "DESCRIPTION": "Κάνε !D! ζημιά."
  },
  "Blur": {
    "NAME": "Θολούρα",
    "DESCRIPTION": "Πάρε !B! Μπλοκάρισμα. NL Το Μπλοκάρισμα δεν φεύγει τον επόμενο γύρο."
  },
  "Body Slam": {
    "NAME": "Κρούση με το Σώμα",
    "DESCRIPTION": "Κάνε ζημιά ίση με το Μπλοκάρισμα σου.",
    "UPGRADE_DESCRIPTION": " NL (Κάνε !D! ζημιά.)"
  },
  "BootSequence": {
    "NAME": "Ακολουθία Εκκίνησης",
    "DESCRIPTION": "Πάρε !B! Μπλοκάρισμα. NL Έμφυτο. NL Εξάντληση."
  },
  "Bouncing Flask": {
    "NAME": "Φλασκί που Χοροπηδά",
    "DESCRIPTION": "Εφάρμοσε 3 Δηλητήριο σε έναν τυχαίο εχθρό !M! φορές."
  },
  "Brutality": {
    "NAME": "Κτηνωδία",
    "DESCRIPTION": "Στην αρχή του γύρου σου, χάσε 1 ΒΥ και τράβηξε 1 κάρτα.",
    "UPGRADE_DESCRIPTION": "Έμφυτο. NL Στην αρχή του γύρου σου, χάσε 1 ΒΥ και τράβηξε 1 κάρτα."
  },
  "Buffer": {
    "NAME": "Ενδιάμεση Μνήμη",
    "DESCRIPTION": "Ακύρωσε την επόμενη φορά που θα έχανες ΒΥ.",
    "UPGRADE_DESCRIPTION": "Ακύρωσε τις επόμενες !M! φορές που θα έχανες ΒΥ."
  },
  "Bullet Time": {
    "NAME": "Ώρα για σφαίρες",
    "DESCRIPTION": "Δεν μπορείς να τραβήξεις κάρτες για το γύρο. Οι κάρτες στο χέρι κοστίζουν 0 για το γύρο."
  },
  "Burn": {
    "NAME": "Κάψιμο",
    "DESCRIPTION": "Δεν παίζεται. NL Στο τέλος του γύρου σου, πάρε 2 ζημιά.",
    "UPGRADE_DESCRIPTION": "Δεν παίζεται. NL Στο τέλος του γύρου σου, πάρε 4 ζημιά."
  },
  "Burning Pact": {
    "NAME": "Φλογερό Σύμφωνο",
    "DESCRIPTION": "Εξάντλησε 1 κάρτα. NL Τράβηξε !M! κάρτες."
  },
  "Burst": {
    "NAME": "Ρήξη",
    "DESCRIPTION": "Αυτό το γύρο, η επόμενη σου Ικανότητα παίζεται 2 φορές.",
    "UPGRADE_DESCRIPTION": "Αυτό το γύρο, οι επόμενες !M! Ικανότητες παίζονται 2 φορές."
  },
  "Calculated Gamble": {
    "NAME": "Υπολογισμένο Ρίσκο",
    "DESCRIPTION": "Απέρριψε το χέρι σου, NL και τράβηξε όσες κάρτες είχες. NL Εξάντληση.",
    "UPGRADE_DESCRIPTION": "Απέρριψε το χέρι σου, NL και τράβηξε όσες κάρτες είχες."
  },
  "Caltrops": {
    "NAME": "Καρφιά",
    "DESCRIPTION": "Όποτε σου επιτεθούν, Κάνε !M! ζημιά στον επιτηθέμενο."
  },
  "Capacitor": {
    "NAME": "Πυκνωτής",
    "DESCRIPTION": "Πάρε !M! θέσεις Σφαίρας.",
    "UPGRADE_DESCRIPTION": "Πάρε !M! θέσεις Σφαίρας."
  },
  "Carnage": {
    "NAME": "Σφαγή",
    "DESCRIPTION": "Αιθέριο. NL Κάνε !D! ζημιά."
  },
  "Catalyst": {
    "NAME": "Καταλύτης",
    "DESCRIPTION": "Διπλασίασε το Δηλητήριο ενός εχθρού. NL Εξάντληση.",
    "UPGRADE_DESCRIPTION": "Τριπλασίασε το Δηλητήριο ενός εχθρού. NL Εξάντληση."
  },
  "Chaos": {
    "NAME": "Χάος",
    "DESCRIPTION": "Διοχέτευσε !M! τυχαίες Σφαίρες.",
    "UPGRADE_DESCRIPTION": "Διοχέτευσε !M! τυχαίες Σφαίρες."
  },
  "Chill": {
    "NAME": "Παγωμάρα",
    "DESCRIPTION": "Διοχέτευσε !M! Πάγο για κάθε εχθρό στη μάχη. NL Εξάντληση.",
    "UPGRADE_DESCRIPTION": "Έμφυτο. NL Διοχέτευσε !M! Πάγο για κάθε εχθρό στη μάχη. NL Εξάντληση."
  },
  "Choke": {
    "NAME": "Πνηγμός",
    "DESCRIPTION": "Κάνε !D! ζημιά. NL Όποτε παίζεις κάρτα αυτό το γύρο, ο στόχος χάνει !M! ΒΥ."
  },
  "Clash": {
    "NAME": "Σύρραξη",
    "DESCRIPTION": "Μπορεί να παιχτεί μόνο εαν όλες οι κάρτες στο χέρι σου είναι Επιθέσεις. NL Κάνε !D! ζημιά.",
    "EXTENDED_DESCRIPTION": [
      "Έχω κάρτες που δεν είναι Επιθέσεις στο χέρι."
    ]
  },
  "Cleave": {
    "NAME": "Μακελειό",
    "DESCRIPTION": "Κάνε !D! ζημιά σε όλους τους εχθρούς."
  },
  "Cloak And Dagger": {
    "NAME": "Μανδύας & Στιλέτο",
    "DESCRIPTION": "Πάρε !B! Μπλοκάρισμα. NL Βάλε !M! Λεπίδι στο χέρι σου.",
    "UPGRADE_DESCRIPTION": "Πάρε !B! Μπλοκάρισμα. NL Βάλε !M! Λεπίδια στο χέρι σου."
  },
  "Clothesline": {
    "NAME": "Σχοινί για Άπλωμα",
    "DESCRIPTION": "Κάνε !D! ζημιά. NL Εφάρμοσε !M! Αδύναμος."
  },
  "Clumsy": {
    "NAME": "Αδέξιος",
    "DESCRIPTION": "Δεν παίζεται. NL Αιθέριο."
  },
  "Cold Snap": {
    "NAME": "Κακοκαιρία",
    "DESCRIPTION": "Κάνε !D! ζημιά. Διοχέτευσε !M! Πάγο."
  },
  "Combust": {
    "NAME": "Ανάφλεξη",
    "DESCRIPTION": "Στο τέλος του γύρου σου, χάσε 1 ΒΥ και Κάνε !M! ζημιά σε όλους τους εχθρούς."
  },
  "Concentrate": {
    "NAME": "Συγκεντρώσου",
    "DESCRIPTION": "Απέρριψε !M! κάρτες. NL Πάρε [G] [G]."
  },
  "Conserve Battery": {
    "NAME": "Φόρτηση Μπαταρίας",
    "DESCRIPTION": "Πάρε !B! Μπλοκάρισμα. NL Τον επόμενο γύρο πάρε [B]."
  },
  "Consume": {
    "NAME": "Κατανάλωση",
    "DESCRIPTION": "Πάρε !M! Συγκέντρωση. NL Χάσε 1 Θέση Σφαίρας."
  },
  "Coolheaded": {
    "NAME": "Ψύχραιμος",
    "DESCRIPTION": "Διοχέτευσε 1 Πάγο. NL Τράβηξε !M! κάρτα.",
    "UPGRADE_DESCRIPTION": "Διοχέτευσε 1 Πάγο. NL Τράβηξε !M! κάρτες."
  },
  "Corpse Explosion": {
    "NAME": "Έκρηξη Πτώματος",
    "DESCRIPTION": "Ο εχθρός χάνει το Δηλητήριο. Κάνε ζημιά όσο 2 φορές το Δηλητήριο σε όλους τους εχθρούς.",
    "UPGRADE_DESCRIPTION": "Ο εχθρός χάνει το Δηλητήριο. Κάνε ζημιά όσο 3 φορές το Δηλητήριο σε όλους τους εχθρούς.",
    "EXTENDED_DESCRIPTION": [
      "Ο εχθρός δεν έχει Δηλητήριο."
    ]
  },
  "Corruption": {
    "NAME": "Διαφθορά",
    "DESCRIPTION": "Οι Ικανότητες κοστίζουν 0. NL Όποτε παίζεις μια Ικανότητα, Εξάντλησε την."
  },
  "Creative AI": {
    "NAME": "Τεχνιτή Νοημοσύνη",
    "DESCRIPTION": "Στην αρχή του γύρου σου, βάλε μια τυχαία Δύναμη στο χέρι σου."
  },
  "Crippling Poison": {
    "NAME": "Τοξικό Νέφος",
    "DESCRIPTION": "Εφάρμοσε !M! Δηλητήριο και 2 Αδύναμος σε όλους τους εχθρούς. NL Εξάντληση."
  },
  "Dagger Spray": {
    "NAME": "Βροχή Στιλέτων",
    "DESCRIPTION": "Κάνε !D! ζημιά σε όλους τους εχθρούς 2 φορές."
  },
  "Dagger Throw": {
    "NAME": "Ρήψη Στιλέτου",
    "DESCRIPTION": "Κάνε !D! ζημιά. NL Τράβηξε 1 κάρτα. NL Απέρριψε 1 κάρτα."
  },
  "Dark Embrace": {
    "NAME": "Σκοτεινή Αγκαλιά",
    "DESCRIPTION": "Όποτε μια κάρτα Εξαντλείται, NL Τράβηξε 1 κάρτα."
  },
  "Dark Shackles": {
    "NAME": "Σκοτεινά Δεσμά",
    "DESCRIPTION": "Ο εχθρός χάνει !M! Δύναμη για τον υπόλοιπο γύρο. NL Εξάντληση."
  },
  "Darkness": {
    "NAME": "Σκότος",
    "DESCRIPTION": "Διοχέτευσε !M! Σκότος.",
    "UPGRADE_DESCRIPTION": "Διοχέτευσε !M! Σκότος."
  },
  "Dash": {
    "NAME": "Ορμάω",
    "DESCRIPTION": "Πάρε !B! Μπλοκάρισμα. NL Κάνε !D! ζημιά."
  },
  "Dazed": {
    "NAME": "Σαστισμένος",
    "DESCRIPTION": "Δεν παίζεται. NL Αιθέριο."
  },
  "Deadly Poison": {
    "NAME": "Φονικό Δηλητήριο",
    "DESCRIPTION": "Εφάρμοσε !M! Δηλητήριο."
  },
  "Decay": {
    "NAME": "Σαπίλα",
    "DESCRIPTION": "Δεν παίζεται. NL Στο τέλος του γύρου σου, πάρε 2 ζημιά."
  },
  "Deep Breath": {
    "NAME": "Βαθιά Αναπνοή",
    "DESCRIPTION": "Ανακάτεψε την Στοίβα Απόρριψης στη Στοίβα Τραβήγματος. NL Τράβηξε !M! κάρτα.",
    "UPGRADE_DESCRIPTION": "Ανακάτεψε την Στοίβα Απόρριψης στη Στοίβα Τραβήγματος. NL Τράβηξε !M! κάρτες."
  },
  "Defend_B": {
    "NAME": "Άμυνα",
    "DESCRIPTION": "Πάρε !B! Μπλοκάρισμα."
  },
  "Defend_G": {
    "NAME": "Άμυνα",
    "DESCRIPTION": "Πάρε !B! Μπλοκάρισμα."
  },
  "Defend_R": {
    "NAME": "Άμυνα",
    "DESCRIPTION": "Πάρε !B! Μπλοκάρισμα."
  },
  "Deflect": {
    "NAME": "Εκτροπή",
    "DESCRIPTION": "Πάρε !B! Μπλοκάρισμα."
  },
  "Defragment": {
    "NAME": "Ανασυγκρότηση",
    "DESCRIPTION": "Πάρε !M! Συγκέντρωση."
  },
  "Demon Form": {
    "NAME": "Δαιμονομορφή",
    "DESCRIPTION": "Στην αρχή κάθε γύρου, Πάρε !M! Δύναμη."
  },
  "Die Die Die": {
    "NAME": "Ψόφα Ψόφα Ψόφα",
    "DESCRIPTION": "Κάνε !D! ζημιά σε όλους τους εχθρούς. NL Εξάντληση."
  },
  "Disarm": {
    "NAME": "Αφοπλισμός",
    "DESCRIPTION": "Ο εχθρός χάνει !M! Δύναμη. NL Εξάντληση."
  },
  "Distraction": {
    "NAME": "Αντιπερισπασμός",
    "DESCRIPTION": "Βάλε μια τυχαία Ικανότητα στο χέρι. NL Κοστίζει 0 για το γύρο. NL Εξάντληση."
  },
  "Dodge and Roll": {
    "NAME": "Αποφυγή & Ρολάρισμα",
    "DESCRIPTION": "Πάρε !B! Μπλοκάρισμα. NL Τον επόμενο γύρο Πάρε !B! Μπλοκάρισμα."
  },
  "Doom and Gloom": {
    "NAME": "Χαμός και Σκοτεινιά",
    "DESCRIPTION": "Κάνε !D! ζημιά σε όλους τους εχθρούς. NL Διοχέτευσε !M! Σκότος."
  },
  "Doppelganger": {
    "NAME": "Σωσίας",
    "DESCRIPTION": "Τον επόμενο γύρο, Τράβηξε X κάρτες και Πάρε X [G]. NL Εξάντληση.",
    "UPGRADE_DESCRIPTION": "Τον επόμενο γύρο, Τράβηξε X+1 κάρτες και Πάρε X+1 [G]. NL Εξάντληση."
  },
  "Double Energy": {
    "NAME": "Διπλή Ενέργεια",
    "DESCRIPTION": "Διπλασίασε την Ενέργεια σου. NL Εξάντληση.",
    "UPGRADE_DESCRIPTION": "Διπλασίασε την Ενέργεια σου."
  },
  "Double Tap": {
    "NAME": "Διπλή Επίθεση",
    "DESCRIPTION": "Αυτό το γύρο, η επόμενη σου Επίθεση παίζεται 2 φορές.",
    "UPGRADE_DESCRIPTION": "Αυτό το γύρο, οι επόμενες !M! Επιθέσεις παίζονται 2 φορές."
  },
  "Doubt": {
    "NAME": "Αμφιβολία",
    "DESCRIPTION": "Δεν παίζεται. NL Στο τέλος του γύρου σου, Πάρε 1 Αδύναμος."
  },
  "Dramatic Entrance": {
    "NAME": "Δραματική Είσοδος",
    "DESCRIPTION": "Έμφυτο. NL Κάνε !D! ζημιά σε όλους τους εχθρούς. NL Εξάντληση."
  },
  "Dropkick": {
    "NAME": "Κλωτσιά απο Ψηλά",
    "DESCRIPTION": "Κάνε !D! ζημιά. NL Αν ο εχθρός είναι Ευάλωτος, Πάρε [R] και NL Τράβηξε 1 κάρτα."
  },
  "Dual Wield": {
    "NAME": "Διπλό Όπλο",
    "DESCRIPTION": "Βάλε 1 αντίγραφο μιας Επίθεσης ή Δύναμης στο χέρι σου.",
    "UPGRADE_DESCRIPTION": "Βάλε 2 αντίγραφα μιας Επίθεσης ή Δύναμης στο χέρι σου."
  },
  "Dualcast": {
    "NAME": "Διπλή Ρήψη",
    "DESCRIPTION": "Επικάλεσε την επόμενη Σφαίρα σου 2 φορές."
  },
  "Echo Form": {
    "NAME": "Μορφή Ηχούς",
    "DESCRIPTION": "Η πρώτη κάρτα που παίζεις κάθε γύρο παίζεται 2 φορές. NL Αιθέριο.",
    "UPGRADE_DESCRIPTION": "Η πρώτη κάρτα που παίζεις κάθε γύρο παίζεται 2 φορές."
  },
  "Electrodynamics": {
    "NAME": "Ηλεκτροδυναμική",
    "DESCRIPTION": "Ο Κεραυνός τώρα χτυπάει όλους τους εχθρούς. NL Διοχέτευσε !M! Κεραυνό.",
    "UPGRADE_DESCRIPTION": ""
  },
  "Endless Agony": {
    "NAME": "Ατελείωτη Αγωνία",
    "DESCRIPTION": "Όποτε τραβάς αυτή την κάρτα, βάλε ένα αντίγραφο στο χέρι. Κάνε !D! ζημιά. NL Εξάντληση."
  },
  "Energy Pulse": {
    "NAME": "Ενεργειακός Παλμός",
    "DESCRIPTION": "Πάρε Μπλοκάρισμα ίσο με την Ενέργεια σου.",
    "UPGRADE_DESCRIPTION": "Πάρε Μπλοκάρισμα ίσο με 2 φορές την Ενέργεια σου."
  },
  "Enlightenment": {
    "NAME": "Διαφωτισμός",
    "DESCRIPTION": "Μείωσε το κόστος των καρτών στο χέρι σου σε 1 για αυτό το γύρο.",
    "UPGRADE_DESCRIPTION": "Μείωσε το κόστος των καρτών στο χέρι σου σε 1 για αυτή τη μάχη."
  },
  "Entrench": {
    "NAME": "Οχυρώματα",
    "DESCRIPTION": "Διπλασίασε το Μπλοκάρισμα σου.",
    "UPGRADE_DESCRIPTION": "Διπλασίασε το Μπλοκάρισμα σου."
  },
  "Envenom": {
    "NAME": "Δηλητηρίαση",
    "DESCRIPTION": "Όποτε μια Επίθεση Κάνει μη Μπλοκαρισμένη ζημιά, εφάρμοσε 1 Δηλητήριο."
  },
  "Escape Plan": {
    "NAME": "Σχέδιο Διαφυγής",
    "DESCRIPTION": "Τράβηξε 1 κάρτα. NL Αν η κάρτα έιναι Ικανότητα, Πάρε !B! Μπλοκάρισμα."
  },
  "Eviscerate": {
    "NAME": "Ξεκοίλιασμα",
    "DESCRIPTION": "-1 κόστος [G] για κάθε κάρτα που Απέρριψες αυτό το γύρο. Κάνε !D! ζημιά 3 φορές."
  },
  "Evolve": {
    "NAME": "Εξέλιξη",
    "DESCRIPTION": "Όποτε Τραβας μια Κατάσταση, Τράβηξε !M! κάρτα.",
    "UPGRADE_DESCRIPTION": "Όποτε Τραβας μια Κατάσταση, Τράβηξε !M! κάρτες."
  },
  "Exhume": {
    "NAME": "Εκταφή",
    "DESCRIPTION": "Βάλε μια κάρτα απ΄τη Στοίβα Εξάντλησης στο χέρι σου. NL Εξάντληση."
  },
  "Expertise": {
    "NAME": "Εξειδίκευση",
    "DESCRIPTION": "Τράβηξε κάρτες μέχρι να έχεις !M! στο χέρι."
  },
  "FTL": {
    "NAME": "ΓΤΦ",
    "DESCRIPTION": "Κάνε !D! ζημιά. Αν έχεις παίξει λιγότερες από !M! κάρτες αυτό το γύρο, Τράβηξε 1 κάρτα.",
    "EXTENDED_DESCRIPTION": [
      " NL (",
      " κάρτες έχουν παιχτεί.)",
      " κάρτεs έχουν παιχτεί.)"
    ]
  },
  "Feed": {
    "NAME": "Τάϊσμα",
    "DESCRIPTION": "Κάνε !D! ζημιά. NL Αν αυτό σκοτώσει εχθρό που να μην είναι Ακόλουθος, Πάρε !M! Μέγιστους ΒΥ. Εξάντληση."
  },
  "Feel No Pain": {
    "NAME": "Δε Νοιώθω Πόνο",
    "DESCRIPTION": "Όποτε μια κάρτα Εξαντλείται, NL Πάρε !M! Μπλοκάρισμα."
  },
  "Fiend Fire": {
    "NAME": "Δαιμονική Φωτιά",
    "DESCRIPTION": "Εξάντλησε το χέρι σου. NL Κάνε !D! ζημιά για κάθε Εξάντληση. NL Εξάντληση."
  },
  "Finesse": {
    "NAME": "Επιδεξιότητα",
    "DESCRIPTION": "Πάρε !B! Μπλοκάρισμα. NL Τράβηξε 1 κάρτα."
  },
  "Finisher": {
    "NAME": "Αποτελείωμα",
    "DESCRIPTION": "Κάνε !D! ζημιά για κάθε Επίθεση που έπαιξες αυτό το γύρο.",
    "EXTENDED_DESCRIPTION": [
      " NL (",
      " Επιθέσεις.)",
      " Επιθέσεις.)"
    ]
  },
  "Fire Breathing": {
    "NAME": "Φλογερή Ανάσα",
    "DESCRIPTION": "Στο τέλος του γύρου σου, για κάθε Επίθεση που έπαιξες αυτό το γύρο Κάνε 1 ζημιά σε όλους τους εχθρούς."
  },
  "Fission": {
    "NAME": "Σχάση",
    "DESCRIPTION": "Επικάλεσε όλες σου τις Σφαίρες. Πάρε μια Θέση Σφαίρας για κάθε Σφαίρα που επικάλεσες . NL Εξάντληση.",
    "UPGRADE_DESCRIPTION": "Evoke ALL of your Orbs, gain [B] and draw !M! card for each Orb removed. NL Exhaust."
  },
  "Flame Barrier": {
    "NAME": "Φλεγόμενο Φράγμα",
    "DESCRIPTION": "Πάρε !B! Μπλοκάρισμα. NL Όποτε σου επιτεθούν αυτό το γύρο, Κάνε !M! ζημιά στον επιτηθέμενο. "
  },
  "Flash of Steel": {
    "NAME": "Λάμψη απο Ατσάλι",
    "DESCRIPTION": "Κάνε !D! ζημιά. NL Τράβηξε 1 κάρτα."
  },
  "Flechettes": {
    "NAME": "Σκωρίες",
    "DESCRIPTION": "Κάνε !D! ζημιά για κάθε Ικανότητα στο χέρι σου.",
    "EXTENDED_DESCRIPTION": [
      " NL (Έχεις ",
      " Ικανότητα).",
      " Ικανότητες)."
    ]
  },
  "Flex": {
    "NAME": "Σφύξιμο",
    "DESCRIPTION": "Πάρε !M! Δύναμη. NL Στο τέλος του γύρου, χάσε !M! Δύναμη."
  },
  "Flux Capacitor": {
    "NAME": "Πυκνωτής Ροής",
    "DESCRIPTION": "Αντικατέστησε όλες τις Διοχετευμένες Σφαίρες με Πλάσμα. NL Εξάντληση."
  },
  "Flying Knee": {
    "NAME": "Ιπτάμενο Γόνατο",
    "DESCRIPTION": "Κάνε !D! ζημιά. NL Τον επόμενο γύρο, Πάρε [G]."
  },
  "Footwork": {
    "NAME": "Ελαφρής Βηματισμός",
    "DESCRIPTION": "Πάρε !M! Δεξιότητα."
  },
  "Force Field": {
    "NAME": "Δυναμικό Πεδίο",
    "DESCRIPTION": "Κοστίζει 1 λιγότερο [B] για κάθε Δύναμη που έπαιξες στη μάχη. NL Πάρε !B! Μπλοκάρισμα."
  },
  "Fusion": {
    "NAME": "Τήξη",
    "DESCRIPTION": "Διοχέτευσε !M! Πλάσμα."
  },
  "Gash": {
    "NAME": "Όνυξ",
    "DESCRIPTION": "Κάνε !D! ζημιά. NL Όλες οι κάρτες Όνυξ κάνουν !M! περισσότερη ζημιά για αυτή τη μάχη."
  },
  "Genetic Algorithm": {
    "NAME": "Γενετικός Αλγόριθμος",
    "DESCRIPTION": "Πάρε !B! Μπλοκάρισμα. Όταν παιχτεί, αυξάνει μόνιμα το Μπλοκάρισμα κατά !M!. NL Εξάντληση."
  },
  "Ghostly": {
    "NAME": "Φάντασμα",
    "DESCRIPTION": "Πάρε 1 Άυλος. NL Εξάντληση. NL Αιθέριο.",
    "UPGRADE_DESCRIPTION": "Πάρε 1 Άυλος. NL Εξάντληση."
  },
  "Ghostly Armor": {
    "NAME": "Άυλη Πανοπλία",
    "DESCRIPTION": "Αιθέριο. NL Πάρε !B! Μπλοκάρισμα."
  },
  "Glacier": {
    "NAME": "Παγετώνας",
    "DESCRIPTION": "Πάρε !B! Μπλοκάρισμα. NL Διοχέτευσε !M! Πάγο.",
    "UPGRADE_DESCRIPTION": "Πάρε !B! Μπλοκάρισμα. NL Διοχέτευσε !M! Πάγο."
  },
  "Glass Knife": {
    "NAME": "Γυάλινο Μαχαίρι",
    "DESCRIPTION": "Κάνε !D! ζημιά 2 φορές. Η ζημιά της κάρτας χαμηλώνει κατα 2 για αυτή τη μάχη."
  },
  "Go for the Eyes": {
    "NAME": "Πήγαινε για τα Μάτια",
    "DESCRIPTION": "Κάνε !D! ζημιά. Αν ο εχθρός σκοπεύει να επιτεθεί, εφάρμοσε !M! Αδύναμος."
  },
  "Good Instincts": {
    "NAME": "Σωστό Ένστικτο",
    "DESCRIPTION": "Πάρε !B! Μπλοκάρισμα."
  },
  "Grand Finale": {
    "NAME": "Μεγάλο Φινάλε",
    "DESCRIPTION": "Παίζεται μόνο αν οι κάρτες στη Στοίβα Τραβήγματος είναι 0. Κάνε !D! ζημιά σε όλους τους εχθρούς.",
    "UPGRADE_DESCRIPTION": "Η Στοίβα Τραβήγματος NL πρέπει να έιναι #rΆδεια."
  },
  "Havoc": {
    "NAME": "Πανωλεθρία",
    "DESCRIPTION": "Παίξε την πρώτη κάρτα στη Στοίβα Τραβήγματος και Εξάντλησε τη."
  },
  "Headbutt": {
    "NAME": "Κουτουλιά",
    "DESCRIPTION": "Κάνε !D! ζημιά. NL Βάλε μια κάρτα απ'τη Στοίβα Απόρριψης πάνω στη Στοίβας Τραβήγματος."
  },
  "Heatsinks": {
    "NAME": "Ψύκτρες",
    "DESCRIPTION": "Όποτε παίζεις μια Δύναμη, Τράβηξε !M! κάρτα.",
    "UPGRADE_DESCRIPTION": "Όποτε παίζεις μια Δύναμη, Τράβηξε !M! κάρτες."
  },
  "Heavy Blade": {
    "NAME": "Βαριά Λεπίδα",
    "DESCRIPTION": "Κάνε !D! ζημιά. NL Η Δύναμη επιρρεάζει την Βαριά Λεπίδα !M! φορές.",
    "UPGRADE_DESCRIPTION": "Κάνε !D! ζημιά. NL Η Δύναμη επιρρεάζει την Βαριά Λεπίδα !M! φορές."
  },
  "Heel Hook": {
    "NAME": "Κλωτσιά-Γάντζος",
    "DESCRIPTION": "Κάνε !D! ζημιά. NL Αν ο εχθρός είναι Αδύναμος, NL Πάρε [G] και NL Τράβηξε 1 κάρτα."
  },
  "Hello World": {
    "NAME": "Καλημέρα Κόσμε",
    "DESCRIPTION": "Στην αρχή του γύρου σου, βάλε μια τυχαία Κοινή κάρτα στο χέρι σου.",
    "UPGRADE_DESCRIPTION": "Έμφυτο. NL Στην αρχή του γύρου σου, βάλε μια τυχαία Κοινή κάρτα στο χέρι."
  },
  "Hemokinesis": {
    "NAME": "Αίμοκίνηση",
    "DESCRIPTION": "Χάσε !M! ΒΥ. NL Κάνε !D! ζημιά."
  },
  "Hide": {
    "NAME": "Κρύψου",
    "DESCRIPTION": "Δεν μπορείς να χάσεις ΒΥ μέχρι την αρχή του επόμενου γύρου σου. NL Εξάντληση."
  },
  "Hologram": {
    "NAME": "Ολόγραμμα",
    "DESCRIPTION": "Πάρε !B! Μπλοκάρισμα. NL Επέστρεψε μια κάρτα απ'τη Στοίβα Απόρριψης στο χέρι. NL Εξάντληση.",
    "UPGRADE_DESCRIPTION": "Πάρε !B! Μπλοκάρισμα. NL Επέστρεψε μια κάρτα απ'τη Στοίβα Απόρριψης στο χέρι."
  },
  "Hyperbeam": {
    "NAME": "Υπερακτίνα",
    "DESCRIPTION": "Κάνε !D! ζημιά σε όλους τους εχθρούς. NL Χάσε !M! Συγκέντρωση."
  },
  "Immolate": {
    "NAME": "Στην Πυρά",
    "DESCRIPTION": "Κάνε !D! ζημιά σε όλους τους εχθρούς. NL Βάλε ένα Κάψιμο στη Στοίβα Απόρριψης."
  },
  "Impervious": {
    "NAME": "Αδιαπέραστος",
    "DESCRIPTION": "Πάρε !B! Μπλοκάρισμα. NL Εξάντληση."
  },
  "Infernal Blade": {
    "NAME": "Καταχθόνια Λεπίδα",
    "DESCRIPTION": "Βάλε μια τυχαία Επίθεση στο χέρι. NL Κοστίζει 0 για το γύρο. NL Εξάντληση."
  },
  "Infinite Blades": {
    "NAME": "Άπειρες Λεπίδες",
    "DESCRIPTION": "Στην αρχή του γύρου σου, βάλε ένα Λεπίδι στο χέρι.",
    "UPGRADE_DESCRIPTION": "Έμφυτο. NL Στην αρχή του γύρου σου, βάλε ένα Λεπίδι στο χέρι."
  },
  "Inflame": {
    "NAME": "Ερέθισμα",
    "DESCRIPTION": "Πάρε !M! Δύναμη."
  },
  "Injury": {
    "NAME": "Πληγή",
    "DESCRIPTION": "Δεν παίζεται."
  },
  "Intimidate": {
    "NAME": "Εκφοβισμός",
    "DESCRIPTION": "Εφάρμοσε !M! Αδύναμος σε όλους τους εχθρούς. NL Εξάντληση."
  },
  "Iron Wave": {
    "NAME": "Σιδερένιο Κύμα",
    "DESCRIPTION": "Πάρε !B! Μπλοκάρισμα. NL Κάνε !D! ζημιά."
  },
  "J.A.X.": {
    "NAME": "Ν.Τ.Ο.Π.Α.",
    "DESCRIPTION": "Χάσε 3 ΒΥ. NL Πάρε !M! Δύναμη . NL Εξάντληση."
  },
  "Jack Of All Trades": {
    "NAME": "Πολυτεχνίτης",
    "DESCRIPTION": "Βάλε !M! τυχαία άχρωμη κάρτα στο χέρι σου. NL Εξάντληση.",
    "UPGRADE_DESCRIPTION": "Βάλε !M! τυχαίες άχρωμες κάρτες στο χέρι σου. NL Εξάντληση."
  },
  "Juggernaut": {
    "NAME": "Τριαξονικός",
    "DESCRIPTION": "Όποτε πέρνεις Μπλοκάρισμα, Κάνε !M! ζημιά σε ένα τυχαίο εχθρό."
  },
  "Leap": {
    "NAME": "Άλμα",
    "DESCRIPTION": "Πάρε !B! Μπλοκάρισμα."
  },
  "Leg Sweep": {
    "NAME": "Σκούπα",
    "DESCRIPTION": "Εφάρμοσε !M! Αδύναμος. NL Πάρε !B! Μπλοκάρισμα."
  },
  "Limit Break": {
    "NAME": "Εκτός Ορίων",
    "DESCRIPTION": "Διπλασίασε τη Δύναμη σου. NL Εξάντληση.",
    "UPGRADE_DESCRIPTION": "Διπλασίασε τη Δύναμη σου."
  },
  "Lockon": {
    "NAME": "Κλείδωμα",
    "DESCRIPTION": "Κάνε !D! ζημιά. NL Για !M! γύρους, Σφαίρες Κεραυνού και Σκότους συμμαδεύουν αυτόν τον εχθρό."
  },
  "Loop": {
    "NAME": "Βρόχος",
    "DESCRIPTION": "Στην αρχή του γύρου σου, χρησημοποίησε το Παθητικό της επόμενης Σφαίρας.",
    "UPGRADE_DESCRIPTION": "Στην αρχή του γύρου σου, χρησημοποίησε το Παθητικό της επόμενης Σφαίρας !M! φορές."
  },
  "Machine Learning": {
    "NAME": "Εκμάθηση Μηχανής",
    "DESCRIPTION": "Τράβηξε !M! παραπάνω κάρτα στην αρχή κάθε γύρου.",
    "UPGRADE_DESCRIPTION": "Έμφυτο. NL Τράβηξε !M! παραπάνω κάρτα στην αρχή κάθε γύρου."
  },
  "Madness": {
    "NAME": "Τρέλα",
    "DESCRIPTION": "Μια τυχαία κάρτα στο χέρι σου κοστίζει 0 για την υπόλοιπη μάχη. NL Εξάντληση."
  },
  "Magnetism": {
    "NAME": "Μαγνητισμός",
    "DESCRIPTION": "Στην αρχή του γύρου σου, βάλε μια τυχαία άχρωμη κάρτα στο χέρι σου."
  },
  "Malaise": {
    "NAME": "Δυσφορία",
    "DESCRIPTION": "Ο εχθρός χάνει X Δύναμη. Εφάρμοσε X Αδύναμος. NL Εξάντληση.",
    "UPGRADE_DESCRIPTION": "Ο εχθρός χάνει X+1 Δύναμη. Εφάρμοσε X+1 Αδύναμος. NL Εξάντληση."
  },
  "Master of Strategy": {
    "NAME": "Μετρ Στρατηγικής",
    "DESCRIPTION": "Τράβηξε !M! κάρτες. NL Εξάντληση."
  },
  "Masterful Stab": {
    "NAME": "Δεξιοτεχνικό Μαχαίρωμα",
    "DESCRIPTION": "Μπορεί να παιχτεί μόνο αν δεν έχεις άλλες κάρτες στο χέρι. NL Κάνε !D! ζημιά.",
    "UPGRADE_DESCRIPTION": "Πρέπει να είναι η NL μόνη κάρτα."
  },
  "Melter": {
    "NAME": "Λιώσε",
    "DESCRIPTION": "Αφαίρεσε όλο το Μπλοκάρισμα από τον εχθρό. NL Κάνε !D! ζημιά."
  },
  "Metallicize": {
    "NAME": "Μεταλλοποίηση",
    "DESCRIPTION": "Στο τέλος του γύρου σου, Πάρε !M! Μπλοκάρισμα."
  },
  "Meteor Strike": {
    "NAME": "Μετεορίτης",
    "DESCRIPTION": "Κάνε !D! ζημιά. NL Διοχέτευσε !M! Πλάσμα."
  },
  "Mind Blast": {
    "NAME": "Εγκεφαλική Επίθεση",
    "DESCRIPTION": "Έμφυτο. NL Κάνε τόση ζημιά όσες οι κάρτες στη Στοίβα Τραβήγματος.",
    "UPGRADE_DESCRIPTION": "",
    "EXTENDED_DESCRIPTION": [
      " NL (Κάνει !D! ζημιά.)"
    ]
  },
  "Multi-Cast": {
    "NAME": "Πολλαπλή Ρήψη΄",
    "DESCRIPTION": "Επικάλεσε την επόμενη σου Σφαίρα X φορές.",
    "UPGRADE_DESCRIPTION": "Επικάλεσε την επόμενη σου Σφαίρα X+1 φορές."
  },
  "Necronomicurse": {
    "NAME": "Νεκρονομικατάρα",
    "DESCRIPTION": "Δεν παίζεται. NL Δεν υπάρχει διαφυγή απ'αυτή την Κατάρα."
  },
  "Neutralize": {
    "NAME": "Εξουδετέροση",
    "DESCRIPTION": "Κάνε !D! ζημιά. NL Εφάρμοσε !M! Αδύναμος."
  },
  "Night Terror": {
    "NAME": "Εφιάλτης",
    "DESCRIPTION": "Διάλεξε μια κάρτα. NL Τον επόμενο γύρο, βάλε !M! αντίγραφα της κάρτας στο χέρι σου. Εξάντληση.",
    "EXTENDED_DESCRIPTION": [
      "Μπορώ να το χρησημποιήσω NL ",
      " NL μία φορά το γύρο."
    ]
  },
  "Normality": {
    "NAME": "Κανονικότητα",
    "DESCRIPTION": "Δεν παίζεται. NL Δεν μπορείς να παίξεις πάνω απο 3 κάρτες αυτό το γύρο.",
    "EXTENDED_DESCRIPTION": [
      "Μπορώ να παίξω μόνο NL #r3 κάρτες αυτό το γύρο.",
      "Δεν παίζεται. NL Δεν μπορείς να παίξεις πάνω απο ",
      " κάρτες το γύρο.",
      " κάρτες το γύρο. NL Έχεις παίξει ",
      " κάρτα αυτό το γύρο.",
      " cards this turn."
    ]
  },
  "Noxious Fumes": {
    "NAME": "Επιβλαβείς Αναθυμιάσεις",
    "DESCRIPTION": "Στην αρχή του γύρου, εφάρμοσε !M! Δηλητήριο σε όλους τους εχθρούς."
  },
  "Offering": {
    "NAME": "Θυσία",
    "DESCRIPTION": "Χάσε 5 ΒΥ. NL Πάρε [R] [R]. NL Τράβηξε !M! κάρτες. NL Εξάντληση.",
    "UPGRADE_DESCRIPTION": "Χάσε 5 ΒΥ. NL Πάρε [R] [R]. NL Τράβηξε !M! κάρτες. NL Εξάντληση."
  },
  "Outmaneuver": {
    "NAME": "Υπεροχή",
    "DESCRIPTION": "Τον επόμενο γύρο NL Πάρε [G] [G].",
    "UPGRADE_DESCRIPTION": "Τον επόμενο γύρο NL Πάρε [G] [G] [G]."
  },
  "Pain": {
    "NAME": "Πόνος",
    "DESCRIPTION": "Δεν παίζεται. NL Όσο είναι στο χέρι σου, NL χάσε 1 ΒΥ όποτε παίζεις άλλη κάρτα."
  },
  "Panacea": {
    "NAME": "Πανάκεια",
    "DESCRIPTION": "Πάρε !M! Μαγική Ασπίδα. NL Εξάντληση."
  },
  "Panache": {
    "NAME": "Καμάρι",
    "DESCRIPTION": "Όποτε παίζεις 5 κάρτες σε ένα γύρο, Κάνε !M! ζημιά σε όλους τους εχθρούς."
  },
  "Parasite": {
    "NAME": "Παράσιτο",
    "DESCRIPTION": "Δεν παίζεται. NL Αν μεταμορφωθεί ή αφαιρεθεί απ΄την Τράπουλα, χάσε 3 Μέγιστους ΒΥ"
  },
  "Perfected Strike": {
    "NAME": "Τελειοποιημένο Χτύπημα",
    "DESCRIPTION": "Κάνε !D! ζημιά. NL Κάνει +2 ζημιά για ΚΑΘΕ κάρτα που περιέχει το \"Χτύπημα\".",
    "UPGRADE_DESCRIPTION": "Κάνε !D! ζημιά. NL Κάνει +3 ζημιά για ΚΑΘΕ κάρτα που περιέχει το \"Χτύπημα\"."
  },
  "Phantasmal Killer": {
    "NAME": "Δολοφόνος-Φάντασμα",
    "DESCRIPTION": "Τον επόμενο γύρο, η ζημιά από Επιθέσεις διπλασιάζεται."
  },
  "PiercingWail": {
    "NAME": "Διαπεραστικός Θρήνος",
    "DESCRIPTION": "ΌΛΟΙ οι εχθροί χάνουν !M! Δύναμη για 1 γύρο. NL Εξάντληση."
  },
  "Poisoned Stab": {
    "NAME": "Δηλητηριασμένη Μαχαιριά",
    "DESCRIPTION": "Κάνε !D! ζημιά. NL Εφάρμοσε !M! Δηλητήριο."
  },
  "Pommel Strike": {
    "NAME": "Χτύπημα με τη Λαβή",
    "DESCRIPTION": "Κάνε !D! ζημιά. NL Τράβηξε !M! κάρτα.",
    "UPGRADE_DESCRIPTION": "Κάνε !D! ζημιά. NL Τράβηξε !M! κάρτες."
  },
  "Power Through": {
    "NAME": "Υπερνίκησε",
    "DESCRIPTION": "Βάλε 2 Πληγές στο χέρι σου. NL Πάρε !B! Μπλοκάρισμα."
  },
  "Predator": {
    "NAME": "Κυνηγός",
    "DESCRIPTION": "Κάνε !D! ζημιά. NL Τράβηξε 2 περισσότερες κάρτες τον επόμενο γύρο."
  },
  "Prepared": {
    "NAME": "Προετοιμασμένος",
    "DESCRIPTION": "Τράβηξε !M! κάρτα. NL Απέρριψε !M! κάρτα.",
    "UPGRADE_DESCRIPTION": "Τράβηξε !M! κάρτες. NL Απέρριψε !M! κάρτες."
  },
  "Pummel": {
    "NAME": "Γρονθοκόπηση",
    "DESCRIPTION": "Κάνε !D! ζημιά !M! φορές. NL Εξάντληση.",
    "UPGRADE_DESCRIPTION": "Κάνε !D! ζημιά !M! φορές. NL Εξάντληση."
  },
  "Purity": {
    "NAME": "Αγνότητα",
    "DESCRIPTION": "Διάλεξε και Εξάντλησε μέχρι !M! κάρτες στο χέρι σου. NL Εξάντληση."
  },
  "Quick Slash": {
    "NAME": "Γρήγορο Κόψιμο",
    "DESCRIPTION": "Κάνε !D! ζημιά. NL Τράβηξε 1 κάρτα."
  },
  "Rage": {
    "NAME": "Οργή",
    "DESCRIPTION": "Όποτε παίζεις Επίθεση αυτό το γύρο, Πάρε !M! Μπλοκάρισμα."
  },
  "Rainbow": {
    "NAME": "Ουράνιο Τόξο",
    "DESCRIPTION": "Διοχέτευσε 1 Κεραυνό, 1 Πάγο, and 1 Σκότος. NL Εξάντληση.",
    "UPGRADE_DESCRIPTION": "Διοχέτευσε 1 Κεραυνό, 1 Πάγο, and 1 Σκότος."
  },
  "Rampage": {
    "NAME": "Αφηνίασμα",
    "DESCRIPTION": "Κάνε !D! ζημιά. NL Όποτε παίζεις αυτή την κάρτα, παίρνει + !M! ζημιά για τη μάχη."
  },
  "Reaper": {
    "NAME": "Θεριστής",
    "DESCRIPTION": "Κάνε !D! ζημιά σε όλους τους εχθρούς. Γιάτρεψε όση Αμπλοκάριστη ζημιά έκανες. NL Εξάντληση."
  },
  "Reboot": {
    "NAME": "Επανεκκίνηση",
    "DESCRIPTION": "Ανακάτεψε όλες σου τις κάρτες στη Στοίβα Τραβήγματος, και Τράβηξε !M! κάρτες. NL Εξάντληση."
  },
  "Rebound": {
    "NAME": "Αναπήδηση",
    "DESCRIPTION": "Κάνε !D! ζημιά. Η επόμενη κάρτα που θα παίξεις αυτό το γύρο επιστρέφει πάνω στη Στοίβας Τραβήγματος."
  },
  "Reckless Charge": {
    "NAME": "Παράτολμη Εφόρμηση",
    "DESCRIPTION": "Κάνε !D! ζημιά. NL Ανακάτεψε ένα Σαστισμένος στη Στοίβα Τραβήγματος."
  },
  "Recycle": {
    "NAME": "Ανακύκλωση",
    "DESCRIPTION": "Εξάντλησε μια κάρτα. NL Πάρε [B] ίση με το κόστος της."
  },
  "Redo": {
    "NAME": "Αναδρομή",
    "DESCRIPTION": "Επικάλεσε την επόμενη Σφαίρα σου. NL Διοχέτευσε τη σφαίρα που επικάλεσες."
  },
  "Reflex": {
    "NAME": "Αντανακλαστικά",
    "DESCRIPTION": "Δεν παίζεται. NL Αν απορρίψεις την κάρτα απ΄το χέρι σου, Τράβηξε !M! κάρτες.",
    "UPGRADE_DESCRIPTION": "Δεν παίζεται. NL Αν απορρίψεις την κάρτα απ΄το χέρι σου, Τράβηξε !M! κάρτες.",
    "EXTENDED_DESCRIPTION": [
      "Δεν μπορώ να παίξω αυτή την κάρτα."
    ]
  },
  "Regret": {
    "NAME": "Μετάνοια",
    "DESCRIPTION": "Δεν παίζεται. NL Στο τέλος του γύρου σου, χάσε 1 ΒΥ για κάθε κάρτα στο χέρι σου."
  },
  "Reinforced Body": {
    "NAME": "Ενισχυμένο Σώμα",
    "DESCRIPTION": "Πάρε !B! Μπλοκάρισμα X Φορές."
  },
  "Reprogram": {
    "NAME": "Aναπρογραμματισμός",
    "DESCRIPTION": "Κοίτα τις πρώτες !M! κάρτες στη Στοίβας Τραβήγματος. Απέρριψε όσες θες.",
    "UPGRADE_DESCRIPTION": "Κοίτα τις πρώτες !M! κάρτες στη Στοίβας Τραβήγματος. Απέρριψε όσες θες."
  },
  "Riddle With Holes": {
    "NAME": "Γεμάτος τρύπες",
    "DESCRIPTION": "Κάνε !D! ζημιά 5 φορές."
  },
  "Rip and Tear": {
    "NAME": "Σκίσιμο & Ξήλωμα",
    "DESCRIPTION": "Κάνε !D! ζημιά σε τυχαίο εχθρό !M! φορές."
  },
  "Rupture": {
    "NAME": "Ρήξη",
    "DESCRIPTION": "Όποτε χάνεις ΒΥ από κάρτα, NL Πάρε !M! Δύναμη."
  },
  "Sadistic Nature": {
    "NAME": "Σαδιστική Φύση",
    "DESCRIPTION": "Όποτε εφαρμόζεις Αρνητική Κατάσταση σε έναν εχθρό, τους κάνεις !M! ζημιά."
  },
  "Scrape": {
    "NAME": "Εκδορά",
    "DESCRIPTION": "Κάνε !D! ζημιά. NL Τράβηξε !M! κάρτες. NL Απέρριψε όσες από αυτές δεν κοστίζουν 0."
  },
  "Searing Blow": {
    "NAME": "Καυστικό Πλήγμα",
    "DESCRIPTION": "Κάνε !D! ζημιά. NL Αναβαθμίζεται όσες φορές θέλεις."
  },
  "Second Wind": {
    "NAME": "Νέα Πνοή",
    "DESCRIPTION": "Εξάντλησε όσες κάρτες στο χέρι δεν είναι Επιθέσεις και Πάρε !B! Μπλοκάρισμα για καθεμιά."
  },
  "Secret Technique": {
    "NAME": "Μυστική Τεχνική",
    "DESCRIPTION": "Δίαλεξε μια Ικανότητα από τη Στοίβα Τραβήγματος και βάλ'τη στο χέρι. NL Εξάντληση.",
    "UPGRADE_DESCRIPTION": "Δίαλεξε μια Ικανότητα από τη Στοίβα Τραβήγματος και βάλ'τη στο χέρι.",
    "EXTENDED_DESCRIPTION": [
      "Δεν υπάρχουν Ικανότητες NL στη Στοίβα Τραβήγματος."
    ]
  },
  "Secret Weapon": {
    "NAME": "Μυστικό Όπλο",
    "DESCRIPTION": "Διάλεξε μια Επίθεση απ'τη Στοίβα Τραβήγματος και βάλ'τη στο χέρι. NL Εξάντληση.",
    "UPGRADE_DESCRIPTION": "Διάλεξε μια Επίθεση απ'τη Στοίβα Τραβήγματος και βάλ'τη στο χέρι.",
    "EXTENDED_DESCRIPTION": [
      "Δεν υπάρχουν Επιθέσεις NL στη Στοίβα Τραβήγματος."
    ]
  },
  "Seeing Red": {
    "NAME": "Τα βλέπω Κόκκινα",
    "DESCRIPTION": "Πάρε [R] [R]. NL Εξάντληση."
  },
  "Seek": {
    "NAME": "Αναζήτηση",
    "DESCRIPTION": "Διάλεξε !M! κάρτα από τη Στοίβα Τραβήγματος και βάλε τη στο χέρι σου. NL Εξάντληση.",
    "UPGRADE_DESCRIPTION": "Διάλεξε !M! κάρτες από τη Στοίβα Τραβήγματος και βάλε τες στο χέρι σου. NL Εξάντληση."
  },
  "Self Repair": {
    "NAME": "Αυτο-Επιδιόρθωση",
    "DESCRIPTION": "Στο τέλος της μάχης, γιάτρεψε !M! ΒΥ."
  },
  "Sentinel": {
    "NAME": "Φρουρός",
    "DESCRIPTION": "Πάρε !B! Μπλοκάρισμα. NL Αν αυτη η κάρτα Εξαντληθεί, NL Πάρε [R] [R].",
    "UPGRADE_DESCRIPTION": "Πάρε !B! Μπλοκάρισμα. NL Αν αυτη η κάρτα Εξαντληθεί, NL Πάρε [R] [R] [R]."
  },
  "Setup": {
    "NAME": "Παγίδα",
    "DESCRIPTION": "Βάλε μια κάρτα απ'το χέρι πάνω στη Στοίβας Τραβήγματος. NL Κοστίζει 0 μέχρι να παιχτεί."
  },
  "Sever Soul": {
    "NAME": "Ψυχικός Ακρωτηριασμός",
    "DESCRIPTION": "Εξάντλησε όσες κάρτες στο χέρι σου δεν είναι Επίθεση. NL Κάνε !D! ζημιά."
  },
  "Shiv": {
    "NAME": "Λεπίδι",
    "DESCRIPTION": "Κάνε !D! ζημιά. NL Εξάντληση."
  },
  "Shockwave": {
    "NAME": "Σεισμικό Κύμα",
    "DESCRIPTION": "Εφάρμοσε !M! Αδύναμος και Ευάλωτος σε όλους τους εχθρούς. NL Εξάντληση."
  },
  "Shrug It Off": {
    "NAME": "Ξεπέρασε το",
    "DESCRIPTION": "Πάρε !B! Μπλοκάρισμα. NL Τράβηξε 1 κάρτα."
  },
  "Skewer": {
    "NAME": "Σούβλισμα",
    "DESCRIPTION": "Κάνε !D! ζημιά X φορές."
  },
  "Skim": {
    "NAME": "Γλίστρημα",
    "DESCRIPTION": "Τράβηξε !M! κάρτες."
  },
  "Slice": {
    "NAME": "Τεμαχισμός",
    "DESCRIPTION": "Κάνε !D! ζημιά."
  },
  "Slimed": {
    "NAME": "Γλιτσιασμένος",
    "DESCRIPTION": "Εξάντληση."
  },
  "Spot Weakness": {
    "NAME": "Εντοπισμός Αδυναμίας",
    "DESCRIPTION": "Αν ο εχθρός ετοιμάζεται να επιτεθεί, Πάρε !M! Δύναμη."
  },
  "Stack": {
    "NAME": "Σωρός",
    "DESCRIPTION": "Πάρε Μπλοκάρισμα ίσο με τον αριθμό των καρτών στη Στοίβα Απόρριψης.",
    "UPGRADE_DESCRIPTION": "Πάρε Μπλοκάρισμα ίσο με τον αριθμό των καρτών στη Στοίβα Απόρριψης +3.",
    "EXTENDED_DESCRIPTION": [
      " NL (Πάρε !B! Μπλοκάρισμα.)"
    ]
  },
  "Static Discharge": {
    "NAME": "Στατική Εκκένωση",
    "DESCRIPTION": "Όποτε δέχεσαι ζημιά από Επίθεση, Διοχέτευσε !M! Κεραυνό.",
    "UPGRADE_DESCRIPTION": "Όποτε δέχεσαι ζημιά από Επίθεση, Διοχέτευσε !M! Κεραυνό."
  },
  "Steam": {
    "NAME": "Φράγμα Ατμού",
    "DESCRIPTION": "Πάρε !B! Μπλοκάρισμα. Το Μπλοκάρισμα της κάρτας μειώνετε κατα 1 για τη μάχη."
  },
  "Steam Power": {
    "NAME": "Υπερπολλαπλασιαστής",
    "DESCRIPTION": "Τράβηξε !M! κάρτες. NL Βάλε ένα Κάψιμο στη Στοίβα Απόρριψης."
  },
  "Storm": {
    "NAME": "Καταιγίδα",
    "DESCRIPTION": "Όποτε παίζεις Δύναμη, Διοχέτευσε 1 Κεραυνό.",
    "UPGRADE_DESCRIPTION": "Έμφυτο. NL Όποτε παίζεις Δύναμη, Διοχέτευσε 1 Κεραυνό."
  },
  "Storm of Steel": {
    "NAME": "Ατσάλινη Καταιγίδα",
    "DESCRIPTION": "Απέρριψε το χέρι σου. NL Βάλε 1 Λεπίδι στο χέρι για κάθε κάρτα που Απέρριψες.",
    "UPGRADE_DESCRIPTION": "Απέρριψε το χέρι σου. NL Βάλε 1 Λεπίδι+ στο χέρι για κάθε κάρτα που Απέρριψες."
  },
  "Streamline": {
    "NAME": "Βελτιστοποίηση",
    "DESCRIPTION": "Κάνε !D! ζημιά. NL Όποτε παιχτεί, κοστίζει !M! λιγότερο για τη μάχη."
  },
  "Strike_B": {
    "NAME": "Χτύπημα",
    "DESCRIPTION": "Κάνε !D! ζημιά."
  },
  "Strike_G": {
    "NAME": "Χτύπημα",
    "DESCRIPTION": "Κάνε !D! ζημιά."
  },
  "Strike_R": {
    "NAME": "Χτύπημα",
    "DESCRIPTION": "Κάνε !D! ζημιά."
  },
  "Sucker Punch": {
    "NAME": "Βρώμικη Γροθιά",
    "DESCRIPTION": "Κάνε !D! ζημιά. NL Εφάρμοσε !M! Αδύναμος."
  },
  "Sunder": {
    "NAME": "Σπάσιμο",
    "DESCRIPTION": "Κάνε !D! ζημιά. NL Αν αυτό σκοτώσει τον εχθρό, Πάρε [B] [B] [B]."
  },
  "Survivor": {
    "NAME": "Επιζών",
    "DESCRIPTION": "Πάρε !B! Μπλοκάρισμα. NL Απέρριψε μια κάρτα."
  },
  "Sweeping Beam": {
    "NAME": "Σαρωτική Ακτίνα",
    "DESCRIPTION": "Κάνε !D! ζημιά σε όλους τους εχθρούς. NL Τράβηξε !M! κάρτα."
  },
  "Swift Strike": {
    "NAME": "Γρήγορο Χτύπημα",
    "DESCRIPTION": "Κάνε !D! ζημιά."
  },
  "Sword Boomerang": {
    "NAME": "Σπαθί-Μπούμερανγκ",
    "DESCRIPTION": "Κάνε !D! ζημιά σε ένα τυχαίο εχθρό !M! φορές."
  },
  "Tactician": {
    "NAME": "Επιτελικός",
    "DESCRIPTION": "Δεν παίζεται. NL Αν αυτή η κάρτα Απορριφθεί από το χέρι σου, NL Πάρε [G].",
    "UPGRADE_DESCRIPTION": "Δεν παίζεται. NL Αν αυτή η κάρτα Απορριφθεί από το χέρι σου, NL Πάρε [G] [G].",
    "EXTENDED_DESCRIPTION": [
      "Δε μπορώ να παίξω αυτή την κάρτα."
    ]
  },
  "Tempest": {
    "NAME": "Θύελλα",
    "DESCRIPTION": "Διοχέτευσε X Κεραυνό. NL Εξάντληση.",
    "UPGRADE_DESCRIPTION": "Διοχέτευσε X+1 Κεραυνούς. NL Εξάντληση."
  },
  "Terror": {
    "NAME": "Τρόμος",
    "DESCRIPTION": "Εφάρμοσε 99 Ευάλωτος. NL Εξάντληση."
  },
  "The Bomb": {
    "NAME": "Η Βόμβα",
    "DESCRIPTION": "Κάνε !D! ζημιά σε όλους (Και στον ευατό σου). NL Εξάντληση."
  },
  "Thinking Ahead": {
    "NAME": "Σκέψου Μπροστά",
    "DESCRIPTION": "Τράβηξε 2 κάρτες. NL Βάλε μια κάρτα απ'το χέρι πάνω στη Στοίβας Τραβήγματος. NL Εξάντληση.",
    "UPGRADE_DESCRIPTION": "Τράβηξε 2 κάρτες. NL Βάλε μια κάρτα απ'το χέρι πάνω στη Στοίβας Τραβήγματος."
  },
  "Thunder Strike": {
    "NAME": "Χτύπημα Κεραυνού",
    "DESCRIPTION": "Κάνε !D! ζημιά σε ένα τυχαίο εχθρό για κάθε Κεραυνό που έχεις Διοχετεύσει στη μάχη.",
    "EXTENDED_DESCRIPTION": [
      " (Έχεις Διοχετεύσει !M! Κεραυνούς.)"
    ]
  },
  "Thunderclap": {
    "NAME": "Βροντή",
    "DESCRIPTION": "Κάνε !D! ζημιά και εφάρμοσε 1 Ευάλωτος σε όλους τους εχθρούς."
  },
  "Tools of the Trade": {
    "NAME": "Εργαλεία της Δουλειάς",
    "DESCRIPTION": "Στην αρχή του γύρου σου, Τράβηξε 1 κάρτα και Απέρριψε 1 κάρτα."
  },
  "Transmutation": {
    "NAME": "Μετατροπή",
    "DESCRIPTION": "Βάλε X τυχαίες άχρωμες κάρτες στο χέρι σου. NL Εξάντληση.",
    "UPGRADE_DESCRIPTION": "Βάλε X τυχαίες αναβαθμησμένες άχρωμες κάρτες στο χέρι σου. NL Εξάντληση."
  },
  "Trip": {
    "NAME": "Τρικλοποδιά",
    "DESCRIPTION": "Εφάρμοσε !M! Ευάλωτος.",
    "UPGRADE_DESCRIPTION": "Εφάρμοσε !M! Ευάλωτος σε όλους τους εχθρούς."
  },
  "True Grit": {
    "NAME": "Τσαγανό",
    "DESCRIPTION": "Πάρε !B! Μπλοκάρισμα. NL Εξάντλησε μια τυχαία κάρτα στο χέρι.",
    "UPGRADE_DESCRIPTION": "Πάρε !B! Μπλοκάρισμα. NL Εξάντλησε μια κάρτα στο χέρι."
  },
  "Turbo": {
    "NAME": "TURBO",
    "DESCRIPTION": "Πάρε [B] [B]. NL Βάλε ένα Κενό στη Στοίβα Απόρριψης.",
    "UPGRADE_DESCRIPTION": "Πάρε [B] [B] [B]. NL Βάλε ένα Κενό στη Στοίβα Απόρριψης."
  },
  "Twin Strike": {
    "NAME": "Δίδυμο Χτύπημα",
    "DESCRIPTION": "Κάνε !D! ζημιά 2 φορές."
  },
  "Underhanded Strike": {
    "NAME": "Ύπουλο Χτύπημα",
    "DESCRIPTION": "Κάνε !D! ζημιά. NL Αν Απέρριψες κάρτα αυτό το γύρο, NL Πάρε [G] [G].",
    "EXTENDED_DESCRIPTION": [
      "Δε μπορώ να παίξω αυτή την κάρτα."
    ]
  },
  "Undo": {
    "NAME": "Ισορροπία",
    "DESCRIPTION": "Πάρε !B! Μπλοκάρισμα. NL Κράτησε το χέρι σου αυτό το γύρο."
  },
  "Unload": {
    "NAME": "Ξεφόρτωμα",
    "DESCRIPTION": "Κάνε !D! ζημιά. NL Απέρριψε ΌΛΕΣ τις κάρτες που δεν είναι Επίθεση."
  },
  "Uppercut": {
    "NAME": "Γροθιά στο Σαγόνιαγόνι",
    "DESCRIPTION": "Κάνε !D! ζημιά. NL Εφάρμοσε !M! Αδύναμος. NL Εφάρμοσε !M! Ευάλωτος."
  },
  "Venomology": {
    "NAME": "Αλχημεία",
    "DESCRIPTION": "Απόκτησε ένα τυχαίο Φίλτρο. NL Εξάντληση."
  },
  "Void": {
    "NAME": "Κενό",
    "DESCRIPTION": "Δεν παίζεται. NL Όταν τραβήξεις αύτη την κάρτα, χάσε 1 Ενέργεια. NL Αιθέριο."
  },
  "Warcry": {
    "NAME": "Ιαχή Πολέμου",
    "DESCRIPTION": "Τράβηξε !M! κάρτα. NL Βάλε μια κάρτα απ'το χέρι πάνω στη Στοίβας Τραβήγματος. NL Εξάντληση.",
    "UPGRADE_DESCRIPTION": "Τράβηξε !M! κάρτες. NL Βάλε μια κάρτα απ'το χέρι πάνω στη Στοίβας Τραβήγματος. NL Εξάντληση."
  },
  "Well Laid Plans": {
    "NAME": "Καλοσχεδιασμένο Πλάνο",
    "DESCRIPTION": "Στο τέλος του γύρου, Κράτησε μέχρι !M! κάρτα.",
    "UPGRADE_DESCRIPTION": "Στο τέλος του γύρου, Κράτησε μέχρι !M! κάρτες."
  },
  "Whirlwind": {
    "NAME": "Ανεμοστρόβιλος",
    "DESCRIPTION": "Κάνε !D! ζημιά σε όλους τους εχθρούς X φορές."
  },
  "White Noise": {
    "NAME": "Θόρυβος",
    "DESCRIPTION": "Βάλε μια τυχαία Δύναμη στο χέρι. NL Κοστίζει 0 για το γύρο. NL Εξάντληση."
  },
  "Wild Strike": {
    "NAME": "Άγριο Χτύπημα",
    "DESCRIPTION": "Κάνε !D! ζημιά. NL Ανακάτεψε μια Πληγή στη Στοίβα Τραβήγματος."
  },
  "Wound": {
    "NAME": "Πληγή",
    "DESCRIPTION": "Δεν παίζεται."
  },
  "Wraith Form v2": {
    "NAME": "Πνευματική Μορφή",
    "DESCRIPTION": "Πάρε !M! Άυλος. NL Στο τέλος κάθε γύρου, χάσε 1 Δεξιότητα."
  },
  "Writhe": {
    "NAME": "Σφάχτης",
    "DESCRIPTION": "Δεν παίζεται. NL Έμφυτο."
  },
  "Zap": {
    "NAME": "Ζαπ",
    "DESCRIPTION": "Διοχέτευσε !M! Κεραυνό."
  },
  "Core Surge": {
    "NAME": "Υπερφόρτοση Πυρήνα",
    "DESCRIPTION": "Κάνε !D! ζημιά. NL Πάρε !M! Μαγική Ασπίδα. NL Εξάντληση."
  },
  "Compile Driver": {
    "NAME": "Σύνταξη Οδηγού",
    "DESCRIPTION": "Κάνε !D! ζημιά. NL Τράβηξε !M! κάρτα για κάθε διαφορετική Σφαίρα που έχεις."
  },
  "RitualDagger": {
    "NAME": "Τελετουργικό Στιλέτο",
    "DESCRIPTION": "Κάνε !D! ζημιά. Αν αυτό σκοτώσει έναν εχθρό, αύξησε μόνιμα τη ζημιά αυτής της κάρτας κατά !M!. Εξάντληση."
  },
  "Pride": {
    "NAME": "Υπερηφάνια",
    "DESCRIPTION": "Έμφυτο. NL Εξάντληση. NL Στο τέλος του γύρου, βάλε ένα αντίγραφο πάνω στη Στοίβα Τραβήγματος."
  },
  "PanicButton": {
    "NAME": "Κουμπί Πανικού",
    "DESCRIPTION": "Πάρε !B! Μπλοκάρισμα. Δεν μπορείς να ξαναπάρεις Μπλοκάρισμα για !M! γύρους. NL Εξάντληση."
  },
  "Chrysalis": {
    "NAME": "Χρυσαλλίδα",
    "DESCRIPTION": "Βάλε !M! τυχαίες Ικανότητες στη Στοίβα Τραβήγματος. Κοστίζουν 0 για τη μάχη. NL Εξάντληση."
  },
  "Metamorphosis": {
    "NAME": "Μεταμόρφωση",
    "DESCRIPTION": "Βάλε !M! τυχαίες Επιθέσεις στη Στοίβα Τραβήγματος. Κοστίζουν 0 για τη μάχη. NL Εξάντληση."
  },
  "Mayhem": {
    "NAME": "Πανδαιμόνιο",
    "DESCRIPTION": "Στην αρχή του γύρου, παίξε την πρώτη κάρτα στη στοίβα Τραβήγματος."
  },
  "Shame": {
    "NAME": "Ντροπή",
    "DESCRIPTION": "Δεν παίζεται. NL Στο τέλος του γύρου, πάρε 1 Ευπαθής."
  },
  "HandOfGreed": {
    "NAME": "Άπληστο Χέρι",
    "DESCRIPTION": "Κάνε !D! ζημιά. NL Αν σκοτώσεις εχθρό που δεν είναι τσιράκι, πάρε !M! Χρυσό."
  },
  "Violence": {
    "NAME": "Βια",
    "DESCRIPTION": "Βάλε !M! τυχαίες κάρτες Επίθεσης απ'τη Στοίβα Τραβήγματος και βάλ'τη στο χέρι."
  },
  "Impatience": {
    "NAME": "Aνυπόμονος",
    "DESCRIPTION": "Αν δεν έχεις κάρτα Επίθεσης στο χέρι σου , τραβάς !M! κάρτες."
  },
  "Forethought": {
    "NAME": "Μελέτη",
    "DESCRIPTION": "Βάλε μια κάρτα απ΄το χέρι σου στο τέλος της Στοίβας Τραβήγματος σου. NL Κοστίζει 0 μέχρι να παιχτεί.",
    "UPGRADE_DESCRIPTION": "Βάλε οποιονδήποτε αριθμό καρτών απ΄το χέρι σου στο τέλος της Στοίβας Τραβήγματος σου. NL Κοστίζει 0 μέχρι να παιχτεί."
  },
  "Discovery": {
    "NAME": "Aνακάλυψη",
    "DESCRIPTION": "Διάλεξε 1 από τις 3 τυχαίες κάρτεs για να βάλεις στο χέρι σου. Κοστίζει 0 για αυτόν το γύρο. NL Εξάντληση.",
    "UPGRADE_DESCRIPTION": "Διάλεξε 1 από τις 3 τυχαίες κάρτεs για να βάλεις στο χέρι σου. Κοστίζει 0 για αυτόν το γύρο."
  },
  "SpiritShield": {
    "NAME": "Spirit Shield",
    "DESCRIPTION": "Gain !M! Block for each card in your hand.",
    "EXTENDED_DESCRIPTION": [
      " NL (Gain !B! Block.)"
    ]
  },
  "BrillianceAura": {
    "NAME": "DEPRECATED Brilliance Aura",
    "DESCRIPTION": "Exhaust. NL At the start of your turn, draw 1 card. NL Retains."
  },
  "Wrath": {
    "NAME": "Wrath",
    "DESCRIPTION": "Deal and receive double attack damage."
  },
  "Polymath": {
    "NAME": "DEPRECATED Polymath",
    "DESCRIPTION": "Enter Calm or Wrath. NL Exhaust."
  },
  "Tantrum": {
    "NAME": "Tantrum",
    "DESCRIPTION": "Deal !D! damage. NL Enter Wrath. NL You cannot leave Wrath for the remainder of the turn."
  },
  "Adaptation": {
    "NAME": "Adaptation",
    "DESCRIPTION": "Whenever you switch Stances, draw !M! card.",
    "UPGRADE_DESCRIPTION": "Innate. NL Whenever you switch Stances, draw !M! card."
  },
  "Causality": {
    "NAME": "Causality",
    "DESCRIPTION": "Draw cards until your hand is full. NL Exhaust.",
    "UPGRADE_DESCRIPTION": "Draw cards until your hand is full. NL Retains. NL Exhaust."
  },
  "Devotion": {
    "NAME": "Devotion",
    "DESCRIPTION": "At the start of your turn, gain !M! Mantra."
  },
  "EmptyFist": {
    "NAME": "Empty Fist",
    "DESCRIPTION": "Deal !D! damage. NL Exit your Stance."
  },
  "Wisdom": {
    "NAME": "Wisdom",
    "DESCRIPTION": "Draw !M! cards. NL Retains. NL Exhaust."
  },
  "Retribution": {
    "NAME": "DEPRECATED Retribution",
    "DESCRIPTION": "Whenever you lose HP, gain !M! Vigor."
  },
  "FlowState": {
    "NAME": "Flow State",
    "DESCRIPTION": "Wrath: Enter Calm. NL Calm: Enter Wrath. NL Exhaust.",
    "UPGRADE_DESCRIPTION": "Wrath: Enter Calm. NL Calm: Enter Wrath."
  },
  "Swivel": {
    "NAME": "Swivel",
    "DESCRIPTION": "Gain !B! Block. NL The next Attack you play costs 0."
  },
  "Wish": {
    "NAME": "Wish",
    "DESCRIPTION": "Choose a card in your draw pile. NL Play the chosen card twice and exhaust it. NL Exhaust.",
    "UPGRADE_DESCRIPTION": "Choose a card in your draw pile. NL Play the chosen card three times and exhaust it. NL Exhaust."
  },
  "FuryAura": {
    "NAME": "DEPRECATED Fury Aura",
    "DESCRIPTION": "Gain !M! temporary Strength. NL At the start of your turn, gain 1 temporary Strength. Retains."
  },
  "DeusExMachina": {
    "NAME": "Deus Ex Machina",
    "DESCRIPTION": "Unplayable. NL When you draw this card, add !M! *Miracles to your hand and Exhaust."
  },
  "ThroughViolence": {
    "NAME": "Through Violence",
    "DESCRIPTION": "Deal !D! damage. NL Exhaust."
  },
  "Metaphysics": {
    "NAME": "Metaphysics",
    "DESCRIPTION": "Shuffle a *Causality into your draw pile. NL Exhaust.",
    "UPGRADE_DESCRIPTION": "Shuffle an Upgraded *Causality into your draw pile. NL Exhaust."
  },
  "Clarity": {
    "NAME": "Clarity",
    "DESCRIPTION": "Look at the top !M! cards of your deck. Add 1 to your hand. NL Exhaust the other.",
    "UPGRADE_DESCRIPTION": "Look at the top !M! cards of your deck. Add 1 to your hand. NL Exhaust the rest."
  },
  "WreathOfFlame": {
    "NAME": "Wreath of Flame",
    "DESCRIPTION": "Your next Attack deals !M! additional damage."
  },
  "Flicker": {
    "NAME": "DEPRECATED Flicker",
    "DESCRIPTION": "Deal !D! damage. If this kills the enemy, return this card to your hand."
  },
  "Alpha": {
    "NAME": "Alpha",
    "DESCRIPTION": "Shuffle a *Beta into your draw pile. NL Exhaust.",
    "UPGRADE_DESCRIPTION": "Innate. NL Shuffle a *Beta into your draw pile. NL Exhaust."
  },
  "FollowUp": {
    "NAME": "Follow-Up",
    "DESCRIPTION": "Deal !D! damage. NL If the previous card played was an Attack, gain [W]."
  },
  "Vault": {
    "NAME": "Vault",
    "DESCRIPTION": "Gain 1 Intangible and end your turn. NL At the start of your next turn, deal !D! damage. Exhaust."
  },
  "Windup": {
    "NAME": "DEPRECATED Windup",
    "DESCRIPTION": "Deal !D! damage. NL Gain !M! Vigor."
  },
  "Wallop": {
    "NAME": "Wallop",
    "DESCRIPTION": "Deal !D! damage. NL Gain Block equal to unblocked damage dealt."
  },
  "Consecrate": {
    "NAME": "Consecrate",
    "DESCRIPTION": "Deal !D! damage to ALL enemies."
  },
  "Conclude": {
    "NAME": "Conclude",
    "DESCRIPTION": "Deal !D! damage to ALL enemies. NL End your turn."
  },
  "MasterReality": {
    "NAME": "Master Reality",
    "DESCRIPTION": "Choose NL *Smite or *Safety. NL At the start of each turn add the chosen card to your hand."
  },
  "CleanseEvil": {
    "NAME": "Cleanse Evil",
    "DESCRIPTION": "Add X *Smites to your hand.",
    "UPGRADE_DESCRIPTION": "Add X Upgraded *Smites to your hand."
  },
  "WindmillStrike": {
    "NAME": "Windmill Strike",
    "DESCRIPTION": "Deal !D! damage. NL Whenever this card is Retained, increase its damage by !M!. NL Retains."
  },
  "Shield": {
    "NAME": "DEPRECATED Shield",
    "DESCRIPTION": "Gain !B! Block. NL Retains. NL Exhaust."
  },
  "LessonLearned": {
    "NAME": "Lesson Learned",
    "DESCRIPTION": "Deal !D! damage. NL If this kills an enemy, Upgrade a random card in your deck. Exhaust."
  },
  "Calm": {
    "NAME": "Calm",
    "DESCRIPTION": "Upon exiting Calm, gain [W] [W]."
  },
  "ThirdEye": {
    "NAME": "Third Eye",
    "DESCRIPTION": "Gain !B! Block. NL Scry !M!."
  },
  "Survey": {
    "NAME": "DEPRECATED Survey",
    "DESCRIPTION": "Gain !B! Block. NL Gain !M! Vigor."
  },
  "FlyingSleeves": {
    "NAME": "Flying Sleeves",
    "DESCRIPTION": "Deal !D! damage twice. NL Retains."
  },
  "Wireheading": {
    "NAME": "Wireheading",
    "DESCRIPTION": "At the end of your turn, Scry !M!.",
    "UPGRADE_DESCRIPTION": "Innate. NL At the end of your turn, Scry !M!."
  },
  "Sanctity": {
    "NAME": "Sanctity",
    "DESCRIPTION": "Gain !B! Block. NL If the previous card played was a Skill, draw !M! card."
  },
  "WardAura": {
    "NAME": "DEPRECATED Ward Aura",
    "DESCRIPTION": "Gain !B! Block. NL At the start of your turn, gain !M! Block. NL Retains."
  },
  "Mastery": {
    "NAME": "Mastery",
    "DESCRIPTION": "Whenever you attempt to switch Stances to your current Stance, gain [B]."
  },
  "Beta": {
    "NAME": "Beta",
    "DESCRIPTION": "Add an *Omega to the bottom of your draw pile. NL Exhaust.",
    "UPGRADE_DESCRIPTION": "Add an Upgraded *Omega to the bottom of your draw pile. NL Exhaust."
  },
  "FearNoEvil": {
    "NAME": "Fear No Evil",
    "DESCRIPTION": "Deal !D! damage. NL If the enemy intends to Attack, enter Calm."
  },
  "Perseverance": {
    "NAME": "Perseverance",
    "DESCRIPTION": "Gain !B! Block. NL Whenever this card is Retained, increase its Block by !M!. NL Retains."
  },
  "Ragnarok": {
    "NAME": "Ragnarok",
    "DESCRIPTION": "Deal !D! damage to a random enemy !M! times."
  },
  "AwakenedStrike": {
    "NAME": "DEPRECATED Awakened Strike",
    "DESCRIPTION": "Deal !D! damage."
  },
  "Blessed": {
    "NAME": "DEPRECATED Blessed",
    "DESCRIPTION": "Shuffle !M! *Miracles into your draw pile. NL Exhaust.",
    "UPGRADE_DESCRIPTION": "Shuffle !M! Upgraded *Miracles into your draw pile. NL Exhaust."
  },
  "Eruption": {
    "NAME": "Eruption",
    "DESCRIPTION": "Deal !D! damage. NL Enter Wrath."
  },
  "LetFateDecide": {
    "NAME": "DEPRECATED Let Fate Decide",
    "DESCRIPTION": "Play the top X cards of your draw pile. If X is 3 or more, Retain X cards."
  },
  "CutThroughFate": {
    "NAME": "Cut Through Fate",
    "DESCRIPTION": "Deal !D! damage. NL Scry !M!. NL Draw 1 card."
  },
  "WaveOfTheHand": {
    "NAME": "Wave of the Hand",
    "DESCRIPTION": "Calm: Apply !M! Weak. NL Wrath: Apply !M! Vulnerable."
  },
  "Vigilance": {
    "NAME": "Vigilance",
    "DESCRIPTION": "Enter Calm. NL Draw !M! cards.",
    "UPGRADE_DESCRIPTION": "Enter Calm. NL Draw !M! cards."
  },
  "PathToVictory": {
    "NAME": "Path to Victory",
    "DESCRIPTION": "Draw a card and reduce its cost to 0 this turn. NL Exhaust.",
    "UPGRADE_DESCRIPTION": "Draw a card and reduce its cost to 0 this turn."
  },
  "Evaluate": {
    "NAME": "Evaluate",
    "DESCRIPTION": "Gain !B! Block. NL Shuffle 1 *Insight into your draw pile.",
    "UPGRADE_DESCRIPTION": "Gain !B! Block. NL Shuffle 1 Upgraded *Insight into your draw pile."
  },
  "Establishment": {
    "NAME": "Establishment",
    "DESCRIPTION": "Whenever a card is Retained, lower its cost by !M!.",
    "UPGRADE_DESCRIPTION": "Innate. NL Whenever a card is Retained, lower its cost by !M!."
  },
  "Collect": {
    "NAME": "Collect",
    "DESCRIPTION": "Gain [W] [W] at the start of your next X turns. NL Exhaust.",
    "UPGRADE_DESCRIPTION": "Gain [W] [W] at the start of your next X+1 turns. NL Exhaust."
  },
  "Experienced": {
    "NAME": "DEPRECATED Experienced",
    "DESCRIPTION": "Gain !B! Block for each Upgraded card in your hand."
  },
  "PerfectedForm": {
    "NAME": "DEPRECATED Perfected Form",
    "DESCRIPTION": "If you have entered all basic Stances this turn, enter Divinity. NL Exhaust.",
    "UPGRADE_DESCRIPTION": "If you have entered all basic Stances this turn, enter Divinity."
  },
  "JustLucky": {
    "NAME": "Just Lucky",
    "DESCRIPTION": "Scry !M!. NL Gain !B! Block. NL Deal !D! damage."
  },
  "Torrent": {
    "NAME": "DEPRECATED Torrent",
    "DESCRIPTION": "Deal !D! damage to ALL enemies !M! times. NL Exhaust."
  },
  "Peace": {
    "NAME": "Peace",
    "DESCRIPTION": "ALL enemies lose !M! Strength this turn. NL Retains. NL Exhaust."
  },
  "PalmThatRestrains": {
    "NAME": "DEPRECATED Restraining Palm",
    "DESCRIPTION": "Deal !D! damage. NL Apply !M! Weak."
  },
  "Protect": {
    "NAME": "Protect",
    "DESCRIPTION": "Gain !B! Block. NL Retains."
  },
  "Worship": {
    "NAME": "Worship",
    "DESCRIPTION": "Gain !M! Mantra.",
    "UPGRADE_DESCRIPTION": "Innate. NL Gain !M! Mantra."
  },
  "EmptyMind": {
    "NAME": "Empty Mind",
    "DESCRIPTION": "Exit your Stance. NL Draw !M! cards.",
    "UPGRADE_DESCRIPTION": "Exit your Stance. NL Draw !M! cards."
  },
  "Miracle": {
    "NAME": "Miracle",
    "DESCRIPTION": "Gain [W]. NL Retains. NL Exhaust.",
    "UPGRADE_DESCRIPTION": "Gain [W] [W]. NL Retains. NL Exhaust."
  },
  "DevaForm": {
    "NAME": "Deva Form",
    "DESCRIPTION": "Gain !M! Plated Armor.",
    "UPGRADE_DESCRIPTION": "At the start of turn, gain [W] and increase this gain by !M!."
  },
  "TalkToTheHand": {
    "NAME": "Talk to the Hand",
    "DESCRIPTION": "Deal !D! damage. NL Whenever this enemy takes damage, gain !M! Block. NL Exhaust."
  },
  "Strike_P": {
    "NAME": "Strike",
    "DESCRIPTION": "Deal !D! damage."
  },
  "Meditate": {
    "NAME": "Meditate",
    "DESCRIPTION": "Exhaust up to !M! cards. NL Enter Calm.",
    "UPGRADE_DESCRIPTION": "Exhaust up to !M! cards. NL Enter Calm."
  },
  "Nirvana": {
    "NAME": "Nirvana",
    "DESCRIPTION": "Whenever you play a card, Upgrade it for the rest of combat.",
    "UPGRADE_DESCRIPTION": "Innate. NL Whenever you play a card, Upgrade it for the rest of combat."
  },
  "DeceiveReality": {
    "NAME": "Deceive Reality",
    "DESCRIPTION": "Gain !B! Block. NL Choose NL *Safety or *Wisdom. NL Add the chosen card to your hand.",
    "UPGRADE_DESCRIPTION": "Gain !B! Block. NL Choose Upgraded NL *Safety or *Wisdom. NL Add the chosen card to your hand."
  },
  "RetreatingHand": {
    "NAME": "DEPRECATED Retreating Hand",
    "DESCRIPTION": "Ethereal. NL Gain !B! Block. If the previous card played was an Attack, return this card to your hand.",
    "UPGRADE_DESCRIPTION": "Gain !B! Block. If the previous card played was an Attack, return this card to your hand."
  },
  "Halt": {
    "NAME": "Halt",
    "DESCRIPTION": "Gain !B! Block. NL Wrath: Gain !M! additional Block."
  },
  "CurseOfTheBell": {
    "NAME": "Curse of the Bell",
    "DESCRIPTION": "Unplayable. NL Cannot be removed from your deck."
  },
  "Brilliance": {
    "NAME": "Brilliance",
    "DESCRIPTION": "Gain [W] for each turn this card is Retained. NL Retains. NL Exhaust.",
    "EXTENDED_DESCRIPTION": [
      " NL (Retained !M! turns.)",
      " NL (Entered !M! Stances.)"
    ]
  },
  "ClearTheMind": {
    "NAME": "Clear the Mind",
    "DESCRIPTION": "Enter Calm. NL Exhaust."
  },
  "Safety": {
    "NAME": "Safety",
    "DESCRIPTION": "Gain !B! Block. NL Retains. NL Exhaust."
  },
  "Scrawl": {
    "NAME": "Scrawl",
    "DESCRIPTION": "Draw !M! cards. NL You cannot play Skills for the rest of this turn.",
    "UPGRADE_DESCRIPTION": "Draw !M! cards. NL You cannot play Skills for the rest of this turn."
  },
  "Prostrate": {
    "NAME": "Prostrate",
    "DESCRIPTION": "Gain !M! Mantra. NL Gain 1 Vulnerable. NL Add an *Insight into your discard pile.",
    "UPGRADE_DESCRIPTION": "Gain !M! Mantra. NL Gain 1 Vulnerable. NL Add an *Insight into your discard pile."
  },
  "Pray": {
    "NAME": "Pray",
    "DESCRIPTION": "Gain !M! Mantra. NL Shuffle a *Miracle into your draw pile.",
    "UPGRADE_DESCRIPTION": "Gain !M! Mantra. NL Shuffle an Upgraded *Miracle into your draw pile."
  },
  "BigBrain": {
    "NAME": "DEPRECATED Big Brain",
    "DESCRIPTION": "Draw 1 card. NL Retains. NL Exhaust.",
    "UPGRADE_DESCRIPTION": "Draw 1 card. NL Retains."
  },
  "ForeignInfluence": {
    "NAME": "Foreign Influence",
    "DESCRIPTION": "Choose 1 of 3 Attacks to add to your hand. These cards can be of any color. NL Exhaust.",
    "UPGRADE_DESCRIPTION": "Choose 1 of 3 Upgraded Attacks to add to your hand. These cards can be of any color. Exhaust."
  },
  "SignatureMove": {
    "NAME": "Signature Move",
    "DESCRIPTION": "Can only be played if this is your only Attack. Deal !D! damage."
  },
  "SublimeSlice": {
    "NAME": "DEPRECATED Sublime Slice",
    "DESCRIPTION": "Deal !D! damage. NL Enter a random Stance."
  },
  "ReachHeaven": {
    "NAME": "Reach Heaven",
    "DESCRIPTION": "Deal !D! damage. NL Shuffle a NL *Through *Violence into your draw pile.",
    "UPGRADE_DESCRIPTION": "Deal !D! damage. NL Shuffle an Upgraded *Through *Violence into your draw pile."
  },
  "Insight": {
    "NAME": "Insight",
    "DESCRIPTION": "Draw !M! cards. NL Retains. NL Exhaust.",
    "UPGRADE_DESCRIPTION": "Draw !M! cards. NL Retains. NL Exhaust."
  },
  "BattleHymn": {
    "NAME": "Battle Hymn",
    "DESCRIPTION": "The first card you draw each turn has its cost reduced by !M! for the turn.",
    "UPGRADE_DESCRIPTION": "At the start of each turn add !M! *Smites into your hand."
  },
  "SoothingAura": {
    "NAME": "DEPRECATED Soothing Aura",
    "DESCRIPTION": "Apply !M! Weak. NL At the start of your turn, apply 1 Weak to a random enemy. NL Retains."
  },
  "BowlingBash": {
    "NAME": "Bowling Bash",
    "DESCRIPTION": "Deal !D! damage for each enemy in combat."
  },
  "Truth": {
    "NAME": "Truth",
    "DESCRIPTION": "Deal !D! damage. NL Draw !M! card. NL Retains. NL Exhaust.",
    "UPGRADE_DESCRIPTION": "Deal !D! damage. NL Draw !M! cards. NL Retains. NL Exhaust."
  },
  "Punishment": {
    "NAME": "DEPRECATED Punishment",
    "DESCRIPTION": "Enter Punishment Stance."
  },
  "Smite": {
    "NAME": "Smite",
    "DESCRIPTION": "Deal !D! damage. NL Retains. NL Exhaust."
  },
  "Omniscience": {
    "NAME": "Omniscience",
    "DESCRIPTION": "Scry your draw pile. NL Exhaust.",
    "UPGRADE_DESCRIPTION": "Scry your draw pile."
  },
  "Omega": {
    "NAME": "Omega",
    "DESCRIPTION": "At the start of your turn deal !M! damage to ALL enemies."
  },
  "Serenity": {
    "NAME": "Serenity",
    "DESCRIPTION": "While you are in Calm, HP loss is reduced by !M!."
  },
  "Judgement": {
    "NAME": "Judgement",
    "DESCRIPTION": "If the enemy has !M! or less HP, set their NL HP to 0.",
    "EXTENDED_DESCRIPTION": [
      "JUDGED"
    ]
  },
  "MentalFortress": {
    "NAME": "Mental Fortress",
    "DESCRIPTION": "Whenever you switch Stances, gain !M! Block."
  },
  "EmptyBody": {
    "NAME": "Empty Body",
    "DESCRIPTION": "Gain !B! Block. NL Exit your Stance."
  },
  "Crescendo": {
    "NAME": "Crescendo",
    "DESCRIPTION": "Enter Wrath. NL Retains. NL Exhaust."
  },
  "SandsOfTime": {
    "NAME": "Sands of Time",
    "DESCRIPTION": "Deal !D! damage. NL Whenever this card is Retained, lower its cost by 1. NL Retains."
  },
  "Blasphemy": {
    "NAME": "Blasphemy",
    "DESCRIPTION": "Enter Divinity. NL Die next turn.",
    "UPGRADE_DESCRIPTION": "Retain. NL Enter Divinity. NL Die next turn. NL Exhaust."
  },
  "Transcendence": {
    "NAME": "Transcendence",
    "DESCRIPTION": "Upgrade all cards that Retain in your hand."
  },
  "Flare": {
    "NAME": "DEPRECATED Flare",
    "DESCRIPTION": "Deal !D! damage to ALL enemies. NL Wrath: Gain [W] [W] ."
  },
  "Unraveling": {
    "NAME": "Unraveling",
    "DESCRIPTION": "Play all of the cards in your hand from left to right. Targets are chosen randomly. NL Exhaust."
  },
  "Weave": {
    "NAME": "Weave",
    "DESCRIPTION": "Deal !D! damage. NL Add this card to your hand when it would be discarded from your draw pile."
  },
  "CrushJoints": {
    "NAME": "Crush Joints",
    "DESCRIPTION": "Deal !D! damage. NL If the previous card played was a Skill, apply !M! Vulnerable."
  },
  "Vengeance": {
    "NAME": "Vengeance",
    "DESCRIPTION": "If your HP is less than it was last turn, enter Wrath."
  },
  "CarveReality": {
    "NAME": "Carve Reality",
    "DESCRIPTION": "Deal !D! damage. NL Choose NL *Smite or *Truth. NL Add the chosen card to your hand.",
    "UPGRADE_DESCRIPTION": "Deal !D! damage. NL Choose Upgraded NL *Smite or *Truth. NL Add the chosen card to your hand."
  },
  "Defend_P": {
    "NAME": "Defend",
    "DESCRIPTION": "Gain !B! Block."
  },
  "CrescentKick": {
    "NAME": "DEPRECATED Crescent Kick",
    "DESCRIPTION": "Deal !D! damage. NL If you have Vigor, NL gain [W] and NL draw 1 card."
  },
  "Thwack": {
    "NAME": "DEPRECATED Thwack",
    "DESCRIPTION": "Deal !D! damage."
  },
  "Fasting": {
    "NAME": "Fasting",
    "DESCRIPTION": "Gain !M! Artifact."
  },
  "Swipe": {
    "NAME": "DEPRECATED Swipe",
    "DESCRIPTION": "Deal !D! damage. Deal half this damage to all other enemies."
  },
  "InnerPeace": {
    "NAME": "Inner Peace",
    "DESCRIPTION": "Enter Calm. NL End your turn."
  },
  "StepAndStrike": {
    "NAME": "Step and Strike",
    "DESCRIPTION": "Costs 1 less per switched Stance this turn. NL Gain !B! Block. NL Deal !D! damage."
  },
  "Prediction": {
    "NAME": "DEPRECATED Prediction",
    "DESCRIPTION": "Gain !B! Block at the start of your next turn."
  },
  "Flow": {
    "NAME": "DEPRECATED Flow",
    "DESCRIPTION": "When you play an Attack, gain 1 temporary Dexterity. When you play a Skill, gain 1 temporary Strength."
  },
  "FlameMastery": {
    "NAME": "DEPRECATED Flame Mastery",
    "DESCRIPTION": "Gain !M! Strength."
  },
  "FlurryOfBlows": {
    "NAME": "Flurry Of Blows",
    "DESCRIPTION": "Deal !D! damage !M! times. NL On Stance change, returns from the Exhaust Pile to your Hand. Exhaust."
  },
  "SashWhip": {
    "NAME": "Sash Whip",
    "DESCRIPTION": "Deal !D! damage. NL If the previous card played was an Attack, apply !M! Weak."
  },
  "WheelKick": {
    "NAME": "Wheel Kick",
    "DESCRIPTION": "Deal !D! damage. NL Draw !M! cards.",
    "UPGRADE_DESCRIPTION": "Deal !D! damage. NL Draw !M! cards."
  },
  "Indignation": {
    "NAME": "Indignation",
    "DESCRIPTION": "If you are in Wrath, apply !M! Vulnerable to ALL enemies, otherwise enter Wrath."
  },
  "BecomeAlmighty": {
    "NAME": "Become Almighty",
    "DESCRIPTION": "Gain !M! Strength."
  },
  "FameAndFortune": {
    "NAME": "Fame and Fortune",
    "DESCRIPTION": "Gain !M! Gold."
  },
  "LiveForever": {
    "NAME": "Live Forever",
    "DESCRIPTION": "At the end of your turn, gain !M! Plated Armor."
  },
  "Expunger": {
    "NAME": "Expunger",
    "DESCRIPTION": "Deal !D! damage X times.",
    "UPGRADE_DESCRIPTION": "Deal !D! damage X+1 times.",
    "EXTENDED_DESCRIPTION": [
      "Deal !D! damage !M! times.",
      "Deal !D! damage !M! time."
    ]
  },
  "ConjureBlade": {
    "NAME": "Conjure Blade",
    "DESCRIPTION": "Shuffle an *Expunger into your draw pile. NL Exhaust.",
    "UPGRADE_DESCRIPTION": "Shuffle an Upgraded *Expunger into your draw pile. NL Exhaust."
  },
  "WaveOfTheHand2": {
    "NAME": "Wave of the Hand A",
    "DESCRIPTION": "Whenever you gain change Stances this turn, apply !M! Weak and !M! Vulnerable to ALL enemies."
  },
  "Fasting2": {
    "NAME": "Fasting B",
    "DESCRIPTION": "Gain !M! Strength. NL Gain !M! Dexterity. NL Gain 1 less [W] at the start of each turn."
  },
  "Discipline": {
    "NAME": "Discipilne",
    "DESCRIPTION": "If you end your turn with unused [W] , draw that many additional cards next turn."
  },
  "Flick": {
    "NAME": "Flick",
    "DESCRIPTION": "Deal !D! damage. NL If an enemy is *Flicked 3 times, they take !M! damage."
  },
  "LikeWater": {
    "NAME": "LikeWater",
    "DESCRIPTION": "At the end of your turn, if you are in Calm, gain !M! Block."
  },
  "Study": {
    "NAME": "Study",
    "DESCRIPTION": "At the end of your turn, shuffle an *Insight into your draw pile."
  }
}