{
  "Dark": {
    "NAME": "Σκότος",
    "DESCRIPTION": [
      "#yΠαθητικό: Στο τέλος του γύρου, η ζημιά αυτής της Σφαίρας αυξάνει κατά #b",
      ". NL #yΕπίκληση: Κάνε #b",
      " ζημιά στον εχθρό με τους λιγότερους ΒΥ."
    ]
  },
  "Empty": {
    "NAME": "Θέση Σφαίρας",
    "DESCRIPTION": [
      "Σφαίρες μπορούν να διοχετευθούν σε αυτές τις θέσεις."
    ]
  },
  "Frost": {
    "NAME": "Πάγος",
    "DESCRIPTION": [
      "#rΠαθητικό: Στο τέλος του γύρου, πάρε #b",
      " #Μπλοκάρισμα. NL #yΕπίκληση: Πάρε #b",
      " #yΜπλοκάρισμα."
    ]
  },
  "Lightning": {
    "NAME": "Κεραυνός",
    "DESCRIPTION": [
      "#rΠαθητικό: Στο τέλος του γύρου, κάνε #b",
      " ζημιά σε ένα τυχαίο εχθρό. NL #yΕπίκληση: Κάνε #b",
      " ζημιά σε ένα τυχαίο εχθρό."
    ]
  },
  "Plasma": {
    "NAME": "Πλάσμα",
    "DESCRIPTION": [
      "#rΠαθητικό: Στην αρχή του γύρου, Πάρε [B] . NL #yΕπίκληση: Πάρε #b",
      " [B] . NL Το Πλάσμα δεν επηρεάζεται από τη #yΣυγκέντρωση."
    ]
  }
}