{
  "Allstar": {
    "NAME": "Αστέρας",
    "DESCRIPTION": "Ξεκίνα με 5 άχρωμες κάρτες."
  },
  "Binary": {
    "NAME": "Δυαδικός",
    "DESCRIPTION": "Οι ανταμοιβές Κάρτας περιέχουν μόνο 2 κάρτες."
  },
  "Brewmaster": {
    "NAME": "Μάστορας Απόσταξης",
    "DESCRIPTION": "Ξεκίνα με 5 αντίγραφα Αλχημισμού και το Άγαλμα Λευκού Κτήνους."
  },
  "Cursed Run": {
    "NAME": "Καταραμένη Προσπάθεια",
    "DESCRIPTION": "Όποτε κερδίζεις έναν Αρχηγό, γίνεσαι Καταραμένος. Το αρχικό σου κειμήλιο αντικαθίσταται από το Καταραμένο Κλειδί, το Περιδέραιο της Μαύρης Πέτρας και την Κούκλα Ντου-Βου."
  },
  "Diverse": {
    "NAME": "Ποικιλόμορφος",
    "DESCRIPTION": "Οι κάρτες δεν περιορίζονται από τον χαρακτήρα σου."
  },
  "Draft": {
    "NAME": "Προσχέδιο",
    "DESCRIPTION": "Φτιάξε τη δική σου τράπουλα από αρχικές κάρτες."
  },
  "Elite Swarm": {
    "NAME": "Κυνηγός Μεγάλων Θηραμάτων",
    "DESCRIPTION": "Τα Ελίτ κατακλείζουν τον Πύργο και δίνουν καλύτερες ανταμοιβές."
  },
  "Heirloom": {
    "NAME": "Κληρονομιά",
    "DESCRIPTION": "Ξεκίνα με ένα Σπάνιο Κειμήλιο."
  },
  "Hoarder": {
    "NAME": "Μανιακός Συλλέκτης",
    "DESCRIPTION": "Όποτε βάζεις κάρτα στην τράπουλα, βάλε 2 επιπλέον αντίγραφα. Δεν μπορείς να αφαιρέσεις κάρτες στον Έμπορο."
  },
  "Insanity": {
    "NAME": "Τρέλα",
    "DESCRIPTION": "Ξεκίνα με τυχαία τράπουλα 50 καρτών."
  },
  "Lethality": {
    "NAME": "Θανατηφορος",
    "DESCRIPTION": "Ξεκίνα κάθε μάχη με +3 Δύναμη. Όλοι οι εχθροί ξεκινούν με +3 Δύναμη."
  },
  "Midas": {
    "NAME": "Μήδας",
    "DESCRIPTION": "Οι εχθροί πετούν 200% περισσότερο χρυσό, αλλά δεν μπορείς να αναβαθμίσεις κάρτες στις Εστίες Ξεκούρασης."
  },
  "Night Terrors": {
    "NAME": "Νυχτερινοί Εφιάλτες",
    "DESCRIPTION": "Η ξεκούραση σε Εστίες Ξεκούρασης γιατρεύουν 100% των ΒΥ, αλλά κοστίζει 5 μέγιστους ΒΥ."
  },
  "Shiny": {
    "NAME": "Λαμπερό",
    "DESCRIPTION": "Η αρχική τράπουλα αντικαθίσταται από 1 από κάθε Σπάνια Κάρτα."
  },
  "Specialized": {
    "NAME": "Εξειδικευμένος",
    "DESCRIPTION": "Ξεκίνα με 5 αντίγραφα μιας Σπάνιας Κάρτας."
  },
  "Terminal": {
    "NAME": "Τερματικό",
    "DESCRIPTION": "Όποτε μπαίνεις σε νέο δωμάτιο, χάσε 1 μέγιστο ΒΥ. Ξεκίνα κάθε μάχη με 5 Επιστρωμένη Πανοπλία."
  },
  "Time Dilation": {
    "NAME": "Χρονική Διαστολή",
    "DESCRIPTION": "Όλοι οι εχθροί ξεκινούν με την Αρνητική Επίδραση Αργός."
  },
  "Uncertain Future": {
    "NAME": "Αβέβαιο Μέλλον",
    "DESCRIPTION": "Ο Χάρτης έχει μόνο ένα μονοπάτι."
  },
  "Vintage": {
    "NAME": "Αντικέ",
    "DESCRIPTION": "Οι κοινοί εχθροί δίνουν Κειμήλια αντί για κάρτες."
  },
  "Endless": {
    "NAME": "Άπειρο",
    "DESCRIPTION": "Αν κερδίσεις επιστρέφεις στην 1η Πράξη με την ίδια τράπουλα. Αλλά πρόσεχε, η καπνιά στο τέλος καταβροχθίζει τα πάντα..."
  },
  "One Hit Wonder": {
    "NAME": "Θαύμα ενός χτυπήματος",
    "DESCRIPTION": "Ξεκίνα το παιχνίδι με 1 μέγιστο ΒΥ."
  },
  "Starter Deck": {
    "NAME": "Αρχική Τράπουλα",
    "DESCRIPTION": "Ξεκίνα το παιχνίδι με τη σπασμένη κορόνα και το δυαδικό, οπότε οι εχθροί δεν δίνουν κάρτες."
  },
  "Praise Snecko": {
    "NAME": "Ύμνος στο Σαυρόφιδο",
    "DESCRIPTION": "Αντικατέστησε το αρχικό κειμήλιο με το Μάτι του Σαυρόφιδου."
  },
  "Inception": {
    "NAME": "Σύλληψη",
    "DESCRIPTION": "Αντικατέστησε το αρχικό κειμήλιο με την Ασταμάτητη Σβούρα."
  },
  "My True Form": {
    "NAME": "Η Πραγματική Μορφή",
    "DESCRIPTION": "Ξεκίνα με ένα αντίγραφο της Δαιμονικής μορφής, της Πνευματικής Μορφής και της Μορφής Ηχούς."
  },
  "Blight Chests": {
    "NAME": "Μαραμένα Σεντούκια",
    "DESCRIPTION": "Τα σεντούκια των αρχηγών περιέχουν καταραμένα κειμήλια μετά την νίκη της Πράξης 3 στο Άπειρο."
  },
  "Stunted Growth": {
    "NAME": "Καθυστερημένη Εξέλιξη",
    "DESCRIPTION": "Οι εχθροί δεν ρίχνουν πια κάρτες σαν ανταμοιβή μετά την νίκη της Πράξης 3 στο Άπειρο."
  },
  "Blue Cards": {
    "NAME": "Μπλε κάρτες",
    "DESCRIPTION": "Μπλε κάρτες πλέον εμφανίζονται στις ανταμοιβές και στα μαγαζιά."
  },
  "Red Cards": {
    "NAME": "Κόκκινες κάρτες",
    "DESCRIPTION": "Κόκκινες κάρτες πλέον εμφανίζονται στις ανταμοιβές και στα μαγαζιά."
  },
  "Colorless Cards": {
    "NAME": "Άχρωμες κάρτες",
    "DESCRIPTION": "Άχρωμες κάρτες εμφανίζονται πιο συχνά."
  },
  "Green Cards": {
    "NAME": "Πράσινες κάρτες",
    "DESCRIPTION": "Πράσινες κάρτες πλέον εμφανίζονται στις ανταμοιβές και στα μαγαζιά."
  },
  "SealedDeck": {
    "NAME": "Σφραγισμένη τράπουλα",
    "DESCRIPTION": "Φτιάξε την τράπουλά σου από 30 τυχαίες κάρτες."
  },
  "IntelligentEnemies": {
    "NAME": "Έξυπνοι εχθροί",
    "DESCRIPTION": "Όλοι οι εχθροί έχουν πιο απαιτητικές κινήσεις και ικανότητες."
  },
  "MonsterHunter": {
    "NAME": "Κυνηγός τεράτων",
    "DESCRIPTION": "Οι εχθροί έχουν επιπλέον ΒΥ αλλά δίνουν καλύτερες ανταμοιβές."
  },
  "NeowTime": {
    "NAME": "Η ώρα της Νιέου",
    "DESCRIPTION": "Πάρε 3 ευλογημένα και 1 καταραμένο κειμήλιο από την Νιέου."
  },
  "Flight": {
    "NAME": "Πτήση",
    "DESCRIPTION": "Μπορείς να αγνοήσεις τα μονοπάτια όταν επιλέγεις το επόμενο δωμάτιο για να ταξιδέψεις."
  },
  "ControlledChaos": {
    "NAME": "Ελεγχόμενο Χάος",
    "DESCRIPTION": "Ξεκίνα με το Παγωμένο Μάτι. Στην αρχή του γύρου σου πρόσθεσε 10 τυχαίες κάρτες στον πάτο της στοίβας τραβήγματος."
  },
  "Careless": {
    "NAME": "Απρόσεκτος",
    "DESCRIPTION": "Στην αρχή κάθε γύρου, πέταξε την πάνω κάρτα από την στοίβα τραβήγματος."
  },
  "Chimera": {
    "NAME": "Χίμαιρα",
    "DESCRIPTION": "Η αρχική σου τράπουλα αποτελείται από μία μίξη των 3 χαρακτήρων."
  },
  "DeadlyEvents": {
    "NAME": "Θανάσιμα Γεγονότα",
    "DESCRIPTION": "Τα δωμάτια με ? τώρα περιέχουν Ελίτ αλλά είναι πιο πιθανό να περιέχουν δωμάτια Θησαυρού."
  },
  "Daily Mods": {
    "NAME": "Ημερήσιοι Τροποποιητές",
    "DESCRIPTION": "Ξεκίνα ένα παιχνίδι με ακριβώς 3 τυχαίους Ημερήσιους Τροποποιητές."
  },
  "The Ending": {
    "NAME": "Το τέλος",
    "DESCRIPTION": "Επιτρέπει την Τελική Πράξη."
  },
  "Purple Cards": {
    "NAME": "Purple Cards",
    "DESCRIPTION": "Purple cards now appear in rewards and shops."
  }
}