{
  "DeadlyEnemies": {
    "NAME": "หอกแห่งวิกฤติ",
    "DESCRIPTION": [
      "ศัตรูโจมตีแรงขึ้น #b",
      "% "
    ]
  },
  "ToughEnemies": {
    "NAME": "โล่แห่งวิกฤติ",
    "DESCRIPTION": [
      "ศัตรูมี HP มากขึ้น #b",
      "% "
    ]
  },
  "TimeMaze": {
    "NAME": "กาลวงกต",
    "DESCRIPTION": [
      "ใช้การ์ดได้ไม่เกิน #b",
      " ใบต่อเทิร์น",
      "ใช้การ์ดได้ไม่เกิน NL #r"
    ]
  },
  "Accursed": {
    "NAME": "เคราะห์ร้าย",
    "DESCRIPTION": [
      "เมื่อสังหารบอส ได้รับ #yคำสาป #b",
      " ใบแบบสุ่ม",
      ""
    ]
  },
  "TwistingMind": {
    "NAME": "จิตว้าวุ่น",
    "DESCRIPTION": [
      "เมื่อจบเทิร์น เพิ่มการ์ดสถานะแบบสุ่ม #b",
      " ใบ วางบนสุดของกองจั่ว",
      ""
    ]
  },
  "Scatterbrain": {
    "NAME": "ขาดสมาธิ",
    "DESCRIPTION": [
      "จั่วการ์ดน้อยลง #b",
      " ใบต่อเทิร์น",
      ""
    ]
  },
  "MimicInfestation": {
    "NAME": "กล่องอสูรแทรกซึม",
    "DESCRIPTION": [
      "ห้องกล่องสมบัติในองก์ต่อๆ ไปจะกลายเป็นลูกพี่แทน และพวกมันไม่ดรอปสมบัติอีกต่อไป"
    ]
  },
  "FullBelly": {
    "NAME": "ตะกร้อครอบปาก",
    "DESCRIPTION": [
      "คุณไม่มีทางเพิ่ม HP สูงสุดได้อีกต่อไป และผลการฟื้นฟูทุกอย่าง จะมีผลครึ่งเดียว"
    ]
  },
  "GrotesqueTrophy": {
    "NAME": "ถ้วยรางวัลวิปลาส",
    "DESCRIPTION": [
      "เมื่อเก็บของ ได้รับ #b",
      " #rทิฐิมานะ",
      "ทิฐิมานะที่ผิดเพี้ยน..."
    ]
  },
  "BlightedDurian": {
    "NAME": "ทุเรียนปนเปื้อน",
    "DESCRIPTION": [
      "เสีย HP สูงสุด #b",
      "% "
    ]
  },
  "VoidEssence": {
    "NAME": "แก่นแท้ว่างเปล่า",
    "DESCRIPTION": [
      "ได้รับพลังงานน้อยลง #b",
      " [E] เมื่อเริ่มต้นเทิร์น"
    ]
  },
  "GraspOfShadows": {
    "NAME": "วิญญาณสิงสู่",
    "DESCRIPTION": [
      "ศัตรูทั้งหมดจะเริ่มการต่อสู้ด้วย #b",
      " #yไร้ตัวตน"
    ]
  },
  "MetallicRebirth": {
    "NAME": "การเสริมพลังแห่งยุคโบราณ",
    "DESCRIPTION": [
      "ศัตรูทั้งหมดจะเริ่มการต่อสู้ด้วย #b",
      " #yอาคม, #b",
      " #yเกราะโลหะ, และ #b",
      " #yการฟื้นพลังขั้นสูง"
    ]
  }
}