{
  "Ancient Potion": {
    "NAME": "น้ำยาโบราณ",
    "DESCRIPTIONS": [
      "ได้รับ #b",
      " #yอาคม"
    ]
  },
  "AttackPotion": {
    "NAME": "น้ำยาแห่งการโจมตี",
    "DESCRIPTIONS": [
      "เลือก #yการ์ดโจมตี #b1 จาก #b3 ใบเพื่อเพิ่มใส่มือ มันจะมีค่าร่าย #b0 ในเทิร์นนี้",
      "เลือก #yการ์ดโจมตี #b1 จาก #b3 ใบเพื่อเพิ่มสำเนา #b2 ใบใส่มือ มันจะมีค่าร่าย #b0 ในเทิร์นนี้"
    ]
  },
  "Block Potion": {
    "NAME": "น้ำยาแห่งการป้องกัน",
    "DESCRIPTIONS": [
      "ได้รับ #b",
      " #yเกราะ"
    ]
  },
  "BloodPotion": {
    "NAME": "น้ำยาโลหิต",
    "DESCRIPTIONS": [
      "ฟื้นฟู #b",
      "% จาก HP สูงสุด"
    ]
  },
  "Dexterity Potion": {
    "NAME": "น้ำยาแห่งความชำนาญ",
    "DESCRIPTIONS": [
      "ได้รับ #b",
      " #yความชำนาญ"
    ]
  },
  "Elixir": {
    "NAME": "น้ำยาอายุวัฒนะ",
    "DESCRIPTIONS": [
      "DEPRECATED",
      "DEPRECATED",
      "DEPRECATED",
      "DEPRECATED",
      "DEPRECATED"
    ]
  },
  "Energy Potion": {
    "NAME": "น้ำยาแห่งพลังงาน",
    "DESCRIPTIONS": [
      "ได้รับ #b",
      " พลังงาน"
    ]
  },
  "EntropicBrew": {
    "NAME": "น้ำยาเข้มข้น",
    "DESCRIPTIONS": [
      "ได้รับขวดยาแบบสุ่ม ตามจำนวนช่องเก็บขวดยา ที่ว่างอยู่"
    ]
  },
  "EssenceOfSteel": {
    "NAME": "เหล็กกล้าเหลว",
    "DESCRIPTIONS": [
      "ได้รับ #b",
      " #yเกราะโลหะ"
    ]
  },
  "Explosive Potion": {
    "NAME": "น้ำยาจุดระเบิด",
    "DESCRIPTIONS": [
      "สร้างความเสียหาย #b",
      " ใส่ศัตรูทุกตัว"
    ]
  },
  "FairyPotion": {
    "NAME": "ภูติบรรจุขวด",
    "DESCRIPTIONS": [
      "เมื่อตาย จะฟื้นคืนชีพกลับมาที่ #b",
      "% ของ HP สูงสุด (แล้วทิ้งขวดยานี้)"
    ]
  },
  "FearPotion": {
    "NAME": "น้ำยาแห่งความกลัว",
    "DESCRIPTIONS": [
      "เป้าหมายโดน #b",
      " #yจุดอ่อน"
    ]
  },
  "Fire Potion": {
    "NAME": "น้ำยาแห่งไฟ",
    "DESCRIPTIONS": [
      "สร้างความเสียหาย #b",
      " ใส่เป้าหมาย"
    ]
  },
  "FocusPotion": {
    "NAME": "น้ำยาแห่งโฟกัส",
    "DESCRIPTIONS": [
      "ได้รับ #b",
      " #yโฟกัส"
    ]
  },
  "Fruit Juice": {
    "NAME": "น้ำผลไม้",
    "DESCRIPTIONS": [
      "HP สูงสุดเพิ่มขึ้นอีก #b",
      ""
    ]
  },
  "GamblersBrew": {
    "NAME": "น้ำยาเสี่ยงโชค",
    "DESCRIPTIONS": [
      "เลือกทิ้งการ์ดกี่ใบก็ได้ แล้วจั่วใหม่ตามจำนวนการ์ด ที่ถูกทิ้ง"
    ]
  },
  "GhostInAJar": {
    "NAME": "ผีบรรจุขวด",
    "DESCRIPTIONS": [
      "ได้รับ #b",
      " #yไร้ตัวตน"
    ]
  },
  "Health Potion": {
    "NAME": "น้ำยาแห่งชีวิต",
    "DESCRIPTIONS": [
      "DEPRECATED",
      "DEPRECATED"
    ]
  },
  "LiquidBronze": {
    "NAME": "สัมฤทธิ์เหลว",
    "DESCRIPTIONS": [
      "ได้รับ #b",
      " #yหนาม"
    ]
  },
  "Poison Potion": {
    "NAME": "ยาพิษ",
    "DESCRIPTIONS": [
      "เป้าหมายโดน #b",
      " #yพิษ"
    ]
  },
  "Potion Slot": {
    "NAME": "ช่องเก็บขวดยา",
    "DESCRIPTIONS": [
      "ใช้ขวดยาต่างๆ เพื่อ #gช่วยเหลือเรา หรือ #rทำร้ายศัตรู",
      "ช่องเก็บขวดยา"
    ]
  },
  "PowerPotion": {
    "NAME": "น้ำยาแห่งพลัง",
    "DESCRIPTIONS": [
      "เลือก #yการ์ดพลัง #b1 จาก #b3 ใบขึ้นมือ มันจะมีค่าร่าย #b0 ในเทิร์นนี้",
      "เลือก #yการ์ดพลัง #b1 จาก #b3 ใบเพื่อเพิ่มสำเนา #b2 ใบใส่มือ มันจะมีค่าร่าย #b0 ในเทิร์นนี้"
    ]
  },
  "Regen Potion": {
    "NAME": "น้ำยาแห่งการฟื้นพลัง",
    "DESCRIPTIONS": [
      "ได้รับ #b",
      " #yการฟื้นพลัง",
      ""
    ]
  },
  "SkillPotion": {
    "NAME": "น้ำยาแห่งทักษะ",
    "DESCRIPTIONS": [
      "เลือก #yการ์ดทักษะ #b1 จาก #b3 ใบขึ้นมือ มันจะมีค่าร่าย #b0 ในเทิร์นนี้",
      "เลือก #yการ์ดทักษะ #b1 จาก #b3 ใบเพื่อเพิ่มสำเนา #b2 ใบใส่มือ มันจะมีค่าร่าย #b0 ในเทิร์นนี้"
    ]
  },
  "SmokeBomb": {
    "NAME": "ระเบิดควัน",
    "DESCRIPTIONS": [
      "หลบหนีจากการต่อสู้ ที่ไม่ใช่บอสทันที (ไม่ได้รับรางวัลจากการต่อสู้)",
      "หนีดีกว่า"
    ]
  },
  "SneckoOil": {
    "NAME": "น้ำมันงุกแก",
    "DESCRIPTIONS": [
      "จั่วการ์ด #b",
      " ใบ สุ่มค่าร่ายของการ์ด ในมือทั้งหมด",
      ""
    ]
  },
  "SpeedPotion": {
    "NAME": "น้ำยาแห่งความว่องไว",
    "DESCRIPTIONS": [
      "ได้รับ #b",
      " #yความชำนาญ และเมื่อจบเทิร์นนี้จะสูญเสีย #b",
      " #yความชำนาญ"
    ]
  },
  "SteroidPotion": {
    "NAME": "สารสเตียรอยด์",
    "DESCRIPTIONS": [
      "ได้รับ #b",
      " #yความแข็งแรง และเมื่อจบเทิร์นนี้จะสูญเสีย #b",
      " #yความแข็งแรง"
    ]
  },
  "Strength Potion": {
    "NAME": "น้ำยาแห่งความแข็งแรง",
    "DESCRIPTIONS": [
      "ได้รับ #b",
      " #yความแข็งแรง"
    ]
  },
  "Swift Potion": {
    "NAME": "น้ำยาฉับพลัน",
    "DESCRIPTIONS": [
      "",
      "จั่วการ์ด #b",
      " ใบ"
    ]
  },
  "Weak Potion": {
    "NAME": "น้ำยาแห่งความอ่อนแอ",
    "DESCRIPTIONS": [
      "เป้าหมายโดน #b",
      " #yความอ่อนแอ"
    ]
  },
  "DuplicationPotion": {
    "NAME": "น้ำยาทำสำเนา",
    "DESCRIPTIONS": [
      "ในเทิร์นนี้ การ์ดใบต่อไปจะเกิดผล 2 ครั้ง",
      "ในเทิร์นนี้ การ์ดอีก #b2 ใบต่อไปจะเกิดผล 2 ครั้ง"
    ]
  },
  "StancePotion": {
    "NAME": "น้ำยาเทวปาง",
    "DESCRIPTIONS": [
      "เข้าสู่ #yปางสงบ หรือ #yปางโทสะ"
    ]
  },
  "ElixirPotion": {
    "NAME": "น้ำยาอายุวัฒนะ",
    "DESCRIPTIONS": [
      "เลือก #yสลาย การ์ดในมือ กี่ใบก็ได้"
    ]
  },
  "HeartOfIron": {
    "NAME": "ใจที่แข็งแกร่ง",
    "DESCRIPTIONS": [
      "ได้รับ #b",
      " #yเสริมสร้างโลหะ"
    ]
  },
  "CunningPotion": {
    "NAME": "น้ำยาร้อยเล่ห์",
    "DESCRIPTIONS": [
      "เพิ่ม #yมีดสั้น+ #b",
      " ใบใส่มือ"
    ]
  },
  "PotionOfCapacity": {
    "NAME": "น้ำยาสมรรถนะ",
    "DESCRIPTIONS": [
      "ได้รับ #b",
      " ช่องเก็บลูกแก้ว"
    ]
  },
  "EssenceOfDarkness": {
    "NAME": "แก่นของความมืด",
    "DESCRIPTIONS": [
      "#yปลุกเสก #b",
      " #yความมืด ตามจำนวนช่องเก็บลูกแก้ว"
    ]
  },
  "BottledMiracle": {
    "NAME": "ปาฏิหาริย์บรรจุขวด",
    "DESCRIPTIONS": [
      "เพิ่ม #yปาฏิหาริย์ #b",
      " ใบใส่มือ"
    ]
  },
  "Ambrosia": {
    "NAME": "อาหารทิพย์",
    "DESCRIPTIONS": [
      "เข้าสู่ #yปางเทวัญ"
    ]
  },
  "DistilledChaos": {
    "NAME": "โกลาหลสกัด",
    "DESCRIPTIONS": [
      "ใช้การ์ดใบบนสุด #b",
      " ใบจากกองการ์ด"
    ]
  },
  "LiquidMemories": {
    "NAME": "ความทรงจำเหลว",
    "DESCRIPTIONS": [
      "เลือกการ์ด 1 ใบในกองทิ้ง แล้วนำขึ้นมือ มันจะมีค่าร่าย #b0 ในเทิร์นนี้",
      "เลือกการ์ด #b",
      " ใบในกองทิ้ง แล้วนำขึ้นมือ มันจะมีค่าร่าย #b0 ในเทิร์นนี้"
    ]
  },
  "CultistPotion": {
    "NAME": "น้ำยาคลั่งลัทธิ",
    "DESCRIPTIONS": [
      "ได้รับ #b",
      " #yพิธีกรรม"
    ]
  },
  "ColorlessPotion": {
    "NAME": "น้ำยาไร้สี",
    "DESCRIPTIONS": [
      "เลือก #yการ์ดไม่มีสี #b1 จาก #b3 ใบเพื่อเพิ่มใส่มือ มันจะมีค่าร่าย #b0 ในเทิร์นนี้",
      "เลือก #yการ์ดไม่มีสี #b1 จาก #b3 ใบเพื่อเพิ่มสำเนา #b2 ใบใส่มือ มันจะมีค่าร่าย #b0 ในเทิร์นนี้"
    ]
  },
  "BlessingOfTheForge": {
    "NAME": "พรจากโรงตีเหล็ก",
    "DESCRIPTIONS": [
      "พัฒนา การ์ดในมือทั้งหมด จนจบการต่อสู้"
    ]
  }
}