{
  "Anchor": {
    "NAME": "สมอเรือ",
    "FLAVOR": "มีเครื่องประดับจิ๋วชิ้นนี้แล้ว รู้สึกหนักแน่นและมั่นคงขึ้น",
    "DESCRIPTIONS": [
      "เมื่อเริ่มการต่อสู้ ได้รับ #b",
      " #yเกราะ"
    ]
  },
  "Ancient Tea Set": {
    "NAME": "ชุดชาโบราณ",
    "FLAVOR": "ปัจจัยสำคัญที่ทำให้หลับสบาย",
    "DESCRIPTIONS": [
      "เมื่อผ่านกองไฟ เริ่มการต่อสู้ครั้งต่อไป ด้วย [E] [E]"
    ]
  },
  "Art of War": {
    "NAME": "ตำราพิชัยสงคราม",
    "FLAVOR": "ตำรานี้ประกอบด้วย เคล็ดลับวิชาในอดีต",
    "DESCRIPTIONS": [
      "ถ้าคุณไม่ได้ใช้ #yการ์ดโจมตี ในเทิร์นนี้ จะได้รับ ",
      "[E] ในเทิร์นต่อไป"
    ]
  },
  "Astrolabe": {
    "NAME": "นาฬิกาดาว",
    "FLAVOR": "เครื่องมือดูดาว ใช้หาความรู้ ซึ่งประเมินค่าไม่ได้",
    "DESCRIPTIONS": [
      "เมื่อรับมา #yแปรสภาพ การ์ด #b3 ใบ จากนั้น #yพัฒนา การ์ด เหล่านั้น",
      "เลือกการ์ด 3 ใบเพื่อ "
    ]
  },
  "Bag of Marbles": {
    "NAME": "ถุงเก็บลูกแก้ว",
    "FLAVOR": "ก่อนหน้านี้เคยเป็น ของเล่นยอดนิยมในเมือง ใช้โยนใส่ศัตรูให้เสียการทรงตัว อย่างได้ผลชะงัด",
    "DESCRIPTIONS": [
      "เมื่อเริ่มการต่อสู้ เพิ่มผล #b",
      " #yจุดอ่อน ใส่ศัตรูทั้งหมด"
    ]
  },
  "Bag of Preparation": {
    "NAME": "กระเป๋าแห่งการเตรียมพร้อม",
    "FLAVOR": "กระเป๋านักเดินทางขนาดใหญ่เกินตัว มีช่องเก็บของและสายรัดมากมาย",
    "DESCRIPTIONS": [
      "เมื่อเริ่มการต่อสู้ จั่วการ์ดเพิ่มอีก #b",
      " ใบ"
    ]
  },
  "Bird Faced Urn": {
    "NAME": "โกศเศียรวิหค",
    "FLAVOR": "โกศอันนี้เป็นรูปเทพเจ้าอีกา มาซาเลธ น่าเกรงขาม",
    "DESCRIPTIONS": [
      "เมื่อใช้ #yการ์ดพลัง จะฟื้นฟู #b",
      " HP"
    ]
  },
  "Black Blood": {
    "NAME": "โลหิตทมิฬ",
    "FLAVOR": "ความโกรธสั่งสมขึ้นอย่างชั่วร้าย",
    "DESCRIPTIONS": [
      "แทนที่ #rโลหิตเพลิงผลาญ เมื่อสิ้นสุดการต่อสู้ ฟื้นฟู #b",
      " HP"
    ]
  },
  "Black Star": {
    "NAME": "ดาวทมิฬ",
    "FLAVOR": "พบได้ในเมืองของอสรพิษ และในเนื้อเพลงของบางคน",
    "DESCRIPTIONS": [
      "ลูกพี่ ดรอปเครื่องรางเพิ่มขึ้นอีก 1 ชิ้น"
    ]
  },
  "Blood Vial": {
    "NAME": "ขวดโลหิต",
    "FLAVOR": "ขวดเล็กๆ ที่บรรจุเลือด ของแวมไพร์อาวุโสสายพันธุ์แท้",
    "DESCRIPTIONS": [
      "เมื่อเริ่มการต่อสู้ ฟื้นฟู #b",
      " HP"
    ]
  },
  "Bloody Idol": {
    "NAME": "เทวรูปโลหิต",
    "FLAVOR": "เทวรูปร้องไห้ออกมาเป็นเลือด อย่างไม่หยุดหย่อน",
    "DESCRIPTIONS": [
      "เมื่อได้รับ #yทอง ฟื้นฟู #b",
      " HP"
    ]
  },
  "Blue Candle": {
    "NAME": "เทียนไขสีฟ้า",
    "FLAVOR": "เมื่อถูกห้อมล้อมด้วยความมืด จะติดไฟทันที",
    "DESCRIPTIONS": [
      "สามารถใช้การ์ด #rคำสาป ได้แล้ว และเมื่อใช้ #rคำสาป สูญเสีย #b",
      " HP และ #yสลาย"
    ]
  },
  "Bottled Flame": {
    "NAME": "เพลิงบรรจุขวด",
    "FLAVOR": "ภายในขวดมีเปลวไฟที่ไม่มีวันมอด",
    "DESCRIPTIONS": [
      "เมื่อรับมา เลือก #yการ์ดโจมตี 1 ใบ การ์ดใบนั้นจะอยู่ในมือ เมื่อเริ่มการต่อสู้",
      "เลือกการ์ด 1 ใบเพื่อ ",
      "เริ่มต้นการต่อสู้โดยมี ",
      " อยู่ในมือ"
    ]
  },
  "Bottled Lightning": {
    "NAME": "อสนีบาตบรรจุขวด",
    "FLAVOR": "เมื่อมองเข้าไปในใจกลางพายุ คุณเห็นภาพสะท้อนของตัวเอง จ้องมองกลับมา",
    "DESCRIPTIONS": [
      "เมื่อรับมา เลือก #yการ์ดทักษะ 1 ใบ การ์ดใบนั้นจะอยู่ในมือ เมื่อเริ่มการต่อสู้",
      "เลือกการ์ด 1 ใบเพื่อ ",
      "เริ่มต้นการต่อสู้โดยมี ",
      " อยู่ในมือ"
    ]
  },
  "Bottled Tornado": {
    "NAME": "พายุหมุนบรรจุขวด",
    "FLAVOR": "ขวดใบนี้มักส่งเสียงหึ่งๆ และหวือๆ ตลอดเวลา",
    "DESCRIPTIONS": [
      "เมื่อรับมา เลือก #yการ์ดพลัง 1 ใบ การ์ดใบนั้นจะอยู่ในมือ เมื่อเริ่มการต่อสู้",
      "เลือกการ์ด 1 ใบเพื่อ ",
      "เริ่มต้นการต่อสู้โดยมี ",
      " อยู่ในมือ"
    ]
  },
  "Bronze Scales": {
    "NAME": "เกล็ดสัมฤทธิ์",
    "FLAVOR": "เกล็ดอันแหลมคมของผู้พิทักษ์ มันจะจัดเรียงตัวเอง เพื่อปกป้องเจ้านาย",
    "DESCRIPTIONS": [
      "เมื่อเริ่มการต่อสู้ ได้รับ #b",
      " #yหนาม"
    ]
  },
  "Burning Blood": {
    "NAME": "โลหิตเพลิงผลาญ",
    "FLAVOR": "เลือดในตัวคุณร้อนรุ่มไปด้วย ความโกรธแค้น",
    "DESCRIPTIONS": [
      "เมื่อจบการต่อสู้ ฟื้นฟู #b",
      " HP"
    ]
  },
  "Cables": {
    "NAME": "สายไฟฟ้าทองคำ",
    "FLAVOR": "\"น่าสนใจ! แม้แต่เครื่องจักร ก็ยังโดนหลอก\" - แรนวิด",
    "DESCRIPTIONS": [
      "ลูกแก้วลูกขวาสุด จะเกิดผล #yต่อเนื่อง อีกครั้ง"
    ]
  },
  "Calipers": {
    "NAME": "คาลิเปอร์",
    "FLAVOR": "\"เครื่องมือที่วัดระยะได้อย่างแม่นยำ จะนำพาไปสู่ความรุ่งโรจน์\" - สถาปนิก",
    "DESCRIPTIONS": [
      "เมื่อเริ่มเทิร์นใหม่ สูญเสียเพียง #b",
      " #yเกราะ แทนการสูญเสีย #yเกราะ ทั้งหมด"
    ]
  },
  "Calling Bell": {
    "NAME": "กระดิ่งกังวาน",
    "FLAVOR": "กระดิ่งเหล็กแห่งความมืดชิ้นนี้ เคยส่งเสียงดัง 3 ครั้งในตอน ที่คุณพบมัน แต่ตอนนี้มันกลับเงียบไปแล้ว",
    "DESCRIPTIONS": [
      "เมื่อรับมา ได้รับ #rคำสาป แบบพิเศษ 1 ใบ และ ได้รับเครื่องราง #b3 ชิ้น",
      "กระดิ่งกำลังส่งเสียง...",
      "ไม่รับรางวัล",
      "ปิด"
    ]
  },
  "Cauldron": {
    "NAME": "หม้อปรุงยา",
    "FLAVOR": "พ่อค้าก็ปรุงยาเก่งไม่เบานะ ซื้อ 4 แถม 1 ด้วย ยอดไปเลย",
    "DESCRIPTIONS": [
      "เมื่อรับมา ปรุงน้ำยา #b5 ขวด แบบสุ่ม",
      "เอื๊อก เอื๊อก เอื๊อก...!"
    ]
  },
  "Centennial Puzzle": {
    "NAME": "ตัวต่อร้อยปี",
    "FLAVOR": "เมื่อแก้ปริศนาตัวต่อได้แล้ว คุณรู้สึกได้ถึงพลังอันอบอุ่นบริเวณอก",
    "DESCRIPTIONS": [
      "ครั้งแรกที่สูญเสีย HP ในแต่ละการต่อสู้ จั่วการ์ด #b",
      " ใบ"
    ]
  },
  "Chameleon Ring": {
    "NAME": "แหวนกิ้งก่าเปลี่ยนสี",
    "FLAVOR": "เสื่อมค่าไปแล้ว",
    "DESCRIPTIONS": [
      "ต่อไปนี้ คุณสามารถ #yปรุงยา ได้ที่กองไฟ"
    ]
  },
  "Champion Belt": {
    "NAME": "เข็มขัดของแชมเปี้ยน",
    "FLAVOR": "เฉพาะคนที่เก่งที่สุดเท่านั้น ถึงจะสวมใส่เข็มขัดนี้ได้",
    "DESCRIPTIONS": [
      "ทุกครั้งที่คุณเพิ่มผล #yจุดอ่อน ใส่ศัตรู เพิ่มผล #b",
      " #yความอ่อนแอ ด้วย"
    ]
  },
  "Charon's Ashes": {
    "NAME": "เถ้าถ่านของชารอน",
    "FLAVOR": "ชารอนเคยเป็นเทพแห่งการเกิดใหม่ บัดนี้กลับตายไปจนนิรันดร์ และฟื้นกลับมาในสภาพของเปลวไฟ อันร้อนแรง",
    "DESCRIPTIONS": [
      "เมื่อมีการ์ดถูก #yสลาย สร้างความเสียหาย #b",
      " ใส่ศัตรูทั้งหมด"
    ]
  },
  "Chemical X": {
    "NAME": "สารเคมีเอ็กซ์",
    "FLAVOR": "คำเตือน: อย่านำไปผสมกับ น้ำตาล เครื่องเทศ และสารพัดของกุ๊กกิ๊ก เชียวนะ",
    "DESCRIPTIONS": [
      "การ์ดค่าร่าย #bX จะมีผลเพิ่มขึ้นอีก #b",
      ""
    ]
  },
  "Circlet": {
    "NAME": "รัดเกล้า",
    "FLAVOR": "คุณเก็บเครื่องรางได้ครบแล้ว ยอดไปเลย!",
    "DESCRIPTIONS": [
      "สะสมให้มากที่สุดเท่าที่จะทำได้"
    ]
  },
  "Cracked Core": {
    "NAME": "แก่นแท้ที่แตกหัก",
    "FLAVOR": "ขุมพลังชีวิตลึกลับ ใช้ขับเคลื่อนเครื่องจักรในสไปร์ ดูเหมือนว่าจะพังแล้ว",
    "DESCRIPTIONS": [
      "เมื่อเริ่มการต่อสู้ #yปลุกเสก #b1 #yสายฟ้า"
    ]
  },
  "FrozenCore": {
    "NAME": "แก่นแท้เยือกแข็ง",
    "FLAVOR": "พลังงานน้ำแข็งได้แทรกซึมเข้ามา ตามรอยแตกของแก่นแท้ในตัวคุณ",
    "DESCRIPTIONS": [
      "แทนที่ #bแก่นแท้ที่แตกหัก เมื่อจบเทิร์น #yปลุกเสก #b1 #yน้ำแข็ง (ถ้ามีช่องเก็บลูกแก้วเพียงพอ)"
    ]
  },
  "Cursed Key": {
    "NAME": "กุญแจต้องสาป",
    "FLAVOR": "คุณสัมผัสได้ถึงพลังงานอันชั่วร้าย ที่ไหลออกมาจากกุญแจ ถ้าอยากได้พลัง ก็ต้องตอบแทนอย่างสมน้ำสมเนื้อ",
    "DESCRIPTIONS": [
      "เมื่อเปิดกล่องสมบัติที่ไม่ใช่ กล่องสมบัติของบอส ได้รับ #rคำสาป",
      "ได้รับ [E] NL "
    ]
  },
  "Darkstone Periapt": {
    "NAME": "สร้อยศิลาแห่งความมืด",
    "FLAVOR": "ศิลาดูดพลังแห่งความมืด แล้วแปรเปลี่ยนเป็นพลัง ให้กับผู้สวมใส่",
    "DESCRIPTIONS": [
      "เมื่อได้รับ #rคำสาป เพิ่ม HP สูงสุด #b"
    ]
  },
  "DataDisk": {
    "NAME": "ดิสก์เก็บข้อมูล",
    "FLAVOR": "แผ่นดิสก์นี้มีข้อมูลเกี่ยวกับนกและงู",
    "DESCRIPTIONS": [
      "เมื่อเริ่มการต่อสู้ ได้รับ #b",
      " #yโฟกัส"
    ]
  },
  "Dead Branch": {
    "NAME": "ไม้ผี",
    "FLAVOR": "กิ่งไม้จากต้นไม้ในยุคโบราณ",
    "DESCRIPTIONS": [
      "เมื่อมีการ์ดถูก #yสลาย เพิ่มการ์ดแบบสุ่มใส่มือ"
    ]
  },
  "Derp Rock": {
    "NAME": "หินอะรูมิไร้",
    "FLAVOR": "DEPRECATED",
    "DESCRIPTIONS": [
      "เมื่อเริ่มต้นเทิร์น ได้รับ #b",
      " ชาร์จ NL (ไม่สามารถกำจัด หรือ แปรสภาพ)"
    ]
  },
  "Discerning Monocle": {
    "NAME": "แว่นตาหยั่งรู้",
    "FLAVOR": "ช่างเป็นแว่นตาที่ดูดีจริงๆ",
    "DESCRIPTIONS": [
      "ลดราคาสินค้าทุกอย่างของพ่อค้าลง #b20%"
    ]
  },
  "Dodecahedron": {
    "NAME": "DEPRECATED อาคมรูนสิบสองหน้า",
    "FLAVOR": "อ่านอักษรรูนเหล่านี้ไม่ออกเลย",
    "DESCRIPTIONS": [
      "ถ้า HP ของคุณเต็ม ได้รับ ",
      "[E] เมื่อเริ่มต้นเทิร์น"
    ]
  },
  "Dream Catcher": {
    "NAME": "ตาข่ายดักฝันร้าย",
    "FLAVOR": "พวกชนเผ่าทางเหนือนิยมใช้เพื่อ ดักฝันร้ายในตอนกลางคืน โดยเชื่อว่ามันสามารถใช้ พัฒนาตัวเองได้",
    "DESCRIPTIONS": [
      "เมื่อ #yพักผ่อน คุณสามารถเลือกเพิ่มการ์ด 1 ใบเข้ากองการ์ดได้"
    ]
  },
  "Du-Vu Doll": {
    "NAME": "ตุ๊กตา ดู-วู",
    "FLAVOR": "ตุ๊กตาที่ถูกประดิษฐ์ขึ้นเพื่อ รับความแข็งแกร่งจาก แหล่งพลังชั่วร้าย",
    "DESCRIPTIONS": [
      "เมื่อเริ่มการต่อสู้ ได้รับ #b",
      " #yความแข็งแรง ตามจำนวน #rคำสาป ในกองการ์ด",
      " คุณไม่มี #rคำสาป",
      " คุณมี #rคำสาป #b",
      " ใบ"
    ]
  },
  "Ectoplasm": {
    "NAME": "เอกโตปลาสซึม",
    "FLAVOR": "สไลม์หยดนี้ดูเหมือนจะยังมีชีพจรอยู่",
    "DESCRIPTIONS": [
      " ไม่สามารถรับ #yทอง ได้อีกต่อไป",
      "เมื่อเริ่มต้นเทิร์น ได้รับ [E]"
    ]
  },
  "Emotion Chip": {
    "NAME": "ชิปแห่งอารมณ์",
    "FLAVOR": "...<3...?",
    "DESCRIPTIONS": [
      "ถ้าคุณสูญเสีย HP ในเทิร์นที่แล้ว เมื่อเริ่มต้นเทิร์น ลูกแก้วทั้งหมด จะเกิดผล #yต่อเนื่อง อีกครั้ง"
    ]
  },
  "Enchiridion": {
    "NAME": "หนังสือคู่มือ",
    "FLAVOR": "ตำนานเกี่ยวกับ ลิช ซึ่งเป็นปีศาจจอมเวทในยุคโบราณ",
    "DESCRIPTIONS": [
      "เมื่อเริ่มการต่อสู้ เพิ่ม #yการ์ดพลัง 1 ใบแบบสุ่มใส่มือ และจะมีค่าร่าย #b0 ในเทิร์นนั้น"
    ]
  },
  "Eternal Feather": {
    "NAME": "ขนนกนิรันดร",
    "FLAVOR": "ดูเหมือนว่าจะไม่มีวันถูกทำลาย เป็นของนกตัวไหนกันนะ",
    "DESCRIPTIONS": [
      "การ์ดทุกๆ #b",
      " ใบในกองการ์ด จะช่วยฟื้นฟู #b",
      " HP เมื่อคุณผ่านกองไฟ"
    ]
  },
  "Frozen Egg 2": {
    "NAME": "ไข่แช่แข็ง",
    "FLAVOR": "ไข่ใบนี้ไม่มีวันฟักออกมาเลย",
    "DESCRIPTIONS": [
      "เมื่อเพิ่ม #yการ์ดพลัง เข้ากองการ์ด จะถูก #yพัฒนา ทันที"
    ]
  },
  "Frozen Eye": {
    "NAME": "ดวงตาแช่แข็ง",
    "FLAVOR": "การจ้องมองดวงตา ทำให้คุณเห็นอนาคตของตัวเอง",
    "DESCRIPTIONS": [
      "เมื่อตรวจดูการ์ดใน #yกองจั่ว การ์ดทั้งหมดจะถูกจัดเรียง ตามลำดับการจั่ว"
    ]
  },
  "Gambling Chip": {
    "NAME": "เหรียญพนัน",
    "FLAVOR": "คุณเห็นข้อความเล็กๆ บนเหรียญ มันเขียนเอาไว้ว่า \"เหรียญนำโชคของพี่หมี!\"",
    "DESCRIPTIONS": [
      "เมื่อเริ่มการต่อสู้ สามารถเลือกทิ้งการ์ดกี่ใบก็ได้ แล้วจั่วการ์ดตามจำนวนนั้น"
    ]
  },
  "Ginger": {
    "NAME": "ขิง",
    "FLAVOR": "ส่วนผสมหลักในยาหลายชนิด",
    "DESCRIPTIONS": [
      "คุณจะไม่ได้รับผล #yความอ่อนแอ อีกต่อไป"
    ]
  },
  "Girya": {
    "NAME": "เกอร์ยา",
    "FLAVOR": "เกอร์ยาอันนี้หนักมาก คุณสามารถใช้ยกน้ำหนัก เพื่อให้แข็งแกร่งขึ้นได้",
    "DESCRIPTIONS": [
      "ต่อไปนี้ คุณสามารถยกน้ำหนักเพื่อเพิ่ม #yความแข็งแรง ได้ที่กองไฟ (สูงสุด 3 ครั้ง)"
    ]
  },
  "Golden Idol": {
    "NAME": "เทวรูปทองคำ",
    "FLAVOR": "ทำจากทองแท้ แค่ถือไว้ก็รู้สึกร่ำรวยแล้ว",
    "DESCRIPTIONS": [
      "ศัตรูจะดรอป #yทอง มากขึ้น #b25%"
    ]
  },
  "Gremlin Horn": {
    "NAME": "เขาเกร็มลิน",
    "FLAVOR": "\"พวกเกร็มลินชั้นสูงสามารถ เจริญเติบโตได้เรื่อยๆ จนกระทั่งมันตาย น่าสนใจมาก\" - แรนวิด",
    "DESCRIPTIONS": [
      "เมื่อศัตรูตาย ได้รับ ",
      "[E] และจั่วการ์ด #b1 ใบ"
    ]
  },
  "Happy Flower": {
    "NAME": "ดอกไม้สุขสันต์",
    "FLAVOR": "ดอกไม้สุขสันต์ตลอดเวลานี้ หมู่ชนชั้นสูงนิยมเป็นอย่างมาก",
    "DESCRIPTIONS": [
      "ทุกๆ #b",
      " เทิร์น ได้รับ [E] "
    ]
  },
  "Ice Cream": {
    "NAME": "ไอศกรีม",
    "FLAVOR": "\"อร่อย!\"",
    "DESCRIPTIONS": [
      "พลังงานที่ใช้ไม่หมด จะถูก เก็บออมไปในเทิร์นต่อไป"
    ]
  },
  "Inserter": {
    "NAME": "แขนกล",
    "FLAVOR": "ผลัก ดึง ซ้อนทับ ทำซ้ำ",
    "DESCRIPTIONS": [
      "ทุกๆ #b2 เทิร์น ได้รับ #b1 ช่องเก็บลูกแก้ว"
    ]
  },
  "Juzu Bracelet": {
    "NAME": "สร้อยข้อมือลูกประคำ",
    "FLAVOR": "เครื่องรางต่อต้านสิ่งลี้ลับ",
    "DESCRIPTIONS": [
      "จะไม่พบการต่อสู้ปกติในห้อง #y? อีกต่อไป"
    ]
  },
  "Kunai": {
    "NAME": "คุนะอิ",
    "FLAVOR": "อาวุธเหล็กที่เป็นที่ชื่นชอบ ของเหล่านินจา เด่นทั้งระยะโจมตี และ พลังทำลายล้าง",
    "DESCRIPTIONS": [
      "เมื่อใช้ #yการ์ดโจมตี ทุกๆ #b",
      " ใบในเทิร์นเดียว ได้รับ #b",
      " #yความชำนาญ"
    ]
  },
  "Lantern": {
    "NAME": "ตะเกียง",
    "FLAVOR": "ตะเกียงประหลาด ที่จะส่องไฟนำทางให้ผู้ถือเท่านั้น",
    "DESCRIPTIONS": [
      "เมื่อเริ่มต้นการต่อสู้ ได้รับ ",
      "[E] ",
      ""
    ]
  },
  "Lee's Waffle": {
    "NAME": "วาฟเฟิลของลี",
    "FLAVOR": "\"ขนมแสนอร่อย หาได้ทั่วไปในสไปร์ ปรุงสดใหม่วันต่อวัน เพื่อคุณโดยเฉพาะ\"",
    "DESCRIPTIONS": [
      "เมื่อรับมา เพิ่ม HP สูงสุด #b",
      " จากนั้นฟื้นฟู HP จนเต็ม"
    ]
  },
  "Letter Opener": {
    "NAME": "มีดเปิดจดหมาย",
    "FLAVOR": "คมกริบอย่างผิดธรรมชาติ",
    "DESCRIPTIONS": [
      "เมื่อใช้ #yการ์ดทักษะ ทุกๆ #b3 ใบในเทิร์นเดียว สร้างความเสียหาย #b",
      " ใส่ศัตรูทั้งหมด"
    ]
  },
  "Living Blade": {
    "NAME": "คมมีดมีชีวิต",
    "FLAVOR": "DEPRECATED",
    "DESCRIPTIONS": [
      "คุณมีการ์ดซ้ำกันกี่ใบก็ได้"
    ]
  },
  "Lizard Tail": {
    "NAME": "หางจิ้งจก",
    "FLAVOR": "หางปลอมที่เอาไว้หลอกศัตรู",
    "DESCRIPTIONS": [
      "ถ้าคุณตาย ชุบชีวิตกลับมา #b50% ของ HP สูงสุด (ใช้ได้ 1 ครั้ง)"
    ]
  },
  "Magic Flower": {
    "NAME": "ดอกไม้วิเศษ",
    "FLAVOR": "ดอกไม้ที่เชื่อว่าสูญพันธุ์ไปแล้ว แต่กลับยังคงอยู่ในสภาพดีเยี่ยม",
    "DESCRIPTIONS": [
      "การฟื้นฟูในการต่อสู้ จะมีผลมากขึ้นอีก #b50%"
    ]
  },
  "Mango": {
    "NAME": "มะม่วง",
    "FLAVOR": "ผลไม้ยอดนิยมที่ใกล้สูญพันธุ์แล้ว ได้รับการเก็บรักษาอย่างดี ปลอดสารพิษจากวิกฤติโรคระบาด",
    "DESCRIPTIONS": [
      "เมื่อรับมา เพิ่ม HP สูงสุด #b"
    ]
  },
  "Mark of Pain": {
    "NAME": "ตราแห่งความเจ็บปวด",
    "FLAVOR": "พวกชนเผ่าทางเหนือใช้สัญลักษณ์นี้ ในการยืนยันว่านักรบคนนั้น สำเร็จวิชาแห่งความเจ็บปวดแล้ว",
    "DESCRIPTIONS": [
      "เมื่อเริ่มต้นเทิร์นได้รับ [R] เมื่อเริ่มการต่อสู้ สับการ์ด #rบาดแผล #b2 ใบเข้ากองจั่ว"
    ]
  },
  "Matryoshka": {
    "NAME": "ตุ๊กตาแม่ลูกดก",
    "FLAVOR": "ตุ๊กตาสีสันงดงามที่ซ้อนกันหลายชั้น ภาพวาดสื่อถึงนกปริศนา ที่มีดวงตาสีขาวและมีขนสีฟ้า",
    "DESCRIPTIONS": [
      "กล่องสมบัติอีก #b2 ใบ ที่ไม่ใช่ของบอส จะมี #yเครื่องราง #b2 ชิ้น",
      "กล่องสมบัติอีก #b1 ใบ ที่ไม่ใช่ของบอส จะมี #yเครื่องราง #b2 ชิ้น",
      "เครื่องรางชิ้นนี้หมดพลังแล้ว"
    ]
  },
  "Meat on the Bone": {
    "NAME": "เนื้อติดกระดูก",
    "FLAVOR": "เนื้อที่ถูกกัดไปแล้วสามารถ งอกกลับมาได้อีก ดูเหมือนว่า จะกินได้อย่างไม่มีวันหมด",
    "DESCRIPTIONS": [
      "เมื่อจบการต่อสู้ ถ้า HP เหลือไม่เกิน #b50% จะฟื้นฟู #b",
      " HP"
    ]
  },
  "Medical Kit": {
    "NAME": "ชุดปฐมพยาบาล",
    "FLAVOR": "\"มีทุกอย่างที่ต้องการ! ยาแก้คัน ยารักษาแผลไหม้ ยาถอนพิษ และอีกมากมาย!\"",
    "DESCRIPTIONS": [
      "#yการ์ดสถานะ ที่ #yใช้ไม่ได้ จะใช้ได้แล้ว เมื่อใช้ #yการ์ดสถานะ จะ #yสลาย"
    ]
  },
  "Membership Card": {
    "NAME": "บัตรสมาชิก",
    "FLAVOR": "\"สิทธิพิเศษสำหรับสมาชิก มอบให้แด่ลูกค้าคนสำคัญ!\"",
    "DESCRIPTIONS": [
      "ลดราคาสินค้าทุกอย่างลง #b50%!"
    ]
  },
  "Mercury Hourglass": {
    "NAME": "นาฬิกาทรายปรอท",
    "FLAVOR": "นาฬิกาทรายเวทมนตร์ ที่มีการไหลไม่รู้จบ",
    "DESCRIPTIONS": [
      "เมื่อเริ่มต้นเทิร์น สร้างความเสียหาย #b",
      " ใส่ศัตรูทั้งหมด"
    ]
  },
  "Molten Egg 2": {
    "NAME": "ไข่ร้อนระอุ",
    "FLAVOR": "นี่คือไข่ของนกฟินิกซ์ มันเรืองแสงเป็นสีแดง เพราะลาวาที่เดือดปุดๆ",
    "DESCRIPTIONS": [
      "เมื่อเพิ่ม #yการ์ดโจมตี เข้ากองการ์ด จะถูก #yพัฒนา ทันที"
    ]
  },
  "Mummified Hand": {
    "NAME": "มือมัมมี่",
    "FLAVOR": "กระตุกเป็นระยะ โดยเฉพาะอย่างยิ่งตอนที่ ชีพจรของคุณเต้นแรง",
    "DESCRIPTIONS": [
      "เมื่อใช้ #yการ์ดพลัง จะทำให้การ์ดในมือแบบสุ่ม 1 ใบมีค่าร่าย #b0 ในเทิร์นนั้น"
    ]
  },
  "Necronomicon": {
    "NAME": "เนโครโนมิคอน",
    "FLAVOR": "คนเขลาย่อมพยายามสะสมพลังชั่วร้าย คัมภีร์นี้หลอกหลอนคุณทุกคืน เหมือนมันกำลังกลืนกินสมองของคุณอยู่",
    "DESCRIPTIONS": [
      "เทิร์นละครั้ง #yการ์ดโจมตี ที่มีค่าร่าย #b",
      " หรือมากกว่า จะเกิดผล 2 ครั้ง NL เมื่อรับมา ได้รับ #rคำสาป พิเศษ",
      " หรือมากกว่า จะเกิดผล 2 ครั้ง"
    ]
  },
  "NeowsBlessing": {
    "NAME": "ความโศกเศร้าของเนียว",
    "FLAVOR": "พรแห่งความโศกเศร้า ซึ่งได้รับมาจากเนียว",
    "DESCRIPTIONS": [
      "ศัตรูทั้งหมดในการต่อสู้อีก #b3 ครั้งจะมี #b1 HP",
      "เครื่องรางชิ้นนี้หมดพลังแล้ว"
    ]
  },
  "Nilry's Codex": {
    "NAME": "ตำราโบราณของนิลรี",
    "FLAVOR": "จัดทำโดยเจ้าของเกมผู้มีชื่อเสียง ว่ากันว่ามันถูกใช้เพื่อ เปิดมุมมองความคิดใหม่ๆ",
    "DESCRIPTIONS": [
      "เมื่อจบเทิร์น คุณสามารถเลือกการ์ด #b1 ใบ จากที่สุ่มมา #b3 ใบ เพื่อสับเข้ากองจั่ว"
    ]
  },
  "Ninja Scroll": {
    "NAME": "คัมภีร์วิชานินจา",
    "FLAVOR": "เปิดเผยความลับ ของการลอบสังหารทั้งปวง",
    "DESCRIPTIONS": [
      "เมื่อเริ่มต้นเทิร์น เพิ่มการ์ด #yมีดสั้น #b",
      " ใบใส่มือ"
    ]
  },
  "Nloth's Gift": {
    "NAME": "ของขวัญจากนลอธ",
    "FLAVOR": "ของขวัญแปลกๆ จากนลอธ ทุกครั้งที่แกะกล่องออกมา ก็จะมีกล่องขนาดเดียวกัน อยู่ภายในอีกเรื่อยๆ",
    "DESCRIPTIONS": [
      "เมื่อรับรางวัลจากการต่อสู้ เพิ่มโอกาสในการพบ #yการ์ดหายาก เป็น 3 เท่า"
    ]
  },
  "Nuclear Battery": {
    "NAME": "แบตเตอรี่พลังงานนิวเคลียร์",
    "FLAVOR": "อู้ววว...",
    "DESCRIPTIONS": [
      "เมื่อเริ่มการต่อสู้ #yปลุกเสก #b1 #yพลาสมา"
    ]
  },
  "Nullstone Periapt": {
    "NAME": "สร้อยศิลาแห่งความว่างเปล่า",
    "FLAVOR": "DEPRECATED.",
    "DESCRIPTIONS": [
      "ปฏิเสธผลร้ายของศัตรู NL พลังของเครื่องรางจะกลับมาใช้ได้อีกใน #b10 เทิร์น"
    ]
  },
  "Odd Mushroom": {
    "NAME": "เห็ดประหลาด",
    "FLAVOR": "\"หลังจากกินเข้าไป ข้ารู้สึกเก่งขึ้น และเปราะบางน้อยลง...\" - แรนวิด ",
    "DESCRIPTIONS": [
      "เมื่อมีผล #yจุดอ่อน จะถูกโจมตีแรงขึ้นเพียง #b25% แทนที่จะเป็น #b50%"
    ]
  },
  "Oddly Smooth Stone": {
    "NAME": "หินที่เรียบเนียนผิดปกติ",
    "FLAVOR": "คุณไม่เคยเจออะไรที่เรียบละมุน และเก่าแก่แบบนี้มาก่อน คงเป็นผลงานในยุคโบราณแน่ๆ",
    "DESCRIPTIONS": [
      "เมื่อเริ่มการต่อสู้ ได้รับ #b",
      " #yความชำนาญ"
    ]
  },
  "Old Coin": {
    "NAME": "เหรียญโบราณ",
    "FLAVOR": "เหรียญที่ทำจากโลหะมีค่าหายากและเก่าแก่ พวกนักสะสมยินดีให้ราคาสูง",
    "DESCRIPTIONS": [
      "เมื่อรับมา ได้รับ #b300 #yทอง"
    ]
  },
  "Omamori": {
    "NAME": "โอะมะโมะริ",
    "FLAVOR": "ใช้ขับไล่วิญญาณชั่วร้าย ดูเหมือนจะมีพลังศักดิ์สิทธิ์ หลับใหลอยู่",
    "DESCRIPTIONS": [
      "ปฏิเสธ #rคำสาป ที่จะได้รับอีก #b2 ใบ",
      "ปฏิเสธ #rคำสาป ที่จะได้รับอีก #b1 ใบ",
      "เครื่องรางชิ้นนี้หมดพลังแล้ว"
    ]
  },
  "Orichalcum": {
    "NAME": "โอริคัลคุม",
    "FLAVOR": "โลหะสีเขียวที่ไม่ทราบแหล่งที่มา แต่ดูเหมือนจะไม่มีวันพัง",
    "DESCRIPTIONS": [
      "เมื่อจบเทิร์น ถ้าคุณไม่มี #yเกราะ ได้รับ #b",
      " #yเกราะ"
    ]
  },
  "Ornamental Fan": {
    "NAME": "พัดอลงกต",
    "FLAVOR": "ยิ่งเลือดหยดใส่พัด โครงสร้างของมันก็ยิ่งแข็งแรงขึ้น",
    "DESCRIPTIONS": [
      "เมื่อใช้ #yการ์ดโจมตี ทุกๆ #b3 ใบในเทิร์นเดียว ได้รับ #b",
      " #yเกราะ"
    ]
  },
  "Orrery": {
    "NAME": "แบบจำลองวงโคจรดาวเคราะห์",
    "FLAVOR": "\"เมื่อคุณเข้าใจจักรวาล...\" - โซรอธ",
    "DESCRIPTIONS": [
      "เมื่อรับมา เลือกเพิ่มการ์ด #b5 ใบเข้ากองการ์ด",
      "ความรู้!"
    ]
  },
  "Pandora's Box": {
    "NAME": "กล่องแพนโดรา",
    "FLAVOR": "คุณรู้สึกใจคอไม่ดีเลย",
    "DESCRIPTIONS": [
      "เมื่อรับมา #bแปรสภาพ การ์ด #yจู่โจม และ #yป้องกัน ทั้งหมด",
      "กล่องแพนโดราถูกเปิดออกแล้ว..."
    ]
  },
  "Pantograph": {
    "NAME": "เครื่องย่อขยายแผนที่",
    "FLAVOR": "\"รากฐานที่ดีมิได้เกิดขึ้นโดยบังเอิญ การวางแผนโดยใช้เครื่องมือที่ถูกต้อง เป็นสิ่งจำเป็น\" - สถาปนิก",
    "DESCRIPTIONS": [
      "เมื่อเริ่มการต่อสู้กับบอส ฟื้นฟู #b",
      " HP"
    ]
  },
  "Paper Crane": {
    "NAME": "ณกกระเรียนกระดาษ",
    "FLAVOR": "กระดาษที่ถูกพับเป็นรูป สิ่งมีชีวิตในยุคอดีต",
    "DESCRIPTIONS": [
      "ศัตรูที่ได้รับผล #yความอ่อนแอ จะโจมตีเบาลง #b40% แทนที่จะเป็น #b25%"
    ]
  },
  "Paper Frog": {
    "NAME": "กปกระดาษ",
    "FLAVOR": "กระดาษนี้สามารถพับและคลี่ออก ได้ด้วยตัวเอง เพื่อปรับเปลี่ยนรูปร่าง ให้กลายเป็นสิ่งมีชีวิตตัวเล็กๆ",
    "DESCRIPTIONS": [
      "ศัตรูที่ได้รับผล #yจุดอ่อน จะถูกโจมตีแรงขึ้น #b75% แทนที่จะเป็น #b50%"
    ]
  },
  "Peace Pipe": {
    "NAME": "ยาสูบแห่งความสงบ",
    "FLAVOR": "ทำจิตให้ว่าง ทำกายให้บริสุทธิ์",
    "DESCRIPTIONS": [
      "ต่อไปนี้ คุณสามารถ #yกำจัด การ์ดได้ที่กองไฟ"
    ]
  },
  "Pear": {
    "NAME": "ลูกแพร์",
    "FLAVOR": "ผลไม้ที่พบได้ทั่วไปก่อนเกิด วิกฤติโรคระบาด",
    "DESCRIPTIONS": [
      "เมื่อรับมา เพิ่ม HP สูงสุด #b"
    ]
  },
  "Pen Nib": {
    "NAME": "หัวปากกา",
    "FLAVOR": "เมื่อสัมผัสหัวปากกา คุณมองเห็นทุกคนที่เคยเสียชีวิต ให้กับเจ้าของปากกาด้ามนี้ เป็นประวัติศาสตร์ที่สะเทือนใจมาก",
    "DESCRIPTIONS": [
      "การใช้ #yการ์ดโจมตี ทุกๆ #b10 ครั้งจะโจมตีเป็น 2 เท่า"
    ]
  },
  "Philosopher's Stone": {
    "NAME": "ศิลานักปราชญ์",
    "FLAVOR": "มีพลังงานเข้มข้น ไหลออกมาตลอดเวลา มอบพลังให้กับทุกสิ่งรอบตัว",
    "DESCRIPTIONS": [
      "เมื่อเริ่มต้นเทิร์น ได้รับ [E] และเมื่อเริ่มการต่อสู้ ศัตรูทั้งหมดได้รับ #b",
      " #yความแข็งแรง"
    ]
  },
  "Potion Belt": {
    "NAME": "เข็มขัดขวดยา",
    "FLAVOR": "ถ้ามีเข็มขัดเส้นนี้ ก็เก็บขวดยาเพิ่มได้อีก!",
    "DESCRIPTIONS": [
      "เมื่อรับมา เพิ่มช่องเก็บขวดยาอีก #b2 ช่อง"
    ]
  },
  "Prayer Wheel": {
    "NAME": "กงล้ออธิษฐาน",
    "FLAVOR": "กงล้อยังคงหมุนไปไม่เคยหยุด",
    "DESCRIPTIONS": [
      "ศัตรูปกติจะดรอปการ์ดรางวัล อีก 1 ชุด"
    ]
  },
  "Question Card": {
    "NAME": "การ์ดปริศนา",
    "FLAVOR": "\"ผู้ที่มีทางเลือกมาก ย่อมลดโอกาสเกิดความผิดพลาด ได้มาก\" - กุบไล ผู้ยิ่งใหญ่",
    "DESCRIPTIONS": [
      "ต่อไปนี้ คุณจะมีตัวเลือกเพิ่มอีก #b1 ใบในการเลือกการ์ดรางวัล"
    ]
  },
  "Red Circlet": {
    "NAME": "รัดเกล้าสีชาด",
    "FLAVOR": "คุณเก็บเครื่องรางได้ครบแล้ว ยอดไปเลย!",
    "DESCRIPTIONS": [
      "น่ารักจัง"
    ]
  },
  "Red Mask": {
    "NAME": "หน้ากากแดง",
    "FLAVOR": "หน้ากากดูดีอันนี้เป็นของ หัวหน้ากลุ่มโจรสวมหน้ากาก แบบนี้ถือว่าเราเป็นหัวหน้าโจร ด้วยหรือเปล่านะ",
    "DESCRIPTIONS": [
      "เมื่อเริ่มการต่อสู้ เพิ่มผล #b",
      " #yความอ่อนแอ ใส่ศัตรูทั้งหมด"
    ]
  },
  "Red Skull": {
    "NAME": "กะโหลกแดง",
    "FLAVOR": "กะโหลกขนาดเล็กที่ได้รับการตกแต่ง ด้วยสีสันสวยงาม",
    "DESCRIPTIONS": [
      "เมื่อ HP เหลือไม่เกิน #b50% คุณจะได้รับ #b",
      " #yความแข็งแรง"
    ]
  },
  "Regal Pillow": {
    "NAME": "หมอนหรู",
    "FLAVOR": "ทีนี้จะได้นอนหลับสบายสักที",
    "DESCRIPTIONS": [
      "เมื่อ #yพักผ่อน ฟื้นฟูเพิ่มเติมอีก #b",
      " HP"
    ]
  },
  "Ring of the Serpent": {
    "NAME": "แหวนแห่งอสรพิษ",
    "FLAVOR": "แหวนของคุณ เปลี่ยนแปลงรูปร่างไปแล้ว",
    "DESCRIPTIONS": [
      "แทนที่ #gแหวนแห่งงู ",
      "เมื่อเริ่มต้นเทิร์น จั่วการ์ดเพิ่ม #b1 ใบ"
    ]
  },
  "Ring of the Snake": {
    "NAME": "แหวนแห่งงู",
    "FLAVOR": "ทำจากซากฟอสซิลของงู บ่งบอกถึงทักษะอันดีเลิศของนักล่า",
    "DESCRIPTIONS": [
      "เมื่อเริ่มการต่อสู้ จั่วการ์ดเพิ่ม #b",
      " ใบ"
    ]
  },
  "Runic Capacitor": {
    "NAME": "ตัวเก็บประจุลงอาคม",
    "FLAVOR": "ยิ่งมากยิ่งดี",
    "DESCRIPTIONS": [
      "เมื่อเริ่มการต่อสู้ ได้รับ ช่องเก็บลูกแก้วเพิ่มอีก #b3 ช่อง"
    ]
  },
  "Runic Cube": {
    "NAME": "ลูกบาศก์ลงอาคม",
    "FLAVOR": "อ่านอักษรรูนเหล่านี้ไม่ออกเลย",
    "DESCRIPTIONS": [
      "เมื่อสูญเสีย HP จั่วการ์ด #b",
      " ใบ",
      ""
    ]
  },
  "Runic Dome": {
    "NAME": "โดมลงอาคม",
    "FLAVOR": "อ่านอักษรรูนเหล่านี้ไม่ออกเลย",
    "DESCRIPTIONS": [
      " คุณจะไม่เห็นความคิด ของศัตรูอีกต่อไป",
      "เมื่อเริ่มต้นเทิร์น ได้รับ [E]"
    ]
  },
  "Runic Pyramid": {
    "NAME": "พีระมิดลงอาคม",
    "FLAVOR": "อ่านอักษรรูนเหล่านี้ไม่ออกเลย",
    "DESCRIPTIONS": [
      "เมื่อจบเทิร์น คุณไม่ต้องทิ้งการ์ดในมืออีกต่อไป",
      ""
    ]
  },
  "Self Forming Clay": {
    "NAME": "ดินเหนียวแปรสภาพ",
    "FLAVOR": "\"แปลกจัง รู้สึกว่าจะเปลี่ยนรูปร่าง ไปตามที่ข้าคิดเลย มันคือดินเหนียวพลังจิตหรือไงกัน\" - แรนวิด",
    "DESCRIPTIONS": [
      "เมื่อสูญเสีย HP ได้รับ #b",
      " #yเกราะ ในเทิร์นต่อไป"
    ]
  },
  "Shovel": {
    "NAME": "พลั่ว",
    "FLAVOR": "มีเครื่องรางของอารยธรรมในอดีต และของนักเดินทางเก่งๆ มากมายในสไปร์ ได้เวลาขุดหาแล้ว!",
    "DESCRIPTIONS": [
      "ต่อไปนี้ คุณสามารถ #yขุด หาเครื่องรางได้ที่กองไฟ"
    ]
  },
  "Shuriken": {
    "NAME": "ดาวกระจาย",
    "FLAVOR": "อาวุธสำหรับขว้างน้ำหนักเบา แนะนำให้โจมตีใส่ดวงตา",
    "DESCRIPTIONS": [
      "เมื่อใช้ #yการ์ดโจมตี ทุกๆ #b",
      " ใบในเทิร์นเดียว ได้รับ #b",
      " #yความแข็งแรง"
    ]
  },
  "Singing Bowl": {
    "NAME": "ขันกังวาน",
    "FLAVOR": "ขันที่ถูกประดิษฐ์อย่างพิถีพิถัน เมื่อวนไม้ไปรอบขันอย่างเหมาะสม จะก่อให้เกิดเสียงดนตรีไพเราะ ช่วยให้จิตสงบ",
    "DESCRIPTIONS": [
      "คุณสามารถเลือกเพิ่ม HP สูงสุด อีก #b2 แทนการเลือกเพิ่มการ์ด เข้ากองการ์ดได้"
    ]
  },
  "Smiling Mask": {
    "NAME": "หน้ากากแห่งรอยยิ้ม",
    "FLAVOR": "หน้ากากที่พ่อค้าสวมใส่อยู่ สงสัยเขามีหลายอัน...",
    "DESCRIPTIONS": [
      "บริการกำจัดการ์ดของพ่อค้า จะมีราคา #b",
      " #yทอง ตลอดไป"
    ]
  },
  "Snake Skull": {
    "NAME": "กะโหลกของงุกแก",
    "FLAVOR": "กะโหลกของงุกแก เก่าแก่แต่ยังสภาพดี เรียบเนียนและบริสุทธิ์อย่างพิศวง สิ่งสกปรกร่วงหล่นไปเองอย่างลึกลับ",
    "DESCRIPTIONS": [
      "เมื่อคุณเพิ่มผล #yพิษ ใส่ศัตรู จะส่งผลเพิ่มอีก #b",
      " #yพิษ"
    ]
  },
  "Snecko Eye": {
    "NAME": "ดวงตาของงุกแก",
    "FLAVOR": "ดวงตาของงุกแกที่พ่ายแพ้ มันใหญ่กว่าที่คิด",
    "DESCRIPTIONS": [
      "เมื่อเริ่มต้นเทิร์น จั่วการ์ดอีก #b2 ใบ และเมื่อเริ่มการต่อสู้ ได้รับ #yสับสน"
    ]
  },
  "Sozu": {
    "NAME": "ไม้ไผ่น้ำล้น",
    "FLAVOR": "ดูเมือนว่าของเหลวลึกลับในไม้ไผ่ จะเสื่อมสถานะถ้าคุณเข้าใกล้ เครื่องรางชิ้นนี้",
    "DESCRIPTIONS": [
      " คุณจะไม่ได้รับขวดยาอีกต่อไป",
      "เมื่อเริ่มต้นเทิร์น ได้รับ [E]"
    ]
  },
  "Spirit Poop": {
    "NAME": "อึของวิญญาณ",
    "FLAVOR": "สิ่งที่หลงเหลือจาก ของสักการะที่ถวายให้วิญญาณ",
    "DESCRIPTIONS": [
      "ไม่พึงประสงค์เลย"
    ]
  },
  "Strange Spoon": {
    "NAME": "ช้อนประหลาด",
    "FLAVOR": "เมื่อจ้องมองช้อน ดูเหมือนว่ามันจะโค้งงอ และบิดเบี้ยวไปมา",
    "DESCRIPTIONS": [
      "การ์ดที่จะถูก #yสลาย มีโอกาส #b50% ที่จะถูกทิ้งแทน"
    ]
  },
  "Strawberry": {
    "NAME": "สตรอว์เบอร์รี",
    "FLAVOR": "\"อร่อยจัง! หลังจากวิกฤติโรคระบาด ก็ไม่ค่อยได้เห็นเลย\" - แรนวิด",
    "DESCRIPTIONS": [
      "เมื่อรับมา เพิ่ม HP สูงสุด #b"
    ]
  },
  "Sundial": {
    "NAME": "นาฬิกาแดด",
    "FLAVOR": "\"คนสมัยก่อนโง่เขลา และหมกมุ่นเรื่องเวลา ทำให้พวกเขาต้องพึ่งพา การชี้นำจากท้องฟ้า\" - โซรอธ",
    "DESCRIPTIONS": [
      "เมื่อกองจั่วถูกสับทุกๆ #b",
      " ครั้ง ได้รับ [E] [E] "
    ]
  },
  "Symbiotic Virus": {
    "NAME": "ไวรัสชีวภาพ",
    "FLAVOR": "เรื่องร้ายเล็กๆ น้อยๆ อาจก่อให้เกิดเรื่องดีๆ ก็ได้...",
    "DESCRIPTIONS": [
      "เมื่อเริ่มการต่อสู้ #yปลุกเสก #b1 #yความมืด"
    ]
  },
  "Test 1": {
    "NAME": "",
    "FLAVOR": "",
    "DESCRIPTIONS": [
      "",
      "",
      "",
      ""
    ]
  },
  "Test 2": {
    "NAME": "",
    "FLAVOR": "",
    "DESCRIPTIONS": [
      ""
    ]
  },
  "Test 3": {
    "NAME": "",
    "FLAVOR": "",
    "DESCRIPTIONS": [
      ""
    ]
  },
  "Test 4": {
    "NAME": "",
    "FLAVOR": "",
    "DESCRIPTIONS": [
      ""
    ]
  },
  "Test 5": {
    "NAME": "",
    "FLAVOR": "",
    "DESCRIPTIONS": [
      "",
      ""
    ]
  },
  "Test 6": {
    "NAME": "",
    "FLAVOR": "",
    "DESCRIPTIONS": [
      "",
      "",
      ""
    ]
  },
  "Test 7": {
    "NAME": "",
    "FLAVOR": "",
    "DESCRIPTIONS": [
      ""
    ]
  },
  "Test 8": {
    "NAME": "",
    "FLAVOR": "",
    "DESCRIPTIONS": [
      ""
    ]
  },
  "The Courier": {
    "NAME": "สัตว์ส่งของ",
    "FLAVOR": "สัตว์เลี้ยงตัวโปรดของพ่อค้า!",
    "DESCRIPTIONS": [
      "พ่อค้าจะเติม การ์ด เครื่องราง และขวดยาทันทีที่มีการขายออกไป และสินค้าจะมีราคาลดลง #b20%"
    ]
  },
  "The Specimen": {
    "NAME": "ซากตัวอย่าง",
    "FLAVOR": "\"แจ๋วเลย! ข้าพบสิ่งมีชีวิตกลายพันธุ์ ที่มีพิษอัศจรรย์ เลยเก็บตัวอย่างไว้ เพื่อศึกษาต่อทีหลัง\" - แรนวิด",
    "DESCRIPTIONS": [
      "เมื่อศัตรูตาย ถ่ายโอน #yพิษ ของมันไปสู่ศัตรูแบบสุ่ม 1 ตัว"
    ]
  },
  "Thread and Needle": {
    "NAME": "เข็มกับด้าย",
    "FLAVOR": "เมื่อนำด้ายสายสิญจน์มาพันรอบตัว คุณก็รู้สึกแข็งแกร่งขึ้น",
    "DESCRIPTIONS": [
      "เมื่อเริ่มการต่อสู้ ได้รับ #b",
      " #yเกราะโลหะ"
    ]
  },
  "Tingsha": {
    "NAME": "ฉิ่งเรียกสมาธิ",
    "FLAVOR": "ใช้สร้างเสียงและแรงสั่นสะเทือน จนเกิดความเจ็บปวดได้",
    "DESCRIPTIONS": [
      "เมื่อคุณทิ้งการ์ดในเทิร์นตัวเอง สร้างความเสียหาย #b",
      " ใส่ศัตรูแบบสุ่ม"
    ]
  },
  "Tiny Chest": {
    "NAME": "กล่องสมบัติจิ๋ว",
    "FLAVOR": "\"ของต้นแบบที่งดงาม\" - สถาปนิก",
    "DESCRIPTIONS": [
      "ห้อง #y? ทุกๆ #b",
      " ห้อง จะเป็นห้อง #yสมบัติ",
      ""
    ]
  },
  "Tiny House": {
    "NAME": "บ้านจิ๋ว",
    "FLAVOR": "\"สิ่งประดิษฐ์จิ๋วที่เข้าใกล้ ความสมบูรณ์แบบ ฝีมือของข้าเกือบจะยอดเยี่ยมแล้ว แต่ก็ยังไม่มากพอ\" - สถาปนิก",
    "DESCRIPTIONS": [
      "เมื่อรับมา ได้รับขวดยา #b1 ขวด NL ได้รับ #b",
      " #yทอง NL เพิ่ม HP สูงสุด #b",
      " NL ได้รับการ์ด #b1 ใบ NL พัฒนาการ์ด #b1 ใบแบบสุ่ม",
      "บ้านจิ๋ว!"
    ]
  },
  "Toolbox": {
    "NAME": "กล่องเครื่องมือช่าง",
    "FLAVOR": "กล่องเครื่องมือสำหรับทุกงาน",
    "DESCRIPTIONS": [
      "เมื่อเริ่มการต่อสู้ เลือกการ์ดไม่มีสี #b1 จาก #b3 ใบ เพื่อเพิ่มใส่มือ"
    ]
  },
  "Torii": {
    "NAME": "ประตูโทริอิ",
    "FLAVOR": "เมื่อพกประตูโทริอิจิ๋วติดตัวไปด้วย ก็รู้สึกได้ถึงความสงบ และความปลอดภัยในจิตใจ",
    "DESCRIPTIONS": [
      "เมื่อ HP จะลดลง จากการถูกโจมตี ที่ไม่เกิน #b",
      " ให้เปลี่ยนเป็น #b1 แทน"
    ]
  },
  "Tough Bandages": {
    "NAME": "ผ้าพันแผลขนาดใหญ่",
    "FLAVOR": "ความสูญเสียก่อกำเนิดพละกำลัง",
    "DESCRIPTIONS": [
      "ในเทิร์นของคุณ เมื่อมีการ์ดถูกทิ้ง ได้รับ #b",
      " #yเกราะ"
    ]
  },
  "Toxic Egg 2": {
    "NAME": "ไข่พิษ",
    "FLAVOR": "\"เป็นการค้นพบอย่างมหัศจรรย์ นี่เป็นไข่ของสิ่งมีชีวิตลี้ลับ มันเป็นไข่ของใครหรือตัวอะไรกันนะ\" - แรนวิด",
    "DESCRIPTIONS": [
      "เมื่อเพิ่ม #yการ์ดทักษะ เข้ากองการ์ด จะถูก #yพัฒนา ทันที"
    ]
  },
  "Toy Ornithopter": {
    "NAME": "เครื่องร่อนของเล่น",
    "FLAVOR": "\"ของเล่นชิ้นนี้เหมาะสำหรับ ใช้เป็นเพื่อนร่วมทางให้กับ นักเดินทางผู้โดดเดี่ยว\"",
    "DESCRIPTIONS": [
      "เมื่อใช้ขวดยา ฟื้นฟู #b",
      " HP"
    ]
  },
  "Turnip": {
    "NAME": "หัวผักกาด",
    "FLAVOR": "ได้ผลดีที่สุดเมื่อผสมรวมกับขิง",
    "DESCRIPTIONS": [
      "คุณจะไม่ได้รับผล #yความบอบบาง อีกต่อไป"
    ]
  },
  "Unceasing Top": {
    "NAME": "ลูกข่างที่ไม่มีวันหยุดหมุน",
    "FLAVOR": "ลูกข่างหมุนแบบไม่จบสิ้น ราวกับว่าคุณกำลังอยู่ใน มิติแห่งความฝัน",
    "DESCRIPTIONS": [
      "ในเทิร์นของคุณ เมื่อไรก็ตาม ที่คุณไม่เหลือการ์ดในมือ จั่วการ์ด 1 ใบ"
    ]
  },
  "Vajra": {
    "NAME": "วัชระ",
    "FLAVOR": "จัดทำขึ้นเป็นอย่างดี มอบให้นักรบผู้คว้าชัยชนะในการศึก",
    "DESCRIPTIONS": [
      "เมื่อเริ่มการต่อสู้ ได้รับ #b",
      " #yความแข็งแรง"
    ]
  },
  "Velvet Choker": {
    "NAME": "สร้อยติดคอกำมะหยี่",
    "FLAVOR": "\"พลังงานล้มหลาม ภายใต้ความจำกัด\" - กุบไล ผู้ยิ่งใหญ่",
    "DESCRIPTIONS": [
      " คุณจะใช้การ์ดได้ไม่เกิน #b",
      " ใบต่อเทิร์น",
      "เมื่อเริ่มต้นเทิร์น ได้รับ [E]",
      "ข้าใช้การ์ดได้ไม่เกิน NL #r"
    ]
  },
  "War Paint": {
    "NAME": "สีแห่งสงคราม",
    "FLAVOR": "ในอดีต พวกนักรบเกราะเหล็ก จะใช้สีแห่งสงครามมาทำพิธี ก่อนจะออกรบ",
    "DESCRIPTIONS": [
      "เมื่อรับมา #yพัฒนา #yการ์ดทักษะ #b",
      " ใบแบบสุ่ม"
    ]
  },
  "Whetstone": {
    "NAME": "หินลับอาวุธ",
    "FLAVOR": "\"เนื้อหนังมังสา ย่อมสยบต่อเหล็กกล้า\" - กุบไล ผู้ยิ่งใหญ่",
    "DESCRIPTIONS": [
      "เมื่อรับมา #yพัฒนา #yการ์ดโจมตี #b",
      " ใบแบบสุ่ม"
    ]
  },
  "White Beast Statue": {
    "NAME": "รูปปั้นสัตว์เผือก",
    "FLAVOR": "นี่คือรูปปั้นของสัตว์แปลก ที่คุณไม่เคยเห็นมาก่อน",
    "DESCRIPTIONS": [
      "ต่อไปนี้ คุณจะได้รับขวดยา เป็นรางวัลจากการต่อสู้ด้วย"
    ]
  },
  "Boot": {
    "NAME": "รองเท้าบูท",
    "FLAVOR": "เมื่อผู้สวมใส่โมโห รองเท้าจะมีขนาดใหญ่ขึ้น",
    "DESCRIPTIONS": [
      "ถ้าการโจมตีของคุณ ทำความเสียหายจริงไม่เกิน #b",
      " ให้เปลี่ยนเป็น #b5 แทน"
    ]
  },
  "Mark of the Bloom": {
    "NAME": "ตราแห่งความเบ่งบาน",
    "FLAVOR": "ในดินแดนเบื้องบน ความคิดและความจริงคือหนึ่งเดียวกัน",
    "DESCRIPTIONS": [
      "คุณจะไม่ได้รับการฟื้นฟูอีกต่อไป"
    ]
  },
  "Busted Crown": {
    "NAME": "มงกุฎที่แตกหัก",
    "FLAVOR": "มงกุฎของผู้ชนะ... หรือว่าเป็นของปลอมกันแน่",
    "DESCRIPTIONS": [
      " ต่อไปนี้ การ์ดรางวัลจะ มีให้เลือกน้อยลง #b2 ใบ",
      "เมื่อเริ่มต้นเทิร์น ได้รับ [E]"
    ]
  },
  "Incense Burner": {
    "NAME": "เตากำยาน",
    "FLAVOR": "ควันของกำยานชโลมร่างผู้ใช้ ซึ่งเกิดจากวิญญาณที่ถูกเผา",
    "DESCRIPTIONS": [
      "ทุกๆ #b6 เทิร์น ได้รับ #b1 #yไร้ตัวตน"
    ]
  },
  "Empty Cage": {
    "NAME": "กรงที่ว่างเปล่า",
    "FLAVOR": "\"การจับสิ่งที่เราเทิดทูนมาขังไว้ มันไม่ฟังดูผิดปกติไปหน่อยเหรอ\" - แรนวิด",
    "DESCRIPTIONS": [
      "เมื่อรับมา กำจัดการ์ด #b2 ใบในกองการ์ด",
      "เลือกกำจัดการ์ด 2 ใบ"
    ]
  },
  "Fusion Hammer": {
    "NAME": "ค้อนผสานพลัง",
    "FLAVOR": "เมื่อได้ลองใช้ ก็ไม่อยากปล่อยมืออีกเลย",
    "DESCRIPTIONS": [
      " คุณจะไม่สามารถ #yตีบวก ที่กองไฟได้อีกต่อไป",
      "เมื่อเริ่มต้นเทิร์น ได้รับ [E]"
    ]
  },
  "Coffee Dripper": {
    "NAME": "แก้วดริปกาแฟ",
    "FLAVOR": "\"ขออีกถ้วยนะ เอาล่ะ ต้องทำงาน กลับมาทำงานต่อได้แล้ว!\" - สถาปนิก",
    "DESCRIPTIONS": [
      " คุณจะไม่สามารถ #yพักผ่อน ที่กองไฟได้อีกต่อไป",
      "เมื่อเริ่มต้นเทิร์น ได้รับ [E]"
    ]
  },
  "SsserpentHead": {
    "NAME": "หัวอสสสสรพิษ",
    "FLAVOR": "อำนาจในการซื้อทุกสิ่งทุกอย่าง ได้ตามต้องการ คือที่สุดของชีวิต!",
    "DESCRIPTIONS": [
      "เมื่อเข้าห้อง #y? ได้รับ #b",
      " #yทอง"
    ]
  },
  "MutagenicStrength": {
    "NAME": "สารก่อกลายพันธุ์",
    "FLAVOR": "\"ออกฤทธิ์เมื่อเหยื่อตกอยู่ในอันตราย แต่ก็เพียงชั่วขณะเท่านั้น\" - นิรนาม",
    "DESCRIPTIONS": [
      "เมื่อเริ่มการต่อสู้ ได้รับ #b",
      " #yความแข็งแรง .. เมื่อจบเทิร์น สูญเสีย #b",
      " #yความแข็งแรง"
    ]
  },
  "FaceOfCleric": {
    "NAME": "หน้ากากบาทหลวง",
    "FLAVOR": "ทุกคนรักบาทหลวง",
    "DESCRIPTIONS": [
      "เมื่อสิ้นสุดการต่อสู้ เพิ่ม HP สูงสุด #b1"
    ]
  },
  "NlothsMask": {
    "NAME": "หน้ากากนลอธผู้หิวโหย",
    "FLAVOR": "คุณรู้สึกหิวโหย",
    "DESCRIPTIONS": [
      "กล่องสมบัติใบต่อไป ที่ไม่ใช่ของบอส จะว่างเปล่า",
      ""
    ]
  },
  "GremlinMask": {
    "NAME": "หน้ากากเกร็มลิน",
    "FLAVOR": "ได้เวลาเผ่นแล้ว",
    "DESCRIPTIONS": [
      "เมื่อเริ่มการต่อสู้ ได้รับ #b1 #yความอ่อนแอ"
    ]
  },
  "CultistMask": {
    "NAME": "หน้ากากสาวกคลั่งลัทธิ",
    "FLAVOR": "ได้เป็นส่วนหนึ่งของฝูงแล้ว!",
    "DESCRIPTIONS": [
      "คุณรู้สึกว่าตัวเองพูดมากขึ้น",
      "@กา@ NL @กาาา!@"
    ]
  },
  "TheAbacus": {
    "NAME": "ลูกคิด",
    "FLAVOR": "\"หนึ่ง...สอง...สาม...\"",
    "DESCRIPTIONS": [
      "เมื่อสับกองจั่ว ได้รับ #b",
      " #yเกราะ"
    ]
  },
  "DollysMirror": {
    "NAME": "กระจกเงาของดอลลี่",
    "FLAVOR": "\"เงาสะท้อนตัวข้าดูตลกดี\"",
    "DESCRIPTIONS": [
      "เมื่อรับมา ทำสำเนาการ์ด 1 ใบในกองการ์ด",
      "เลือกทำสำเนาการ์ด 1 ใบ"
    ]
  },
  "ClockworkSouvenir": {
    "NAME": "เครื่องจักรที่ระลึก",
    "FLAVOR": "\"มีเฟืองซับซ้อนเต็มไปหมด\"",
    "DESCRIPTIONS": [
      "เมื่อเริ่มการต่อสู้ ได้รับ #b1 #yอาคม"
    ]
  },
  "MealTicket": {
    "NAME": "คูปองอาหาร",
    "FLAVOR": "\"ฟรีลูกชิ้นเนื้อทุกครั้งที่แวะมา!\"",
    "DESCRIPTIONS": [
      "เมื่อเข้าร้านค้า ฟื้นฟู #b",
      " HP"
    ]
  },
  "TwistedFunnel": {
    "NAME": "กรวยที่บิดเบี้ยว",
    "FLAVOR": "\"ข้าคงไม่เอามารองน้ำดื่มเป็นแน่\"",
    "DESCRIPTIONS": [
      "เมื่อเริ่มการต่อสู้ เพิ่มผล #b4 #yพิษ ใส่ศัตรูทั้งหมด"
    ]
  },
  "HandDrill": {
    "NAME": "สว่านมือ",
    "FLAVOR": "\"เกลียวแหลมคมพวกนี้ อันตรายยิ่งนัก\"",
    "DESCRIPTIONS": [
      "เมื่อโจมตีทะลุ #yเกราะ ของศัตรูได้ เพิ่มผล #b2 #yจุดอ่อน"
    ]
  },
  "HoveringKite": {
    "NAME": "ว่าวลอยฟ้า",
    "FLAVOR": "ล่องลอยรอบตัวคุณขณะต่อสู้ ดูเหมือนจะลอยได้เพราะพลังลึกลับ",
    "DESCRIPTIONS": [
      "เทิร์นละครั้ง เมื่อทิ้งการ์ด ได้รับ [E] "
    ]
  },
  "Sling": {
    "NAME": "หนังสติ๊กแห่งความกล้าหาญ",
    "FLAVOR": "\"อุปกรณ์สำคัญที่ใช้ต่อกรกับ ศัตรูที่แข็งแกร่งเป็นพิเศษ\"",
    "DESCRIPTIONS": [
      "เมื่อเริ่มการต่อสู้กับลูกพี่ ได้รับ #b",
      " #yความแข็งแรง"
    ]
  },
  "OrangePellets": {
    "NAME": "ยาเม็ดสีส้ม",
    "FLAVOR": "\"ผลิตจากเชื้อราชนิดต่างๆ ทั่วทั้งสไปร์ ช่วยเยียวยาอาการป่วยทุกชนิด\"",
    "DESCRIPTIONS": [
      "เมื่อใช้ #yการ์ดพลัง #yการ์ดโจมตี และ #yการ์ดทักษะ ในเทิร์นเดียวกัน กำจัดผลผิดปกติทั้งหมดของคุณ"
    ]
  },
  "WristBlade": {
    "NAME": "ใบมีดลับ",
    "FLAVOR": "เป็นประโยชน์อย่างยิ่ง สำหรับการลอบสังหาร",
    "DESCRIPTIONS": [
      "#yการ์ดโจมตี ที่มีค่าร่าย #b0 จะมีพลังโจมตีเพิ่มขึ้น #b4"
    ]
  },
  "StoneCalendar": {
    "NAME": "ปฏิทินศิลา",
    "FLAVOR": "เมื่ออยู่ในสไปร์ ก็สูญเสียการรับรู้เรื่องเวลา",
    "DESCRIPTIONS": [
      "เมื่อจบเทิร์นที่ #b",
      " สร้างความเสียหาย #b",
      " ใส่ศัตรูทั้งหมด"
    ]
  },
  "Nunchaku": {
    "NAME": "กระบองสองท่อน",
    "FLAVOR": "อุปกรณ์สำหรับฝึกซ้อมชั้นดี ช่วยพัฒนาท่วงท่าและความว่องไว ให้กับผู้ใช้",
    "DESCRIPTIONS": [
      "เมื่อใช้ #yการ์ดโจมตี ทุกๆ #b",
      " ใบ ได้รับ [E] "
    ]
  },
  "Brimstone": {
    "NAME": "กำมะถัน",
    "FLAVOR": "แผ่ความร้อนระอุออกมา",
    "DESCRIPTIONS": [
      "เมื่อเริ่มต้นเทิร์น ได้รับ #b",
      " #yความแข็งแรง และศัตรูทั้งหมดได้รับ #b",
      " #yความแข็งแรง"
    ]
  },
  "PreservedInsect": {
    "NAME": "แมลงที่ถูกถนอมไว้",
    "FLAVOR": "แมลงตัวนี้มีพลังในการย่อส่วน มีผลกับศัตรูตัวใหญ่เป็นพิเศษ",
    "DESCRIPTIONS": [
      "ศัตรูทั้งหมดในการต่อสู้กับลูกพี่ จะมี HP ลดลง #b",
      "%"
    ]
  },
  "Pocketwatch": {
    "NAME": "นาฬิกาพกพา",
    "FLAVOR": "เข็มชี้ไปที่เวลา 3 นาฬิกาเสมอ",
    "DESCRIPTIONS": [
      "เมื่อใช้การ์ดไม่เกิน #b3 ใบในเทิร์นของคุณ จะจั่วการ์ดเพิ่ม #b3 ใบในเทิร์นต่อไป"
    ]
  },
  "FossilizedHelix": {
    "NAME": "ฟอสซิลเกลียวขด",
    "FLAVOR": "ดูเหมือนว่าจะไม่มีวันถูกทำลาย คุณสงสัยว่ามันเป็นของสิ่งมีชีวิต ตัวไหนกันนะ",
    "DESCRIPTIONS": [
      "ป้องกันการสูญเสีย HP ครั้งแรกในแต่ละการต่อสู้"
    ]
  },
  "PrismaticShard": {
    "NAME": "ชิ้นผลึกปริซึม",
    "FLAVOR": "เมื่อมองเข้าไปก็จะเห็น มุมมองใหม่อย่างสิ้นเชิง",
    "DESCRIPTIONS": [
      "ต่อไปนี้ เมื่อเลือกรางวัลจากการต่อสู้ จะมีการ์ดไม่มีสี และการ์ดสีอื่นๆ ให้เลือกด้วย"
    ]
  },
  "WarpedTongs": {
    "NAME": "คีมคีบที่บิดเบี้ยว",
    "FLAVOR": "คีมคีบต้องสาป ปล่อยพลังปรารถนาอย่างแรงกล้า ที่จะกลับไปอยู่ในที่ที่มันถูกขโมยมา",
    "DESCRIPTIONS": [
      "เมื่อเริ่มต้นเทิร์น #yพัฒนา การ์ด 1 ใบในมือแบบสุ่ม มีผลจนจบการต่อสู้"
    ]
  },
  "WingedGreaves": {
    "NAME": "รองเท้าติดปีก",
    "FLAVOR": "เก๋ไก๋",
    "DESCRIPTIONS": [
      "คุณสามารถข้ามไปยังห้อง ที่อยู่บนเส้นทางอื่นได้ (ใช้ได้ #b3 ครั้ง)"
    ]
  },
  "MawBank": {
    "NAME": "กระปุกออมสินรูปมอว์",
    "FLAVOR": "กำลังเป็นที่นิยมอย่างล้นหลาม ถึงแม้จะหวาดกลัวมอว์ก็ตาม",
    "DESCRIPTIONS": [
      "เมื่อผ่านไปยังห้องต่อไป สะสม #b",
      " #yทอง ในกระปุก แต่เมื่อจ่าย #yทอง ซื้อของที่ร้านค้า กระปุกจะแตกสลาย",
      "เครื่องรางชิ้นนี้หมดพลังแล้ว"
    ]
  },
  "Melange": {
    "NAME": "มีลอนจ์",
    "FLAVOR": "ผงปริศนาไม่ทราบที่มา กลิ่นเหมือนอบเชย",
    "DESCRIPTIONS": [
      "เมื่อสับกองจั่ว #yปรับดวง #b",
      ""
    ]
  },
  "PureWater": {
    "NAME": "น้ำบริสุทธิ์",
    "FLAVOR": "กรองผ่านทรายละเอียด ปลอดสิ่งเจือปน",
    "DESCRIPTIONS": [
      "เมื่อเริ่มต้นการต่อสู้ เพิ่ม #yปาฏิหาริย์ 1 ใบใส่มือ"
    ]
  },
  "HolyWater": {
    "NAME": "น้ำศักดิ์สิทธิ์",
    "FLAVOR": "ถูกตักเก็บไว้ ก่อนสไปร์ปรากฏ",
    "DESCRIPTIONS": [
      "แทนที่ #pน้ำบริสุทธิ์ เมื่อเริ่มต้นการต่อสู้ เพิ่ม #b3 #yปาฏิหาริย์ 3 ใบใส่มือ"
    ]
  },
  "SacredBark": {
    "NAME": "เปลือกไม้ศักดิ์สิทธิ์",
    "FLAVOR": "เปลือกไม้ที่ร่ำลือกันว่า มาจากต้นไม้โลก",
    "DESCRIPTIONS": [
      "ขวดยามีผลเป็น 2 เท่า"
    ]
  },
  "InkBottle": {
    "NAME": "ขวดน้ำหมึก",
    "FLAVOR": "พอใช้หมดแล้ว เติมกลับมาใหม่ได้เอง ด้วยน้ำหมึกสีอื่น",
    "DESCRIPTIONS": [
      "เมื่อใช้การ์ดครบ #b10 ใบ จั่วการ์ด #b1 ใบ"
    ]
  },
  "Yin": {
    "NAME": "DEPRECATED หยิน",
    "FLAVOR": "ถ้าไม่มีความมืด จะมีแสงสว่างได้อย่างไร จริงไหม",
    "DESCRIPTIONS": [
      "เมื่อใช้ #yการ์ดทักษะ ได้รับ #b1 #yความแข็งแรง แบบชั่วคราว"
    ]
  },
  "Yang": {
    "NAME": "ทวิภาค",
    "FLAVOR": "\"แล้วดวงอาทิตย์ก็มอดดับไปตลอดกาล เหมือนถูกม่านใหญ่ปิดบัง\" - โซรอธ",
    "DESCRIPTIONS": [
      "เมื่อใช้ #yการ์ดโจมตี ได้รับ #b1 #yความชำนาญ แบบชั่วคราว"
    ]
  },
  "Akabeko": {
    "NAME": "อะกะเบะโกะ",
    "FLAVOR": "\"มออออ~\"",
    "DESCRIPTIONS": [
      "ในแต่ละการต่อสู้ การโจมตีครั้งแรก สร้างความเสียหายเพิ่มขึ้น #b",
      ""
    ]
  },
  "VioletLotus": {
    "NAME": "บงกชสีม่วง",
    "FLAVOR": "คำโบราณบรรยายถึงผิวของ \"บ่อมานา\" กระจายอยู่รอบดอกไม้เหล่านี้",
    "DESCRIPTIONS": [
      "เมื่อออกจาก #yปางสงบ ได้รับ [E] เพิ่มเติม"
    ]
  },
  "TeardropLocket": {
    "NAME": "จี้อัสสุชล",
    "FLAVOR": "ผู้ถือครองตาบอด ไม่มีใครเคยเห็นเนื้อใน",
    "DESCRIPTIONS": [
      "เริ่มต้นการต่อสู้ด้วย #yปางสงบ"
    ]
  },
  "CeramicFish": {
    "NAME": "ปลากระเบื้องเคลือบ",
    "FLAVOR": "ถูกสร้างอย่างพิถีพิถัน เชื่อว่าจะนำลาภก้อนโตมาให้",
    "DESCRIPTIONS": [
      "เมื่อเพิ่มการ์ดเข้ากองการ์ด ได้รับ #b",
      " #yทอง"
    ]
  },
  "SlaversCollar": {
    "NAME": "ปลอกคอทาส",
    "FLAVOR": "โซ่สนิมผุแห่งความสังเวช",
    "DESCRIPTIONS": [
      "ในการต่อสู้กับลูกพี่และบอส ได้รับ [E] เมื่อเริ่มต้นเทิร์น"
    ]
  },
  "StrikeDummy": {
    "NAME": "หุ่นซ้อมรบ",
    "FLAVOR": "สภาพยับเยินสิ้นดี",
    "DESCRIPTIONS": [
      "การ์ดที่มีชื่อ \"จู่โจม\" สร้างความเสียหายเพิ่มขึ้น #b",
      ""
    ]
  },
  "CloakClasp": {
    "NAME": "เข็มกลัดผ้าคลุม",
    "FLAVOR": "เรียบง่ายแต่ทนทาน",
    "DESCRIPTIONS": [
      "เมื่อจบเทิร์น ได้รับ #b",
      " #yเกราะ ตามจำนวนการ์ดในมือ"
    ]
  },
  "TungstenRod": {
    "NAME": "แท่งทังสเตน",
    "FLAVOR": "หนักมากกกกก",
    "DESCRIPTIONS": [
      "เมื่อจะสูญเสีย HP ลดความเสียหายลง #b",
      ""
    ]
  },
  "HornCleat": {
    "NAME": "พุกเรือ",
    "FLAVOR": "ถือสนุกมือ ว่าแต่ มันเอาไว้ทำอะไร",
    "DESCRIPTIONS": [
      "เมื่อเริ่มต้นเทิร์นที่ 2 ได้รับ #b",
      " #yเกราะ"
    ]
  },
  "CaptainsWheel": {
    "NAME": "พวงมาลัยของกัปตัน",
    "FLAVOR": "เครื่องประดับไม้ แกะสลักอย่างประณีต สลักชื่อเจ้าของเอาไว้ ด้วยภาษาพิศวง",
    "DESCRIPTIONS": [
      "เมื่อเริ่มต้นเทิร์นที่ 3 ได้รับ #b",
      " #yเกราะ"
    ]
  },
  "GoldenEye": {
    "NAME": "เนตรทองคำ",
    "FLAVOR": "ส่องทะลุจิตโดยรอบ ปรุโปร่งทุกการเคลื่อนไหว",
    "DESCRIPTIONS": [
      "เมื่อ #yปรับดวง จะ #yปรับดวง เพิ่มอีก #b",
      " ใบ"
    ]
  },
  "Damaru": {
    "NAME": "ฑมรุ",
    "FLAVOR": "เสียงกลองอันน้อย ปลุกจิตให้ตื่นรู้ เผยทางเบื้องหน้า",
    "DESCRIPTIONS": [
      "เมื่อเริ่มต้นเทิร์น ได้รับ #b",
      " #yมนตรา"
    ]
  }
}