{
  "Neutral": {
    "NAME": "",
    "DESCRIPTION": [
      ""
    ]
  },
  "Wrath": {
    "NAME": "ปางโทสะ",
    "DESCRIPTION": [
      "คุณจะโจมตีแรงเป็น 2 เท่า และได้รับความเสียหายจากการโจมตีเป็น 2 เท่า"
    ]
  },
  "Calm": {
    "NAME": "ปางสงบ",
    "DESCRIPTION": [
      "เมื่อออกจาก #yปาง นี้ ได้รับ [W] [W] "
    ]
  },
  "Divinity": {
    "NAME": "ปางเทวัญ",
    "DESCRIPTION": [
      "เมื่อเข้าสู่ #yปาง นี้ ได้รับ [W] [W] [W] คุณจะโจมตีแรงเป็น 3 เท่า และออกจาก #yปาง นี้ ในต้นเทิร์นถัดไป"
    ]
  }
}