{
  "AchievementGrid": {
    "NAMES": [
      "耸肩无视",
      "纯净",
      "来打我啊",
      "契约",
      "肾上腺素",
      "强大",
      "嗑药",
      "岿然不动",
      "铜墙铁壁",
      "催化剂",
      "瘟疫",
      "忍者",
      "无限",
      "弱者为何要战斗",
      "完美",
      "守护者",
      "亡魂",
      "老大",
      "机械人偶",
      "收藏家",
      "第一勇士",
      "乌鸦",
      "形状",
      "时间吞噬者",
      "红宝石",
      "绿宝石",
      "隐藏",
      "谁会需要遗物？",
      "快速攀爬者",
      "进阶0",
      "进阶10",
      "极简主义者",
      "哦！甜甜圈！",
      "蓝宝石",
      "平常心",
      "集中",
      "霓虹",
      "能量何用",
      "今天是个好日子",
      "倏忽即逝",
      "进阶20",
      "红宝石+",
      "绿宝石+",
      "蓝宝石+",
      "终结",
      "永存者",
      "紫水晶",
      "紫水晶+"
    ],
    "TEXT": [
      "在只剩1点生命的情况下赢得一场战斗。",
      "手牌、抽牌堆、弃牌堆总计牌数小于等于3张。",
      "不出攻击牌赢得一场战斗。",
      "在一场战斗中消耗20张牌。",
      "在一个回合中拥有9点能量。",
      "在战斗中拥有10项或以上强化效果。",
      "在战斗中拥有50点或以上力量。",
      "在战斗中拥有99点或以上格挡。",
      "在战斗中拥有999格挡。",
      "在单个敌人身上施加99层或以上中毒。",
      "在一场战斗中以中毒效果打败3名敌人。",
      "在一回合中打出10张小刀。",
      "在一回合中打出25张牌。",
      "在第一回合打败一名Boss。",
      "不受任何伤害打败一名Boss。",
      "打败守护者",
      "打败六火亡魂。",
      "打败史莱姆老大。",
      "打败铜制机械人偶。",
      "打败收藏家。",
      "打败第一勇士。",
      "打败觉醒者。",
      "打败甜圈和八体。",
      "打败时间吞噬者。",
      "用铁甲战士打通游戏。",
      "用静默猎手打通游戏。",
      "这个成就的细节在被解锁时才会出现。",
      "以一个遗物打通游戏。",
      "在20分钟之内打通游戏。",
      "解锁进阶模式。",
      "通关进阶模式10。",
      "以5张或以下的牌组打通游戏。",
      "用狂宴击杀甜圈。",
      "用故障机器人打通游戏。",
      "以没有罕见牌和稀有牌的牌组打通游戏。",
      "在战斗中拥有25点或以上集中。",
      "在一回合内生成9个等离子充能球。",
      "在一回合内打出10张或更多耗能为0的牌。",
      "在一次每日挑战模式中获得胜利。",
      "在倏忽魔消逝之前将其击败。",
      "通关进阶模式20。",
      "用铁甲战士通关‘终局’。",
      "用静默猎手通关‘终局’。",
      "用故障机器人通关‘终局’。",
      "用铁甲战士、静默猎手和故障机器人通关‘终局’。",
      "获得其他所有成就。",
      "用观者打通游戏。",
      "用观者通关‘终局’。"
    ]
  },
  "CharStat": {
    "NAMES": [],
    "TEXT": [
      "总游戏时间： ",
      "总胜利： #y",
      "总死亡： #y",
      "总共爬过的楼层： #y",
      "总共杀死的Boss： #y",
      "总共杀死的敌人： #y",
      "总共喂过的水晶： #y",
      "发现的卡牌： #y",
      "解锁的卡牌： #y",
      "发现的遗物： #y",
      "解锁的遗物： #y",
      "最高层数： #y",
      "最高每日： #y",
      "最快胜利： ",
      "打败了 ",
      ": #g是 NL ",
      ": #r否 NL ",
      "胜利： #y",
      "死亡： #y",
      "攀爬楼层： #y",
      "杀死的Boss： #y",
      "杀死的敌人： #y",
      "最多连胜： #y",
      "最高分数： #y",
      "%02d:%02d:%02d",
      "%02d:%02d",
      "#y%02d时 #y%02d分 #y%02d秒",
      "#y%02d分 #y%02d秒",
      "%01d:%02d:%02d"
    ]
  },
  "StatsScreen": {
    "NAMES": [
      "#y总体统计",
      "#y成就",
      "#r铁甲战士",
      "#g静默猎手",
      "#b故障机器人",
      "#p观者"
    ],
    "TEXT": [
      "返回"
    ]
  },
  "PS4Trophy": {
    "NAMES": [
      "永垂不朽"
    ],
    "TEXT": [
      "解锁所有其他奖杯"
    ]
  }
}