{
  "Ancient Potion": {
    "NAME": "先古药水",
    "DESCRIPTIONS": [
      "获得 #b",
      " 层 #y人工制品 。"
    ]
  },
  "AttackPotion": {
    "NAME": "攻击药水",
    "DESCRIPTIONS": [
      "从 #b3 张随机攻击牌中选择 #b1 张加入你的手牌。这张牌在本回合耗能变为 #b0 。",
      "从 #b3 张随机攻击牌中选择 #b1 张，将其加入你的手牌 #b2 次。这两张牌在本回合耗能变为 #b0 。"
    ]
  },
  "Block Potion": {
    "NAME": "格挡药水",
    "DESCRIPTIONS": [
      "获得 #b",
      " 点 #y格挡 。"
    ]
  },
  "BloodPotion": {
    "NAME": "鲜血药水",
    "DESCRIPTIONS": [
      "回复最大生命值的 #b",
      "% 。"
    ]
  },
  "Dexterity Potion": {
    "NAME": "敏捷药水",
    "DESCRIPTIONS": [
      "获得 #b",
      " 点 #y敏捷 。"
    ]
  },
  "Elixir": {
    "NAME": "不死药",
    "DESCRIPTIONS": [
      "",
      "",
      "DEPRECATED",
      "",
      "DEPRECATED"
    ]
  },
  "Energy Potion": {
    "NAME": "能量药水",
    "DESCRIPTIONS": [
      "获得 #b",
      " 点能量。"
    ]
  },
  "EntropicBrew": {
    "NAME": "混沌药水",
    "DESCRIPTIONS": [
      "在所有空药水栏位中获得随机药水。"
    ]
  },
  "EssenceOfSteel": {
    "NAME": "钢之精华",
    "DESCRIPTIONS": [
      "获得 #b",
      " 层 #y多层护甲 。"
    ]
  },
  "Explosive Potion": {
    "NAME": "爆炸药水",
    "DESCRIPTIONS": [
      "对所有敌人造成 #b",
      " 点伤害。"
    ]
  },
  "FairyPotion": {
    "NAME": "瓶中精灵",
    "DESCRIPTIONS": [
      "当你要被杀死时，免死并回复到最大生命值的 #b",
      "% ，丢弃这瓶药水。"
    ]
  },
  "FearPotion": {
    "NAME": "恐惧药水",
    "DESCRIPTIONS": [
      "给予 #b",
      " 层 #y易伤 。"
    ]
  },
  "Fire Potion": {
    "NAME": "火焰药水",
    "DESCRIPTIONS": [
      "造成 #b",
      " 点伤害。"
    ]
  },
  "FocusPotion": {
    "NAME": "集中药水",
    "DESCRIPTIONS": [
      "获得 #b",
      " 点 #y集中 。"
    ]
  },
  "Fruit Juice": {
    "NAME": "果汁",
    "DESCRIPTIONS": [
      "获得 #b",
      " 点最大生命。"
    ]
  },
  "GamblersBrew": {
    "NAME": "赌徒特酿",
    "DESCRIPTIONS": [
      "丢弃任意张牌，然后抽相同数量的牌。"
    ]
  },
  "GhostInAJar": {
    "NAME": "罐装幽灵",
    "DESCRIPTIONS": [
      "获得 #b",
      " 层 #y无实体 。"
    ]
  },
  "Health Potion": {
    "NAME": "生命药水",
    "DESCRIPTIONS": [
      "DEPRECATED",
      "DEPRECATED"
    ]
  },
  "LiquidBronze": {
    "NAME": "流动铜液",
    "DESCRIPTIONS": [
      "获得 #b",
      " 点 #y荆棘 。"
    ]
  },
  "Poison Potion": {
    "NAME": "毒药水",
    "DESCRIPTIONS": [
      "给予 #b",
      " 层 #y中毒 。"
    ]
  },
  "Potion Slot": {
    "NAME": "药水栏",
    "DESCRIPTIONS": [
      "在战斗中使用药水来获得 #g增益 或 #r阻挠 敌人。",
      "药水栏"
    ]
  },
  "PowerPotion": {
    "NAME": "能力药水",
    "DESCRIPTIONS": [
      "从 #b3 张随机能力牌中选择 #b1 张加入你的手牌。这张牌在本回合耗能变为 #b0 。",
      "从 #b3 张随机能力牌中选择 #b1 张，将其加入你的手牌 #b2 次。这两张牌在本回合耗能变为 #b0 。"
    ]
  },
  "Regen Potion": {
    "NAME": "再生药水",
    "DESCRIPTIONS": [
      "获得 #b",
      " 层 #y再生 。",
      ""
    ]
  },
  "SkillPotion": {
    "NAME": "技能药水",
    "DESCRIPTIONS": [
      "从 #b3 张随机技能牌中选择 #b1 张加入你的手牌。这张牌在本回合耗能变为 #b0 。",
      "从 #b3 张随机技能牌中选择 #b1 张，将其加入你的手牌 #b2 次。这两张牌在本回合耗能变为 #b0 。"
    ]
  },
  "SmokeBomb": {
    "NAME": "烟雾弹",
    "DESCRIPTIONS": [
      "从一场非Boss战斗中逃离，不获得任何奖励。",
      "我被夹击了，无法逃脱！"
    ]
  },
  "SneckoOil": {
    "NAME": "异蛇之油",
    "DESCRIPTIONS": [
      "抽 #b",
      " 张牌。随机化你手牌的耗能。",
      ""
    ]
  },
  "SpeedPotion": {
    "NAME": "速度药水",
    "DESCRIPTIONS": [
      "获得 #b",
      " 点 敏捷 。在你的回合结束时，失去 #b",
      " 点 敏捷 。"
    ]
  },
  "SteroidPotion": {
    "NAME": "类固醇药水",
    "DESCRIPTIONS": [
      "获得 #b",
      " 点 力量 。在你的回合结束时，失去 #b",
      " 点 力量 。"
    ]
  },
  "Strength Potion": {
    "NAME": "力量药水",
    "DESCRIPTIONS": [
      "获得 #b",
      " 点 #y力量 。"
    ]
  },
  "Swift Potion": {
    "NAME": "迅捷药水",
    "DESCRIPTIONS": [
      "",
      "抽 #b",
      " 张牌。"
    ]
  },
  "Weak Potion": {
    "NAME": "虚弱药水",
    "DESCRIPTIONS": [
      "给予 #b",
      " 层 #y虚弱 。"
    ]
  },
  "DuplicationPotion": {
    "NAME": "复制药水",
    "DESCRIPTIONS": [
      "本回合你的下一张牌将被打出两次。",
      "本回合你的下两张牌将被打出两次。"
    ]
  },
  "StancePotion": {
    "NAME": "姿态药水",
    "DESCRIPTIONS": [
      "进入 #y平静 或 #y愤怒 。"
    ]
  },
  "ElixirPotion": {
    "NAME": "万灵药水",
    "DESCRIPTIONS": [
      "#y消耗 任意张手牌。"
    ]
  },
  "HeartOfIron": {
    "NAME": "铁之心",
    "DESCRIPTIONS": [
      "获得 #b",
      " 层 #y金属化 。"
    ]
  },
  "CunningPotion": {
    "NAME": "狡诈药水",
    "DESCRIPTIONS": [
      "增加 #b",
      " 张 #y小刀+ 到你的手牌。"
    ]
  },
  "PotionOfCapacity": {
    "NAME": "扩容药水",
    "DESCRIPTIONS": [
      "获得 #b",
      " 个充能球栏位。"
    ]
  },
  "EssenceOfDarkness": {
    "NAME": "暗之精华",
    "DESCRIPTIONS": [
      "每个充能球栏位 #y生成 #b",
      " 个 #y黑暗 充能球。"
    ]
  },
  "BottledMiracle": {
    "NAME": "瓶装奇迹",
    "DESCRIPTIONS": [
      "增加 #b",
      " 张 #y奇迹 到你的手牌。"
    ]
  },
  "Ambrosia": {
    "NAME": "仙馔密酒",
    "DESCRIPTIONS": [
      "进入 #y神格 #y姿态 。"
    ]
  },
  "DistilledChaos": {
    "NAME": "精炼混沌",
    "DESCRIPTIONS": [
      "打出你抽牌堆顶部的 #b",
      " 张牌。"
    ]
  },
  "LiquidMemories": {
    "NAME": "液态记忆",
    "DESCRIPTIONS": [
      "选择弃牌堆中的一张牌放入你的手牌。这张牌在本回合的耗能变为 #b0 。",
      "选择弃牌堆中的 #b ",
      " 张牌放入你的手牌。它们在本回合的耗能变为 #b0 。"
    ]
  },
  "CultistPotion": {
    "NAME": "邪教徒药水",
    "DESCRIPTIONS": [
      "获得 #b",
      " 层 #y仪式 。"
    ]
  },
  "ColorlessPotion": {
    "NAME": "无色药水",
    "DESCRIPTIONS": [
      "从 #b3 张随机 #y无色 牌中选择 #b1 张加入你的手牌。这张牌在本回合耗能变为 #b0 。",
      "从 #b3 张随机 #y无色 牌中选择 #b1 张，将其加入你的手牌 #b2 次。这两张牌在本回合耗能变为 #b0 。"
    ]
  },
  "BlessingOfTheForge": {
    "NAME": "熔炉的祝福",
    "DESCRIPTIONS": [
      "在本场战斗中升级手牌中的所有牌。"
    ]
  }
}