{
  "Accursed": {
    "NAME": "Окаяння",
    "DESCRIPTION": [
      "Щоразу, коли перемагаєте князя, отримуєте #b",
      " випадкових #yпрокляття.",
      ""
    ]
  },
  "BlightedDurian": {
    "NAME": "Після дуріана",
    "DESCRIPTION": [
      "Втрачаєте #b",
      "% макс. ОЗ."
    ]
  },
  "DeadlyEnemies": {
    "NAME": "Морові удари",
    "DESCRIPTION": [
      "Вороги завдають на #b",
      "% більше шкоди."
    ]
  },
  "FullBelly": {
    "NAME": "Безапетитність",
    "DESCRIPTION": [
      "Ви більше не можете збільшити макс. ОЗ. Усе зцілення зменшується вдвічі."
    ]
  },
  "GraspOfShadows": {
    "NAME": "Зараження нечистю",
    "DESCRIPTION": [
      "Вороги починають бій з #b",
      " #yухилянням."
    ]
  },
  "GrotesqueTrophy": {
    "NAME": "Спотворений трофей",
    "DESCRIPTION": [
      "Підбираючи, отримуєте #b",
      " #rГордині.",
      "Ваша гординя потворна..."
    ]
  },
  "MetallicRebirth": {
    "NAME": "Стародавнє зміцнення",
    "DESCRIPTION": [
      "Вороги починають бій з #b",
      " #yартефактами, #b",
      " #yпанцирної #yброні, та #b",
      " #yвідновлення."
    ]
  },
  "MimicInfestation": {
    "NAME": "Зараження елітою",
    "DESCRIPTION": [
      "У майбутніх актах скарбниці замінюються елітою. Еліта більше не залишає по собі амулети."
    ]
  },
  "Scatterbrain": {
    "NAME": "Розсіювання",
    "DESCRIPTION": [
      "Берете з добору на #b",
      " карт менше кожного ходу.",
      ""
    ]
  },
  "TimeMaze": {
    "NAME": "Часовий лабіринт",
    "DESCRIPTION": [
      "Ви не можете грати більше #b",
      " карт за хід.",
      "Я не можу зіграти більше NL #r"
    ]
  },
  "ToughEnemies": {
    "NAME": "Моровий щит",
    "DESCRIPTION": [
      "Вороги мають на #b",
      "% більше ОЗ."
    ]
  },
  "TwistingMind": {
    "NAME": "Кривизна розуму",
    "DESCRIPTION": [
      "Наприкінці вашого ходу додає #b",
      " випадкову карту стану на верх добору.",
      ""
    ]
  },
  "VoidEssence": {
    "NAME": "Сутність порожнечі",
    "DESCRIPTION": [
      "Отримуєте на #b",
      " [E] менше на початку кожного ходу."
    ]
  }
}