{
  "Crowbot": {
    "NAMES": [
      "Кроубот"
    ],
    "TEXT": [
      "БІІП БУУП"
    ]
  },
  "Defect": {
    "NAMES": [
      "Ґандж"
    ],
    "TEXT": [
      "Бойовий робіт, що став свідомим через хибу у коді. NL Старовинна технологія дозволяє маніпулювати «сферами»."
    ]
  },
  "Ironclad": {
    "NAMES": [
      "Броненосець"
    ],
    "TEXT": [
      "Останній з армії броненосців. NL Продав свою душу в обмін на диявольську енергію."
    ]
  },
  "Merchant": {
    "NAMES": [
      "Продовжити",
      "~Ласкаво~ ~прошу!~"
    ],
    "TEXT": [
      "Еу! NL Купіть щось! NL Агов!",
      "Крута стрижка",
      "Маєте час?",
      "Любите котиків чи песиків?",
      "~Небезпечно~ виглядаєте, NL хехе...",
      "Не поспішайте... NL ... NL ... ну або як хочете",
      "Сподобався килимок? NL Він не продається",
      "Підтримуйте малий бізнес!",
      "Маски круті, я знаю!",
      "Хмм... NL ...хмм... NL Ох!",
      "Зачекайте! Послухайте!",
      "Небезпечно йти самому! Віддайте все своє золото!",
      "Купіть щось",
      "~*позіхання*~",
      "Полюбляю я золото.",
      "Мій улюблений колір - NL блакитний. А ваш?"
    ],
    "OPTIONS": [
      "Як я тут опинився? NL Біс його знає.",
      "Останній шанс закупитись! NL ~*підморгує*~ ~*знову підморгує*~",
      "..... NL .... NL .........",
      "Я більше котиків люблю.",
      "Не поспішайте. NL Не поспішайте.",
      "Хохо, хіба ж це не @захопливо!?@",
      "Я колись був таким же, як ви.",
      "Прямуєте вище?"
    ]
  },
  "Neow Event": {
    "NAMES": [
      "Няу"
    ],
    "TEXT": [
      "~Мої вітання...~ NL ~Мене...~ ~звати...~ ~Няу...~",
      "~Вітаю...~ NL ~знову...~",
      "~Мої~ ~вітання...~",
      "~Ще~ ~одна~ NL ~спроба...?~",
      "~Дійди~ ~до~ ~князя..,~ NL ~щоб~ ~отримати~ ~краще~ ~благословення...~",
      "~Принаймні...~ ~спробуй~ ~побити~ NL ~першого~ ~князя...~",
      "~Я~ ~воскресила~ ~тебе...~",
      "~Обирай...~",
      "~Надано...~",
      "~Ризик...~ NL ~...відплачується?..~",
      "~Час~ NL ~БИТИСЬ...~",
      "Нагороди",
      "~Продовжуємо...~",
      "~Далі~ ~буде~ ~важче...~",
      "~Вражаюче...~ ~більше...~",
      "Кляте!",
      "Пустоголове!",
      "Перетворення!"
    ],
    "OPTIONS": [
      "[Продовжити]",
      "[Побалакати]",
      "[Пропустити]",
      "[Рушати]",
      "Оберіть та додайте 10 карт до вашої колоди."
    ]
  },
  "Neow Reward": {
    "NAMES": [],
    "TEXT": [
      "[ #gОбрати #gкарту ]",
      "[ #gОтримати #gвипадкову #gрідкісну #gкарту ]",
      "[ #gВилучити #gкарту #gз #gвашої #gколоди ]",
      "[ #gПоліпшити #gкарту ]",
      "[ #gПеретворити #gкарту ]",
      "[ #gОтримати #g3 #gвипадкових #gзілля ]",
      "[ #gОтримати #gвипадковий #gзвичайний #gамулет ]",
      "[ #gМакс #gОЗ #g+",
      "[ #gОтримати #g",
      " #gзолота ]",
      "#gВилучити #g2 #gкарти ]",
      "#gОтримати #gвипадковий #gрідкісний #gамулет ]",
      "#gОбрати #gрідкісну #gкарту ]",
      "#gОтримати #g",
      " #gзолота ]",
      "#gПеретворити #g2 #gкарти ]",
      "#gМакс #gОЗ #g+",
      "[ #rВтратити #r",
      " #rМакс #rОЗ ",
      "[ #rВтратити #rусе #rзолото ",
      "[ #gОтримати #rпрокляття ",
      "[ #rОтримати #r",
      "Оберіть карту",
      "Оберіть карту для вилучення",
      "Оберіть 2 карти для вилучення",
      "Оберіть карту для перетворення",
      "Оберіть 2 карти для перетворення",
      "Оберіть карту для поліпшення",
      "[ #gВороги #gу #g3 #gнаступних #gбоях #gматимуть #g1 #gОЗ ]",
      " #rшкоди",
      "[ #gОтримати #gвипадкову #gбезбарвну #gкарту ]",
      "#gОтримати #gвипадкову #gбезбарвну #gнадзвичайну #gкарту ]"
    ],
    "UNIQUE_REWARDS": [
      "[ #rВтратити #rпочатковий #rамулет. #gОтримати #gвипадковий #gкнязівський #gамулет ]"
    ]
  },
  "PostCreditsNeow": {
    "NAMES": [],
    "TEXT": [
      "Тепер... що..? NL ..це .... було ... зроблено....?",
      "...Вежа спить.....",
      "..тому...... я... NL ....теж...... приляжу..."
    ]
  },
  "Shop Screen": {
    "NAMES": [
      "~Ласкаво~ NL ~просимо!~",
      "Агов, NL тобі бракує NL #rзолота.",
      "Агов, друже, тобі бракує #rгрошей!",
      "Ти без гроша?",
      "Тобі не вистачає #rзолота.",
      "Ти не можеш це собі дозволити.",
      "Це не благодійність.",
      "~Дяяяяяяяякую~",
      "Ще один продано... NL хохохо!",
      "@ПРОДАНО!@",
      "Без відшкодувань.",
      "Гарного дня.",
      "Покинути",
      "Оберіть карту для вилучення."
    ],
    "TEXT": [
      "Еу! NL Купіть щось! NL Агов!",
      "Крута стрижка",
      "Маєте час?",
      "Любите котиків чи песиків?",
      "~Небезпечно~ виглядаєте, NL хехе...",
      "Не поспішайте... NL ... NL ... ну або як хочете",
      "Сподобався килимок? NL Він не продається",
      "Підтримуйте малий бізнес!",
      "Маски круті, я знаю!",
      "Хмм... NL ...хмм... NL Ох!",
      "Зачекайте! Послухайте!",
      "Небезпечно йти самому! Віддайте все своє золото!",
      "Купіть щось",
      "~*позіхання*~",
      "Полюбляю я золото.",
      "Мій улюблений колір - NL блакитний. А ваш?"
    ]
  },
  "Silent": {
    "NAMES": [
      "Тиша"
    ],
    "TEXT": [
      "Смертоносна мисливиця з туманних земель. NL Знищує ворогів кинджалами та отрутою."
    ]
  },
  "Watcher": {
    "NAMES": [
      "Споглядаюча"
    ],
    "TEXT": [
      "Сліпа скитниця, яка прийшла «оцінити» Вежу. NL Знавець божественних постав."
    ]
  }
}