{
  "Ambrosia": {
    "NAME": "Амброзія",
    "DESCRIPTIONS": [
      "Переходите у поставу #yБожества."
    ]
  },
  "Ancient Potion": {
    "NAME": "Стародавнє зілля",
    "DESCRIPTIONS": [
      "Отримуєте #b",
      " #yартефакт."
    ]
  },
  "AttackPotion": {
    "NAME": "Зілля атаки",
    "DESCRIPTIONS": [
      "Обираєте #b1 з #b3 випадкових #yатак та додаєте у свою руку, вона коштує #b0 цього ходу.",
      "Обираєте #b1 з #b3 випадкових #yатак та додаєте #b2 копії до своєї руки, вони коштують #b0 цього ходу."
    ]
  },
  "BlessingOfTheForge": {
    "NAME": "Благословеня кузні",
    "DESCRIPTIONS": [
      "Поліпшуєте усі карти у руці."
    ]
  },
  "Block Potion": {
    "NAME": "Зілля броні",
    "DESCRIPTIONS": [
      "Отримуєте #b",
      " #yброні."
    ]
  },
  "BloodPotion": {
    "NAME": "Зілля крові",
    "DESCRIPTIONS": [
      "Зцілюєтеся на #b",
      "% макс. ОЗ."
    ]
  },
  "BottledMiracle": {
    "NAME": "Диво у пляшці",
    "DESCRIPTIONS": [
      "Додаєте #b",
      " #yДива до своєї руки."
    ]
  },
  "ColorlessPotion": {
    "NAME": "Безбарвне зілля",
    "DESCRIPTIONS": [
      "Обираєте #b1 з #b3 випадкових #yбезбарвних карт та додаєте у свою руку, вона коштує #b0 цього ходу.",
      "Обираєте #b1 з #b3 випадкових #yбезбарвних карт та додаєте #b2 копії до своєї руки, вони коштують #b0 цього ходу."
    ]
  },
  "CultistPotion": {
    "NAME": "Зілля культиста",
    "DESCRIPTIONS": [
      "Отримуєте #b",
      " #yобряд."
    ]
  },
  "CunningPotion": {
    "NAME": "Зілля підступності",
    "DESCRIPTIONS": [
      "Додаєте #b",
      " #yЗапоясників до своєї руки."
    ]
  },
  "Dexterity Potion": {
    "NAME": "Зілля спритності",
    "DESCRIPTIONS": [
      "Отримуєте #b",
      " #yспритності."
    ]
  },
  "DistilledChaos": {
    "NAME": "Дистильований хаос",
    "DESCRIPTIONS": [
      "Граєте верхні #b",
      " карти з вашого добору."
    ]
  },
  "DuplicationPotion": {
    "NAME": "Зілля подвоєння",
    "DESCRIPTIONS": [
      "Цього ходу, ваша наступна карта грається двічі.",
      "Цього ходу, ваші наступні #b2 карти граються двічі."
    ]
  },
  "Elixir": {
    "NAME": "Еліксир",
    "DESCRIPTIONS": [
      "",
      "",
      "#yСпалюєте усі карти #yстану та #yпроклять у руці.",
      "",
      "Еліксир не дав ефекту..."
    ]
  },
  "ElixirPotion": {
    "NAME": "Еліксир",
    "DESCRIPTIONS": [
      "#yСпалюєте будь-яку кількість карт з вашої руки."
    ]
  },
  "Energy Potion": {
    "NAME": "Зілля енергії",
    "DESCRIPTIONS": [
      "Отримуєте #b",
      " енергії."
    ]
  },
  "EntropicBrew": {
    "NAME": "Ентропічне вариво",
    "DESCRIPTIONS": [
      "Заповнює всі порожні місця для зілля випадковими зіллями."
    ]
  },
  "EssenceOfDarkness": {
    "NAME": "Сутність пітьми",
    "DESCRIPTIONS": [
      "#yВстановлюєте #b",
      " #yпітьми у кожне місце для сфер."
    ]
  },
  "EssenceOfSteel": {
    "NAME": "Сутність сталі",
    "DESCRIPTIONS": [
      "Отримуєте #b",
      " #yпанцирної #yброні."
    ]
  },
  "Explosive Potion": {
    "NAME": "Вибухове зілля",
    "DESCRIPTIONS": [
      "Завдає #b",
      " шкоди УСІМ ворогам."
    ]
  },
  "FairyPotion": {
    "NAME": "Фея в пляшці",
    "DESCRIPTIONS": [
      "Замість смерті, зцілюєтесь до #b",
      "% макс. ОЗ, звільняючи фею та втрачаючи це зілля."
    ]
  },
  "FearPotion": {
    "NAME": "Зілля зляку",
    "DESCRIPTIONS": [
      "Наносить #b",
      " #yуразливості."
    ]
  },
  "Fire Potion": {
    "NAME": "Зілля вогню",
    "DESCRIPTIONS": [
      "Завдає #b",
      " шкоди."
    ]
  },
  "FocusPotion": {
    "NAME": "Зілля зосередження",
    "DESCRIPTIONS": [
      "Отримуєте #b",
      " #yзосередження."
    ]
  },
  "Fruit Juice": {
    "NAME": "Фруктовий сік",
    "DESCRIPTIONS": [
      "Отримуєте + #b",
      " макс. ОЗ."
    ]
  },
  "GamblersBrew": {
    "NAME": "Узвар азартника",
    "DESCRIPTIONS": [
      "Усунути будь-яку кількість карт з руки у відбій, а потім набрати стільки ж у руку."
    ]
  },
  "GhostInAJar": {
    "NAME": "Привид у пляшці",
    "DESCRIPTIONS": [
      "Отримуєте #b",
      " #yухиляння."
    ]
  },
  "Health Potion": {
    "NAME": "Зілля здоров’я",
    "DESCRIPTIONS": [
      "Зцілює на #b",
      " ОЗ."
    ]
  },
  "HeartOfIron": {
    "NAME": "Залізне серце",
    "DESCRIPTIONS": [
      "Отримуєте #b",
      " #yМеталізації."
    ]
  },
  "LiquidBronze": {
    "NAME": "Рідка бронза",
    "DESCRIPTIONS": [
      "Отримуєте #b",
      " #yшипів."
    ]
  },
  "LiquidMemories": {
    "NAME": "Зріджені спогади",
    "DESCRIPTIONS": [
      "Обираєте карту з відбою та повертаєте її до своєї руки. Вона коштує #b0 цього ходу.",
      "Обираєте #b",
      " карт з відбою та повертаєте їх до своєї руки. Вони коштують #b0 цього ходу."
    ]
  },
  "Poison Potion": {
    "NAME": "Отрутне зілля",
    "DESCRIPTIONS": [
      "Наносить #b",
      " #yотрути."
    ]
  },
  "Potion Slot": {
    "NAME": "Місце для зілля",
    "DESCRIPTIONS": [
      "Використовуйте зілля під час бою, щоб отримати #gбонуси чи задля #rкалічення ворогів.",
      "Місце для зілля"
    ]
  },
  "PotionOfCapacity": {
    "NAME": "Зілля ємності",
    "DESCRIPTIONS": [
      "Отримуєте #b",
      " місця для сфер."
    ]
  },
  "PowerPotion": {
    "NAME": "Зілля таланту",
    "DESCRIPTIONS": [
      "Обираєте 1 з 3 випадкових #yталантів та додаєте до своєї руки, він коштує #b0 цього ходу.",
      "Обираєте 1 з 3 випадкових #yталантів та додаєте #b2 копії до своєї руки, вони коштують #b0 цього ходу."
    ]
  },
  "Regen Potion": {
    "NAME": "Зцілювальне зілля",
    "DESCRIPTIONS": [
      "Отримуєте #b",
      " #yзцілення.",
      ""
    ]
  },
  "SkillPotion": {
    "NAME": "Зілля вміння",
    "DESCRIPTIONS": [
      "Обираєте #b1 з #b3 випадкових #yвмінь та додаєте до своєї руки, воно коштує #b0 цього ходу.",
      "Обираєте #b1 з #b3 випадкових #yвмінь та додаєте #b2 копії до своєї руки, вони коштують #b0 цього ходу."
    ]
  },
  "SmokeBomb": {
    "NAME": "Димова шашка",
    "DESCRIPTIONS": [
      "Тікаєте із не князевого бою без нагород.",
      "Мене оточено!"
    ]
  },
  "SneckoOil": {
    "NAME": "Мастило Зміяки",
    "DESCRIPTIONS": [
      "Берете #b",
      " карт. Вартість карт у руці змішується.",
      " карт."
    ]
  },
  "SpeedPotion": {
    "NAME": "Зілля прудкості",
    "DESCRIPTIONS": [
      "Отримуєте #b",
      " #yспритності. Наприкінці ходу втрачаєте #b",
      " #yспритності."
    ]
  },
  "StancePotion": {
    "NAME": "Зілля постави",
    "DESCRIPTIONS": [
      "Переходите у поставу #yСпокою чи #yКари."
    ]
  },
  "SteroidPotion": {
    "NAME": "Зілля могутності",
    "DESCRIPTIONS": [
      "Отримуєте #b",
      " #yміці. Наприкінці ходу втрачаєте #b",
      " #yміці."
    ]
  },
  "Strength Potion": {
    "NAME": "Зілля міці",
    "DESCRIPTIONS": [
      "Отримуєте #b",
      " #yміці."
    ]
  },
  "Swift Potion": {
    "NAME": "Зілля швидкості",
    "DESCRIPTIONS": [
      "",
      "Берете #b",
      " карти."
    ]
  },
  "Weak Potion": {
    "NAME": "Зілля ослаблення",
    "DESCRIPTIONS": [
      "Наносите #b",
      " #yослаблення."
    ]
  }
}