{
  "Accuracy": {
    "NAME": "Точність",
    "DESCRIPTIONS": [
      "#yЗапоясники завдають #b",
      " додаткової шкоди."
    ]
  },
  "Adaptation": {
    "NAME": "Рашдаун",
    "DESCRIPTIONS": [
      "Змінюючи #yпоставу, берете #b",
      " карту.",
      " карт."
    ]
  },
  "After Image": {
    "NAME": "Післясвітіння",
    "DESCRIPTIONS": [
      "Щоразу, як граєте карту, отримуєте #b",
      " #yброні."
    ]
  },
  "AlwaysMad": {
    "NAME": "DEPRECATED Always Mad",
    "DESCRIPTIONS": [
      "No longer receive double damage while in #yWrath."
    ]
  },
  "Amplify": {
    "NAME": "Підсилення",
    "DESCRIPTIONS": [
      "Цього ходу наступний #yталант грається двічі.",
      "Цього ходу наступні ",
      " #yталанти граються двічі."
    ]
  },
  "AngelForm": {
    "NAME": "Live Forever",
    "DESCRIPTIONS": [
      "В кінці свого ходу, отримуєте #b",
      " #yпанцирної #yброні."
    ]
  },
  "Anger": {
    "NAME": "Дратування",
    "DESCRIPTIONS": [
      "Щоразу, коли граєте #yвміння, отримуєте #b",
      " #yміці."
    ]
  },
  "Angry": {
    "NAME": "Гнів",
    "DESCRIPTIONS": [
      "Щоразу, коли ",
      " отримуєте шкоду від #yатак, отримуєте #b",
      " #yміці."
    ]
  },
  "Artifact": {
    "NAME": "Артефакт",
    "DESCRIPTIONS": [
      "Анулює #b",
      " негативний ефект.",
      " негативних ефекти."
    ]
  },
  "Attack Burn": {
    "NAME": "Палаюча атака",
    "DESCRIPTIONS": [
      "Усі #yатаки, які будете грати наступного #b",
      " ходу, будуть #yспалюватись.",
      "Усі #yатаки, які будете грати у наступні #b",
      " ходи, будуть #yспалюватись."
    ]
  },
  "BackAttack": {
    "NAME": "Удар в спину",
    "DESCRIPTIONS": [
      "Завдає на #b50% більше шкоди, бо атакує вас ззаду."
    ]
  },
  "Barricade": {
    "NAME": "Барикада",
    "DESCRIPTIONS": [
      "#yБроня не знімається на початку вашого ходу.",
      "#yБроня не знімається на початку ходу ворога."
    ]
  },
  "BattleHymn": {
    "NAME": "Бойове гасло",
    "DESCRIPTIONS": [
      "На початку ходу, додаєте #b",
      " #yТрощу до своєї руки.",
      " #yТрощей до своєї руки."
    ]
  },
  "BeatOfDeath": {
    "NAME": "Смертельне серцебиття",
    "DESCRIPTIONS": [
      "Щоразу, коли граєте карту, отримуєте #b",
      " шкоди."
    ]
  },
  "Berserk": {
    "NAME": "Шаленість",
    "DESCRIPTIONS": [
      "Отримуєте ",
      " на початку вашого ходу."
    ]
  },
  "Bias": {
    "NAME": "Забобони",
    "DESCRIPTIONS": [
      "На початку вашого ходу втрачаєте #b",
      " #yзосередження."
    ]
  },
  "BlockReturnPower": {
    "NAME": "Самозахист",
    "DESCRIPTIONS": [
      "Коли вас атакують, отримуєте #b",
      " #yброні."
    ]
  },
  "Blur": {
    "NAME": "Затуманення",
    "DESCRIPTIONS": [
      "#yБроня не знімається на початку вашого наступного ходу.",
      "#yБроня не знімається наступні #b",
      " ходи."
    ]
  },
  "Brutality": {
    "NAME": "Жорстокість",
    "DESCRIPTIONS": [
      "На початку вашого ходу втрачаєте #b",
      " ОЗ та берете #b",
      " карту.",
      "На початку вашого ходу втрачаєте #b",
      " ОЗ та берете #b",
      " карти."
    ]
  },
  "Buffer": {
    "NAME": "Амортизація",
    "DESCRIPTIONS": [
      "Захищає вас від наступної втрати ОЗ.",
      "Захищає вас від #b",
      " наступних втрат ОЗ."
    ]
  },
  "Bullet Time": {
    "NAME": "Сповільнення часу",
    "DESCRIPTIONS": [
      "Цього ходу усі зелені карти коштують #b0 енергії."
    ]
  },
  "Burst": {
    "NAME": "Імпульс",
    "DESCRIPTIONS": [
      "Цього ходу наступне #yвміння грається двічі.",
      "Цього ходу наступні ",
      " карти #yвміння граються двічі."
    ]
  },
  "CannotChangeStancePower": {
    "NAME": "Постави не змінити",
    "DESCRIPTIONS": [
      "Не можете змінити поставу цього ходу."
    ]
  },
  "Choked": {
    "NAME": "Задушення",
    "DESCRIPTIONS": [
      "Втрачає #b",
      " ОЗ, за кожну зіграну карту цього ходу."
    ]
  },
  "Collect": {
    "NAME": "Збір",
    "DESCRIPTIONS": [
      "Наступного ходу додаєте #yДиво+ до своєї руки.",
      "Насутпні #b",
      " ходів додаєте #yДиво+ до своєї руки."
    ]
  },
  "Combust": {
    "NAME": "Згоряння",
    "DESCRIPTIONS": [
      "Наприкінці вашого ходу, втрачаєте #b",
      " ОЗ та завдаєте #b",
      " шкоди УСІМ ворогам."
    ]
  },
  "Compulsive": {
    "NAME": "Нерішучість",
    "DESCRIPTIONS": [
      "Отримуючи шкоду, змінює намір."
    ]
  },
  "Condense": {
    "NAME": "DEPRECATED Condense",
    "DESCRIPTIONS": [
      "You cannot take more than #b",
      " from any attack."
    ]
  },
  "Confusion": {
    "NAME": "Плутанина",
    "DESCRIPTIONS": [
      "Вартість кожної карти випадкова."
    ]
  },
  "Conserve": {
    "NAME": "Заощадження",
    "DESCRIPTIONS": [
      "#yЕнергія зберігається до наступного ходу.",
      "#yЕнергія зберігається наступні #b",
      " ходи."
    ]
  },
  "Constricted": {
    "NAME": "Стиснення",
    "DESCRIPTIONS": [
      "Наприкінці вашого ходу отримуєте #b",
      " шкоди."
    ]
  },
  "Controlled": {
    "NAME": "Розумова фортеця",
    "DESCRIPTIONS": [
      "Змінюючи #yпостави, отримуєте #b",
      " #yброні."
    ]
  },
  "CorpseExplosionPower": {
    "NAME": "Підрив тіла",
    "DESCRIPTIONS": [
      "Коли цей ворог помирає, УСІМ ворогам завдається шкода рівна його макс. ОЗ.",
      "Коли цей ворог помирає, УСІМ ворогам завдається шкода у #b",
      " рази більше його макс. ОЗ."
    ]
  },
  "Corruption": {
    "NAME": "Порча",
    "DESCRIPTIONS": [
      "Карти #yвміння коштують #b0. Зігравши #yвміння, воно #yспалюється.",
      "Зігравши #yвміння, воно #yспалюється."
    ]
  },
  "Creative AI": {
    "NAME": "Творчий ШІ",
    "DESCRIPTIONS": [
      "На початку кожного ходу, додає #b",
      " випадковий #yталант до руки.",
      " випадкові #yталанти до руки."
    ]
  },
  "Curiosity": {
    "NAME": "Захоплення",
    "DESCRIPTIONS": [
      "Зігравши #yталант, отримуєте #b",
      " #yміці."
    ]
  },
  "Curl Up": {
    "NAME": "Згортання",
    "DESCRIPTIONS": [
      "Отримавши шкоду від #yатак, згортається та отримує ",
      " #yброні. (Раз за бій)"
    ]
  },
  "Dance Puppet": {
    "NAME": "",
    "DESCRIPTIONS": [
      "",
      "",
      "",
      ""
    ]
  },
  "Dark Embrace": {
    "NAME": "Темні обійми",
    "DESCRIPTIONS": [
      "Щоразу, коли #yспалюється карта, берете #b1 карту.",
      "Щоразу, коли #yспалюється карта, берете #b",
      " карти."
    ]
  },
  "Demon Form": {
    "NAME": "Демонічна форма",
    "DESCRIPTIONS": [
      "На початку вашого ходу отримуєте #b",
      " #yміці."
    ]
  },
  "DevaForm": {
    "NAME": "Дева",
    "DESCRIPTIONS": [
      "На початку ходу отримуєте [W] ",
      "На початку ходу отримуєте [W] #b",
      " рази ",
      "та збільшуєте її на #b",
      ".",
      "TRANSLATE NOTE: At the start of your turn, gain [W] #b2 times and increase this by #b1."
    ]
  },
  "DevotionPower": {
    "NAME": "Відданість",
    "DESCRIPTIONS": [
      "На початку ходу отримуєте #b",
      " #yблагань."
    ]
  },
  "DexLoss": {
    "NAME": "Вайлуватість",
    "DESCRIPTIONS": [
      "Наприкінці вашого ходу втрачаєте #b",
      " #yспритності."
    ]
  },
  "Dexterity": {
    "NAME": "Спритність",
    "DESCRIPTIONS": [
      "Збільшує #yброню, отриману від карт, на #b",
      "Зменшує #yброню, отриману від карт, на #b",
      "."
    ]
  },
  "DisciplinePower": {
    "NAME": "DEPRECATED Discipline",
    "DESCRIPTIONS": [
      "If you end your turn with unused [W]  , draw that many additional cards next turn."
    ]
  },
  "Double Damage": {
    "NAME": "Подвійна шкода",
    "DESCRIPTIONS": [
      "#yАтаки завдають подвійної шкоди #b",
      " наступний хід.",
      " наступні ходи."
    ]
  },
  "Double Tap": {
    "NAME": "Подвійна атака",
    "DESCRIPTIONS": [
      "Цього ходу наступна #yатака грається двічі.",
      "Цього ходу наступні ",
      " #yатаки граються двічі."
    ]
  },
  "Draw": {
    "NAME": "Тасування",
    "DESCRIPTIONS": [
      "Берете на #b",
      " карту більше на початку кожного ходу.",
      " карту менше на початку кожного ходу.",
      " карти більше на початку кожного ходу.",
      " карти менше на початку кожного ходу."
    ]
  },
  "Draw Card": {
    "NAME": "Добирання",
    "DESCRIPTIONS": [
      "Берете #b",
      " карти наступного ходу.",
      " карту наступного ходу."
    ]
  },
  "Draw Down": {
    "NAME": "Недобирання",
    "DESCRIPTIONS": [
      "Берете на #b",
      " карту менше наступного ходу.",
      " карти менше наступного ходу."
    ]
  },
  "Draw Reduction": {
    "NAME": "Розсипана колода",
    "DESCRIPTIONS": [
      "Берете на #b1 карту менше наступного ходу.",
      "Берете на #b1 карту менше наступні #b",
      " ходу."
    ]
  },
  "DuplicationPower": {
    "NAME": "Подвоєння",
    "DESCRIPTIONS": [
      "Наступна карта грається двічі.",
      "Наступні #b",
      " карти граються двічі."
    ]
  },
  "Echo Form": {
    "NAME": "Відлунна форма",
    "DESCRIPTIONS": [
      "Перша зіграна карта кожного ходу грається двічі.",
      "Перші #b",
      " зіграні карти кожного ходу граються двічі."
    ]
  },
  "Electro": {
    "NAME": "Електро",
    "DESCRIPTIONS": [
      "#yГромовиця влучає по ВСІХ ворогах.",
      "",
      ""
    ]
  },
  "EmotionalTurmoilPower": {
    "NAME": "DEPRECATED Emotional Turmoil",
    "DESCRIPTIONS": [
      "At the start of your turn, enter a new random basic stance."
    ]
  },
  "EndTurnDeath": {
    "NAME": "Богохульство",
    "DESCRIPTIONS": [
      "Помираєте на початку наступного ходу."
    ]
  },
  "Energized": {
    "NAME": "Заряджений",
    "DESCRIPTIONS": [
      "Отримуєте #b",
      " додаткову [G] наступного ходу.",
      " додаткові [G] наступного ходу.",
      " - TRANSLATOR NOTE: - The above line is for plural if needed to distinguish from singular."
    ]
  },
  "EnergizedBlue": {
    "NAME": "Заряджений",
    "DESCRIPTIONS": [
      "Отримуєте #b",
      " додаткову [B] наступного ходу.",
      " додаткові [B] наступного ходу.",
      " - TRANSLATOR NOTE: - The above line is for plural if needed to distinguish from singular."
    ]
  },
  "EnergyDownPower": {
    "NAME": "Голодування",
    "DESCRIPTIONS": [
      "На початку ходу втрачаєте lose ",
      ""
    ]
  },
  "Entangled": {
    "NAME": "Замотаність",
    "DESCRIPTIONS": [
      "Ви не можете грати #yатаки протягом цього ходу."
    ]
  },
  "Envenom": {
    "NAME": "Отруєння",
    "DESCRIPTIONS": [
      "Завдаючи неблоковану шкоду #yатаками, додатково наносите #b",
      " #yотрути."
    ]
  },
  "Equilibrium": {
    "NAME": "Рівновага",
    "DESCRIPTIONS": [
      "Зберігаєте карти у руці до наступного ходу.",
      "Зберігаєте карти у руці наступні #b",
      " ходи."
    ]
  },
  "EstablishmentPower": {
    "NAME": "Заснування",
    "DESCRIPTIONS": [
      "Щоразу ви #yзалишаєте карту, її ціна зменшується на #b",
      "."
    ]
  },
  "Evolve": {
    "NAME": "Еволюція",
    "DESCRIPTIONS": [
      "Щоразу, коли берете карту #yстану, берете ще одну карту.",
      "Щоразу, коли берете карту #yстану, берете ще #b",
      " карти."
    ]
  },
  "Explosive": {
    "NAME": "Вибуховість",
    "DESCRIPTIONS": [
      "Через #b",
      " ходи вибухає, завдаючи #b",
      " шкоди.",
      "Наступного ходу вибухає, завдаючи #b"
    ]
  },
  "Extra Cards": {
    "NAME": "Додаткові карти",
    "DESCRIPTIONS": [
      "Берете на #b1 більше карт наступного ходу.",
      "Берете #b",
      " додаткові карти наступного ходу."
    ]
  },
  "Fading": {
    "NAME": "Жевріння",
    "DESCRIPTIONS": [
      "Помре через #b",
      " ходи.",
      "Помре у цей хід."
    ]
  },
  "Feel No Pain": {
    "NAME": "Безболісність",
    "DESCRIPTIONS": [
      "Щоразу, коли #yспалюєте карту, отримуєте #b",
      " #yброні."
    ]
  },
  "Fire Breathing": {
    "NAME": "Вогняний подих",
    "DESCRIPTIONS": [
      "Щоразу, коли берете #yстан чи #yпрокляття, завдаєте",
      " шкоди УСІМ ворогам."
    ]
  },
  "Flame Barrier": {
    "NAME": "Полум’яний бар’єр",
    "DESCRIPTIONS": [
      "Отримуючи шкоду від #yатак, завдає #b",
      " шкоди назад."
    ]
  },
  "Flex": {
    "NAME": "Знемога",
    "DESCRIPTIONS": [
      "Наприкінці цього ходу втрачаєте #b",
      " #yміці."
    ]
  },
  "FlickPower": {
    "NAME": "DEPRECATED Flick",
    "DESCRIPTIONS": [
      "When this enemy gets #yFlick #b",
      "2 more times, it receives #b",
      "1 more time, it receives #b",
      " damage."
    ]
  },
  "Flight": {
    "NAME": "У повітрі",
    "DESCRIPTIONS": [
      "Зменшує шкоду від #yатак на #b50%. Скасовується, якщо істоту #yатакують #b",
      " рази за хід."
    ]
  },
  "FlowPower": {
    "NAME": "DEPRECATED FlowPower",
    "DESCRIPTIONS": [
      "When you play an Attack, gain #b",
      " temporary #yStrength. When you play a Skill, gain #b,",
      " temporary #yDexterity."
    ]
  },
  "Focus": {
    "NAME": "Зосередження",
    "DESCRIPTIONS": [
      "Збільшує силу сфер на #b",
      "Зменшує силу сфер на #b",
      "."
    ]
  },
  "Frail": {
    "NAME": "Кволість",
    "DESCRIPTIONS": [
      "Отримуєте на #b25% менше #yброні від карт у #b",
      " наступний хід.",
      " , наступні ходи."
    ]
  },
  "FreeAttackPower": {
    "NAME": "Безкоштовна атака",
    "DESCRIPTIONS": [
      "Цього ходу наступна #yатака не витрачає енергії.",
      "Цього ходу наступні #b",
      " #yатаки не витрачають енергії."
    ]
  },
  "FreeToPlayPower": {
    "NAME": "DEPRECATED FreeToPlayPower",
    "DESCRIPTIONS": [
      "Ignore energy costs on the next card you play this turn.",
      "Ignore energy costs on the next #b",
      " cards you play this turn."
    ]
  },
  "Gambit": {
    "NAME": "Крок вперед",
    "DESCRIPTIONS": [
      "Після #b",
      " ходу, отримуєте ",
      " ходів, отримуєте ",
      " [B] ."
    ]
  },
  "Generic Strength Up Power": {
    "NAME": "",
    "DESCRIPTIONS": [
      "Наприкінці ходу отримує #b",
      " #yміці."
    ]
  },
  "Grounded": {
    "NAME": "DEPRECATED Grounded",
    "DESCRIPTIONS": [
      "Whenever you play a #ySkill, enter #yCalm."
    ]
  },
  "GrowthPower": {
    "NAME": "Зростання",
    "DESCRIPTIONS": [
      "Наприкінці ходу отримує #b",
      " #yміці."
    ]
  },
  "Heatsink": {
    "NAME": "Радіатор",
    "DESCRIPTIONS": [
      "Зігравши талант, берете #b",
      " карту.",
      " карти."
    ]
  },
  "Hello": {
    "NAME": "Вітання",
    "DESCRIPTIONS": [
      "На початку вашого ходу додаєте #b",
      " випадкові звичайні карти до руки.",
      " випадкову звичайну карту до руки."
    ]
  },
  "Hex": {
    "NAME": "Заклинання",
    "DESCRIPTIONS": [
      "Зігравши #yне-атаку, берете #b",
      " #yПриголомшення у добір."
    ]
  },
  "Hide": {
    "NAME": "Хованки",
    "DESCRIPTIONS": [
      "",
      "",
      ""
    ]
  },
  "HotHot": {
    "NAME": "DEPRECATED Hot hot",
    "DESCRIPTIONS": [
      "While you are in #yWrath, deal #b",
      " damage back whenever you receive attack damage."
    ]
  },
  "Infinite Blades": {
    "NAME": "Нескінченні леза",
    "DESCRIPTIONS": [
      "На початку вашого ходу берете #b",
      " #yЗапоясники.",
      " #yЗапоясник."
    ]
  },
  "Intangible": {
    "NAME": "Ухиляння",
    "DESCRIPTIONS": [
      "Цього ходу УСЯ шкода та втрата ОЗ зменшена до #b1. Ухиляння повторно накладається через хід."
    ]
  },
  "IntangiblePlayer": {
    "NAME": "Ухиляння",
    "DESCRIPTIONS": [
      "Зменшує УСЮ шкоду та втрату ОЗ до #b1."
    ]
  },
  "Inverted": {
    "NAME": "Догори дриґом",
    "DESCRIPTIONS": [
      "Невразливий до шкоди. Отримуючи #yброню, втрачає стільки ж ОЗ."
    ]
  },
  "Invincible": {
    "NAME": "Неподоланність",
    "DESCRIPTIONS": [
      "Може втратити ще #b",
      " ОЗ цього ходу.",
      "Більше не може втрачати ОЗ цього ходу."
    ]
  },
  "Juggernaut": {
    "NAME": "Титан",
    "DESCRIPTIONS": [
      "Отримавши #yброню, завдаєте #b",
      " шкоди випадковому ворогу."
    ]
  },
  "Knowledge": {
    "NAME": "Мудрість",
    "DESCRIPTIONS": [
      "Зігравши #yталант, берете #b",
      " карт."
    ]
  },
  "Life Link": {
    "NAME": "Життєве з’єднання",
    "DESCRIPTIONS": [
      "Якщо інші вороги ще живі, оживає за #b2 ходи з #bполовиною ОЗ."
    ]
  },
  "LikeWaterPower": {
    "NAME": "Наче вода",
    "DESCRIPTIONS": [
      "Якщо ви у #yСпокої наприкінці ходу, отримуєте #b",
      " #yброні."
    ]
  },
  "Lockon": {
    "NAME": "Прицілення",
    "DESCRIPTIONS": [
      "Отримує на #b",
      "% більше шкоди від сфер у #b",
      " наступний хід.",
      " наступні ходи."
    ]
  },
  "Loop": {
    "NAME": "Зацикленість",
    "DESCRIPTIONS": [
      "На початку вашого ходу спрацьовує пасив наступної сфери.",
      "На початку вашого ходу пасив наступної сфери спрацьовує #b",
      " рази."
    ]
  },
  "Machine Learning": {
    "NAME": "Машинне навчання",
    "DESCRIPTIONS": [
      "Берете #b",
      " додаткову карту на початку кожного ходу.",
      " додаткові карти на початку кожного ходу."
    ]
  },
  "Magnetism": {
    "NAME": "Магнетизм",
    "DESCRIPTIONS": [
      "На початку кожного ходу отримуєте #b%s випадкову безбарвну карту до руки.",
      "На початку кожного ходу отримуєте #b%s випадкові безбарвні карти до руки."
    ]
  },
  "Malleable": {
    "NAME": "Щитування",
    "DESCRIPTIONS": [
      "Отримуючи шкоду від #yатак, отримує #b",
      " #yброні. Приріст #yброні збільшується коли ",
      " спрацьовує. Повертається до #b",
      " на початку вашого ходу."
    ]
  },
  "Mantra": {
    "NAME": "Благання",
    "DESCRIPTIONS": [
      "Зібравши #b",
      " #yблагань, переходите в #yБожество."
    ]
  },
  "MasterRealityPower": {
    "NAME": "Майстер дійсності",
    "DESCRIPTIONS": [
      "Кожна новостворена карта #yполіпшується.",
      "deprecated",
      "deprecated",
      "deprecated"
    ]
  },
  "Mastery": {
    "NAME": "DEPRECATED Mastery",
    "DESCRIPTIONS": [
      "Whenever you attempt to switch Stances to your current Stance, gain #b",
      " [W]."
    ]
  },
  "Mayhem": {
    "NAME": "Розгардіяш",
    "DESCRIPTIONS": [
      "На початку вашого ходу граєте першу карту з добору.",
      "На початку вашого ходу граєте перші #b",
      " карти з добору."
    ]
  },
  "Metallicize": {
    "NAME": "Металізація",
    "DESCRIPTIONS": [
      "Отримуєте #b",
      " #yброні наприкінці вашого ходу.",
      "Отримує #b",
      " #yброні наприкінці ходу."
    ]
  },
  "Minion": {
    "NAME": "Посіпака",
    "DESCRIPTIONS": [
      "Посіпаки покидають бій без їхнього лідера."
    ]
  },
  "Mode Shift": {
    "NAME": "Перетворення",
    "DESCRIPTIONS": [
      "Отримавши #b",
      " шкоди, переходить у захисний режим."
    ]
  },
  "Next Turn Block": {
    "NAME": "Броня наступного ходу",
    "DESCRIPTIONS": [
      "На початку вашого наступного ходу отримуєте #b",
      " #yброні."
    ]
  },
  "Night Terror": {
    "NAME": "Нічний кошмар",
    "DESCRIPTIONS": [
      "На початку вашого наступного ходу берете #b",
      " додаткові карти до руки."
    ]
  },
  "Nirvana": {
    "NAME": "Нірвана",
    "DESCRIPTIONS": [
      "Щоразу, як ворожите, отримуєте #b",
      " #yброні."
    ]
  },
  "No Attack": {
    "NAME": "Роззброєння",
    "DESCRIPTIONS": [
      "Ви не можете грати #yатаки цього ходу."
    ]
  },
  "No Draw": {
    "NAME": "Заборона на карти",
    "DESCRIPTIONS": [
      "Ви не можете брати карти до кінця ходу."
    ]
  },
  "NoBlockPower": {
    "NAME": "Без броні",
    "DESCRIPTIONS": [
      "Ви не можете отримати #yброню від карт."
    ]
  },
  "NoSkills": {
    "NAME": "Незграбність",
    "DESCRIPTIONS": [
      "Ви не можете грати #yвміння цього ходу."
    ]
  },
  "Noxious Fumes": {
    "NAME": "Отруйні гази",
    "DESCRIPTIONS": [
      "На початку вашого ходу наносите #b",
      " #yотрути на УСІХ ворогів."
    ]
  },
  "Nullify Attack": {
    "NAME": "Щасливий промах",
    "DESCRIPTIONS": [
      "Повністю #yблокує одну #yатаку кожен хід."
    ]
  },
  "OmegaPower": {
    "NAME": "Омега",
    "DESCRIPTIONS": [
      "На початку ходу завдаєте #b",
      " шкоди УСІМ ворогам."
    ]
  },
  "OmnisciencePower": {
    "NAME": "Omniscience",
    "DESCRIPTIONS": [
      "DEPERCATED",
      "DEPRECATED"
    ]
  },
  "Painful Stabs": {
    "NAME": "Болісні удари",
    "DESCRIPTIONS": [
      "Отримавши шкоду від цього ворога, додаєте #yРану у відбій."
    ]
  },
  "Panache": {
    "NAME": "Відвага",
    "DESCRIPTIONS": [
      "Зігравши ще #b",
      " карту у цей хід, завдасте #b",
      " шкоди УСІМ ворогам.",
      " карти у цей хід, завдасте #b"
    ]
  },
  "PathToVictoryPower": {
    "NAME": "Помітка",
    "DESCRIPTIONS": [
      "Щоразу, як Ви граєте #yТочки #yнатиску, втрачає #b",
      " ОЗ."
    ]
  },
  "Pen Nib": {
    "NAME": "Кінчик пера",
    "DESCRIPTIONS": [
      "Ваша наступна #yатака завдає подвійної шкоди."
    ]
  },
  "Phantasmal": {
    "NAME": "Фантомність",
    "DESCRIPTIONS": [
      "Завдаєте #yподвійну #yшкоду наступного ходу.",
      "Завдаєте #yподвійну #yшкоду наступні ",
      " ходи."
    ]
  },
  "Plated Armor": {
    "NAME": "Панцирна броня",
    "DESCRIPTIONS": [
      "Отримуєте #b",
      " #yброні наприкінці ходу. Втрата ОЗ від атак зменшує #yпанцирну #yброню на #b1.",
      "Отримує #b",
      " #yброні наприкінці ходу. Втрата ОЗ від атак зменшує #yпанцирну #yброню на #b1."
    ]
  },
  "Poison": {
    "NAME": "Отрута",
    "DESCRIPTIONS": [
      "На початку вашого ходу втрачаєте #b",
      " ОЗ, кількість #yотрути зменшується на #b1.",
      "На початку ходу втрачає #b"
    ]
  },
  "Prime": {
    "NAME": "Первинний",
    "DESCRIPTIONS": [
      "#Встановлюючи сфери, берете #b",
      " карту.",
      " карти."
    ]
  },
  "Primitive": {
    "NAME": "Простяк",
    "DESCRIPTIONS": [
      "Зігравши звичайну карту, берете #b",
      " карту.",
      " карти."
    ]
  },
  "Rage": {
    "NAME": "Лють",
    "DESCRIPTIONS": [
      "Щоразу, коли граєте #yатаку цього ходу, отримуєте #b",
      " #yброні."
    ]
  },
  "Rebound": {
    "NAME": "Перепідключення",
    "DESCRIPTIONS": [
      "Кладете наступну карту, зіграну цього ходу, на верх добору.",
      "Кладете наступні #b",
      " карти, зіграні цього ходу, на верх добору."
    ]
  },
  "Reduce Damage": {
    "NAME": "Зменшення шкоди",
    "DESCRIPTIONS": [
      ""
    ]
  },
  "Regenerate": {
    "NAME": "Відновлення",
    "DESCRIPTIONS": [
      "Зцілює #b",
      " #yОЗ наприкінці ходу."
    ]
  },
  "Regeneration": {
    "NAME": "Зцілення",
    "DESCRIPTIONS": [
      "Наприкінці ходу зцілюєтесь на #b",
      " #yОЗ, кількість #yзцілення зменшується на #b1.",
      ""
    ]
  },
  "Repair": {
    "NAME": "Саморемонт",
    "DESCRIPTIONS": [
      "Наприкінці бою зцілюєтесь на #b",
      " ОЗ."
    ]
  },
  "Repulse": {
    "NAME": "",
    "DESCRIPTIONS": [
      "",
      ""
    ]
  },
  "Retain Cards": {
    "NAME": "Утримання карт",
    "DESCRIPTIONS": [
      "Наприкінці кожного ходу ви можете залишити в руці #b",
      " карту.",
      " карти."
    ]
  },
  "Retain Hand": {
    "NAME": "Утримання руки",
    "DESCRIPTIONS": [
      "Карти з руки не усуватимуться наступні #b",
      " ходи.",
      "Наприкінці цього ходу карти з руки не усуватимуться."
    ]
  },
  "Retribution": {
    "NAME": "DEPRECATED Retribution",
    "DESCRIPTIONS": [
      "Whenever you lose HP, gain #b",
      " #yVigor."
    ]
  },
  "Riposte": {
    "NAME": "",
    "DESCRIPTIONS": [
      "",
      ""
    ]
  },
  "Ritual": {
    "NAME": "Обряд",
    "DESCRIPTIONS": [
      "Наприкінці ходу отримує #b",
      " #yміці.",
      "Наприкінці ходу отримуєте #b"
    ]
  },
  "Rupture": {
    "NAME": "Розрив",
    "DESCRIPTIONS": [
      "Втрачаючи ОЗ від карти, отримуєте #b",
      " #yміці."
    ]
  },
  "Sadistic": {
    "NAME": "Садизм",
    "DESCRIPTIONS": [
      "Наносячи негативний ефект на ворога, додатково завдаєте #b",
      " шкоди."
    ]
  },
  "Serenity": {
    "NAME": "DEPRECATED Serenity",
    "DESCRIPTIONS": [
      "While you are in #yCalm, HP loss is reduced by #b"
    ]
  },
  "Serpentine": {
    "NAME": "Змієподібність",
    "DESCRIPTIONS": [
      "Несприйнятливий до #yзілль."
    ]
  },
  "Shackled": {
    "NAME": "Закованість",
    "DESCRIPTIONS": [
      "Після свого ходу отримує #b",
      " #yміці."
    ]
  },
  "Sharp Hide": {
    "NAME": "Гострошкірість",
    "DESCRIPTIONS": [
      "Зігравши #yатаку, отримуєте #b",
      " шкоди."
    ]
  },
  "Shifting": {
    "NAME": "Несталість",
    "DESCRIPTIONS": [
      "",
      "Втрачаючи ОЗ, втрачає стільки ж #yміці до кінця ходу."
    ]
  },
  "Shriek From Beyond": {
    "NAME": "Крик здалеку",
    "DESCRIPTIONS": [
      "Граючи #yатаку, усуваєте випадкову карту."
    ]
  },
  "Skill Burn": {
    "NAME": "Спалення вміннь",
    "DESCRIPTIONS": [
      "Спалюєте зіграні #yвміння у #b",
      " наступний хід.",
      "Спалюєте зіграні #yвміння протягом #b",
      " наступних ходів."
    ]
  },
  "Slow": {
    "NAME": "Повільність",
    "DESCRIPTIONS": [
      "За кожну зіграну карту цього ходу ",
      " отримує на #b10% більше шкоди від #yатак.",
      " (Отримає на #b",
      "% більше шкоди)"
    ]
  },
  "Split": {
    "NAME": "Роздвоєння",
    "DESCRIPTIONS": [
      "Втративши #b50% чи більше ОЗ, розділяється на #b2 менших слимака з таким же ОЗ, яке мав ",
      "."
    ]
  },
  "Spore Cloud": {
    "NAME": "Хмара спор",
    "DESCRIPTIONS": [
      "Після смерті наносить на вас #b",
      " #yуразливості."
    ]
  },
  "Stasis": {
    "NAME": "Застій",
    "DESCRIPTIONS": [
      "Після його смерті, карта «",
      "» повернеться до вашої руки."
    ]
  },
  "StaticDischarge": {
    "NAME": "Статичний розряд",
    "DESCRIPTIONS": [
      "Отримавши шкоду від #yатак, #yвстановлюєте #b",
      " #yгромовиці."
    ]
  },
  "Storm": {
    "NAME": "Буревій",
    "DESCRIPTIONS": [
      "Зігравши #bталант, #yвстановлюєте #b ",
      " громовицю."
    ]
  },
  "Strength": {
    "NAME": "Міць",
    "DESCRIPTIONS": [
      "Збільшує шкоду від атак на #b",
      "Зменшує шкоду від атак на #b",
      "."
    ]
  },
  "StrikeUp": {
    "NAME": "Уджиґнути",
    "DESCRIPTIONS": [
      "Карти зі словом #yУдар завдають на #b",
      " більше шкоди."
    ]
  },
  "Study": {
    "NAME": "Навчання",
    "DESCRIPTIONS": [
      "Наприкінці ходу у добір тасується #b",
      " #yРозуміння.",
      " #yРозумінь."
    ]
  },
  "Surrounded": {
    "NAME": "Оточення",
    "DESCRIPTIONS": [
      "Отримуєте на #b50% більше шкоди ударами в спину. Використовуйте карти та зілля щоб змінити свою позицію."
    ]
  },
  "TheBomb": {
    "NAME": "Бомба",
    "DESCRIPTIONS": [
      "Після #b%1$s ходів завдасть #b%2$s шкоди УСІМ ворогам.",
      "Після цього ходу завдасть #b%1$s шкоди УСІМ ворогам."
    ]
  },
  "Thievery": {
    "NAME": "Крадіжка",
    "DESCRIPTIONS": [
      " краде #b",
      " #yзолота з кожною атакою."
    ]
  },
  "Thorns": {
    "NAME": "Шипи",
    "DESCRIPTIONS": [
      "Отримуючи шкоду від #yатак, завдає #b",
      " шкоди назад."
    ]
  },
  "Thousand Cuts": {
    "NAME": "Тисяча порізів",
    "DESCRIPTIONS": [
      "Завдаєте #b",
      " шкоди УСІМ ворогам за кожну зіграну карту."
    ]
  },
  "Time Warp": {
    "NAME": "Кривизна часу",
    "DESCRIPTIONS": [
      "Після зіграної #b",
      "-ї карти закінчить ваш хід та отримає #b",
      " #yміці."
    ]
  },
  "TimeMazePower": {
    "NAME": "Часовий лабіринт",
    "DESCRIPTIONS": [
      "Якщо ви зіграєте ще #b",
      " карт ваш хід закінчиться"
    ]
  },
  "Tools Of The Trade": {
    "NAME": "Багатий запас",
    "DESCRIPTIONS": [
      "На початку вашого ходу берете #b",
      " карту та усуваєте #b",
      " карту.",
      " карти та усуваєте #b",
      " карти."
    ]
  },
  "Unawakened": {
    "NAME": "Не пробуджено",
    "DESCRIPTIONS": [
      "Цього ворога поки що не пробуджено..."
    ]
  },
  "Unstable": {
    "NAME": "Нестійкий",
    "DESCRIPTIONS": [
      ""
    ]
  },
  "Vault": {
    "NAME": "Сховище",
    "DESCRIPTIONS": [
      "Отримає #b",
      " шкоди на початку вашого наступного ходу."
    ]
  },
  "Venomology": {
    "NAME": "Токсинологія",
    "DESCRIPTIONS": [
      "#yОтрута не зменшується, а посилюється на #b",
      " кожного ходу."
    ]
  },
  "Vigor": {
    "NAME": "Могутність",
    "DESCRIPTIONS": [
      "Ваша наступна атака завдає на #b",
      " більше шкоди."
    ]
  },
  "Vulnerable": {
    "NAME": "Уразливість",
    "DESCRIPTIONS": [
      "Отримує на #b",
      "% більше шкоди від #yатак у #b",
      " наступний хід.",
      " наступні ходи."
    ]
  },
  "WaveOfTheHandPower": {
    "NAME": "Помах руки",
    "DESCRIPTIONS": [
      "Щоразу, як Ви отримуєте #yброню, наносите #b",
      " #yослаблення УСІМ ворогам."
    ]
  },
  "WaveOfTheHandPower2": {
    "NAME": "DEPRECATED",
    "DESCRIPTIONS": [
      "DEPRECATED",
      "DEPRECATED"
    ]
  },
  "Weakened": {
    "NAME": "Ослаблення",
    "DESCRIPTIONS": [
      "#yАтаки завдають на #b",
      "% менше шкоди #b",
      " наступного ходу.",
      " наступних ходи."
    ]
  },
  "WireheadingPower": {
    "NAME": "Передбачливість",
    "DESCRIPTIONS": [
      "На початку ходу #yворожите #b",
      "."
    ]
  },
  "Wraith Form v2": {
    "NAME": "Тіньова форма",
    "DESCRIPTIONS": [
      "Наприкінці вашого ходу втрачаєте #b",
      " #yспритності."
    ]
  },
  "WrathNextTurnPower": {
    "NAME": "Закипаюча лють",
    "DESCRIPTIONS": [
      "Переходите в #yКару на початку ходу."
    ]
  }
}