{
  "Calm": {
    "NAME": "Спокій",
    "DESCRIPTION": [
      "Виходячи з цієї #yпостави, отримуєте [W] [W] ."
    ]
  },
  "Divinity": {
    "NAME": "Божество",
    "DESCRIPTION": [
      "Займаючи цю #yпоставу, отримуєте [W] [W] [W] . Атаки завдають потрійну шкоду. Виходите з #yпостави на початку наступного ходу."
    ]
  },
  "Neutral": {
    "NAME": "",
    "DESCRIPTION": [
      ""
    ]
  },
  "Wrath": {
    "NAME": "Кара",
    "DESCRIPTION": [
      "Ваші атаки завдають подвійну шкоду, та і ви отримуєте подвійну шкоду від атак."
    ]
  }
}