{
  "AbandonRunButton": {
    "TEXT": [
      "Закинути гру"
    ]
  },
  "AbstractCard": {
    "TEXT": [
      "Заблокована",
      "Невідома"
    ]
  },
  "AbstractChest": {
    "TEXT": [
      "Далі"
    ]
  },
  "AbstractCreature": {
    "TEXT": [
      "Смерть",
      "Заблоковано",
      "Макс. ОЗ +",
      "Оглушено!",
      "Зміна планів!",
      "Амулети"
    ]
  },
  "AbstractDungeon": {
    "TEXT": [
      "Далі",
      "Моровиці:"
    ]
  },
  "AbstractMonster": {
    "TEXT": [
      "Агресія",
      "Цей ворог збирається NL #yатакувати на #b",
      " шкоди #b",
      " раз.",
      "Цей ворог збирається NL #yатакувати на #b",
      " шкоди.",
      "Агресія",
      "Цей ворог збирається накласти #yпозитивний #yефект та #yатакувати на #b",
      " раз.",
      "Цей ворог збирається накласти #yпозитивний #yефект та #yатакувати на #b",
      "Стратегія",
      "Цей ворог збирається накласти на вас #yнегативний #yефект та #yатакувати на #b",
      "Цей ворог збирається #yблокувати та #yатакувати на #b",
      "Оборона",
      "Боягузливість",
      "Магія",
      "Сплячий",
      "Оглушено",
      "Невідомий",
      "Цей ворог збирається накласти #yпозитивний #yефект.",
      "Цей ворог збирається накласти на вас #yнегативний #yефект.",
      "Цей ворог збирається накласти на вас сильний #yнегативний #yефект.",
      "Цей ворог збирається #yблокувати у свій хід.",
      "Цей ворог збирається #yблокувати та накласти на вас #yнегативний #yефект.",
      "Цей ворог збирається #yблокувати та накласти #yпозитивний #yефект.",
      "Цей ворог збирається #yвтекти.",
      "Цей ворог збирається застосувати таємничу #yмагію у свій хід.",
      "Цей ворог спить.",
      "Цього ворога #yоглушено.",
      "Намір цього ворога #yневідомий (не атакує).",
      "Заблоковано"
    ]
  },
  "AbstractPlayer": {
    "TEXT": [
      "Заблоковано",
      "Броненосець",
      "Тиша",
      "Ґандж",
      "Споглядаюча"
    ]
  },
  "AbstractPotion": {
    "TEXT": [
      "Мені бракує місця NL для Зілля."
    ]
  },
  "AbstractRoom": {
    "TEXT": [
      "Вас пограбували...",
      "Втекли..."
    ]
  },
  "AnyCardFromDeckToHandAction": {
    "TEXT": [
      "Оберіть карту, яку покладете до руки.",
      "Оберіть карти, яку покладете до руки."
    ]
  },
  "ApplyPowerAction": {
    "TEXT": [
      "Ефект відкинуто",
      "Імунітет!",
      "Анульовано",
      "\n знижено"
    ]
  },
  "ArmamentsAction": {
    "TEXT": [
      "поліпшення"
    ]
  },
  "AscensionModeDescriptions": {
    "TEXT": [
      "1. Еліта з’являється частіше.",
      "2. Звичайні вороги завдають більше шкоди.",
      "3. Еліта завдає більше шкоди.",
      "4. Князі завдають більше шкоди.",
      "5. Після битв з князями відновлюється менше ОЗ.",
      "6. Кожна гра починається не з повним здоров’ям.",
      "7. Звичайні вороги отримують менше шкоди.",
      "8. Еліта отримує менше шкоди.",
      "9. Князі отримують менше шкоди.",
      "10. Кожна гра починається з прокляттями.",
      "11. Менше місця для зілля.",
      "12. Поліпшені картки з’являються рідше.",
      "13. Бідні князі.",
      "14. Занижене макс. ОЗ.",
      "15. Несприятливі події",
      "16. В крамницях ростуть ціни.",
      "17. Звичайні вороги мають складнішу тактику та здібності.",
      "18. Еліта має складнішу тактику та здібності.",
      "19. Князі мають складнішу тактику та здібності.",
      "20. (макс. рівень) Подвійні князі."
    ]
  },
  "AscensionTextEffect": {
    "TEXT": [
      "Режим вознесіння ",
      " розблоковано!"
    ]
  },
  "AscensionUnlockEffect": {
    "TEXT": [
      "Вознесіння розблоковано!"
    ]
  },
  "AttackFromDeckToHandAction": {
    "TEXT": [
      "Оберіть атаку, яку покладете до руки."
    ]
  },
  "BattleStartEffect": {
    "TEXT": [
      "Початок бою",
      "Хід гравця",
      "Хід ворогів",
      " хід"
    ]
  },
  "BetaArtUnlockEffect": {
    "TEXT": [
      "Розблоковано бета-ілюстрації до карт Броненосця!",
      "Розблоковано бета-ілюстрації до карт Тиші!",
      "Розблоковано бета-ілюстрації до карт Ґанджа!",
      "Розблоковано усі бета-ілюстрації до карт!",
      "Розблоковано бета-ілюстрації до карт Споглядаючої!"
    ]
  },
  "BetterToHandAction": {
    "TEXT": [
      "Оберіть карту, яку покладете у руку.",
      "Оберіть ",
      " карт(и) які покладете у руку."
    ]
  },
  "BossChest": {
    "TEXT": [
      "Далі"
    ]
  },
  "BossRelicSelectScreen": {
    "TEXT": [
      "Продовжити",
      "Гаразд",
      "Оберіть амулет",
      "Пропустити",
      "ГОЛОСУЙТЕ ЗАРАЗ: ",
      "сек.",
      "Оберіть моровицю"
    ]
  },
  "CacheAction": {
    "TEXT": [
      "Оберіть карту, яку покладете на верх добору.",
      "Оберіть карти, які покладете на верх добору."
    ]
  },
  "CampfireSleepEffect": {
    "TEXT": [
      "Бачиш сни?"
    ]
  },
  "CampfireSmithEffect": {
    "TEXT": [
      "Оберіть карту для поліпшення."
    ]
  },
  "CampfireTokeEffect": {
    "TEXT": [
      "Оберіть карту для вилучення."
    ]
  },
  "CampfireUI": {
    "TEXT": [
      "Що ж робити...?",
      "Гмм...",
      "Що мені робити?",
      "Час відпочити",
      "Як багато справ...",
      "Знайдіть мені ліжко...",
      "Ой, знемога..."
    ]
  },
  "Cancel Button": {
    "TEXT": [
      "Видалити збереження"
    ]
  },
  "CardLibSortHeader": {
    "TEXT": [
      "Рідкість",
      "Тип",
      "А-Я",
      "Вартість",
      "Перейти до:",
      "Здобуто"
    ]
  },
  "CardLibraryScreen": {
    "TEXT": [
      "Назад",
      "Червоні",
      "Зелені",
      "Сині",
      "Безбарвні",
      "Прокляття",
      "Стани",
      "Переглянути поліпшення",
      "Фіолетові"
    ]
  },
  "CardRewardScreen": {
    "TEXT": [
      "Пропустити",
      "Оберіть карту",
      "+2 макс. ОЗ",
      "ГОЛОСУЙТЕ ЗАРАЗ: ",
      "сек.",
      "Переглянути поліпшення",
      "Оберіть один"
    ]
  },
  "CharacterOption": {
    "TEXT": [
      "Заблокований(а)",
      "Цей герой розблокується після однієї гри.",
      "Цей герой недоступний в ранньому доступі.",
      "Цей герой розблокується після однієї гри за Тишу.",
      "ОЗ: ",
      "Золото: ",
      " таємниць залишилось",
      "Невідомо",
      "???",
      " до наступного відкриття",
      "Цей герой розблокується після однієї типової гри якщо ви вже розблокували третього героя."
    ]
  },
  "CharacterSelectScreen": {
    "TEXT": [
      "Оберіть героя",
      "У дорогу",
      "Броненосець",
      "Тиша",
      "Ґандж",
      "Назад",
      "Вознесіння",
      "Рівень ",
      "Вознесіння",
      "З кожною перемогою вороги стають важчими (Не впливає на низку перемог)",
      "Ключ ",
      "Випадковий ключ",
      "Початковий ключ використовується для генерації вежі.",
      "Ввести ключ генерації",
      "Споглядаюча"
    ]
  },
  "ChooseOneScreen": {
    "TEXT": [
      "Оберіть один"
    ]
  },
  "ClarityAction": {
    "TEXT": [
      "Оберіть 1 карту. Решта спалюються."
    ]
  },
  "CombatRewardScreen": {
    "TEXT": [
      "Продовжити",
      "Залишити карту",
      "Залишити золото",
      "Залишити зілля",
      "Залишити амулет",
      "Залишити скарби",
      "Закрити",
      "Скарби!",
      "Що всередині?",
      "Нагороди!",
      "Здобуто!",
      "Здобич!",
      "Порада: "
    ]
  },
  "Confirm Button": {
    "TEXT": [
      "Гаразд"
    ]
  },
  "ConfirmPopup": {
    "TEXT": [
      "Назад",
      "Видалити збереження",
      "Так",
      "Ні"
    ]
  },
  "CopyAction": {
    "TEXT": [
      "копіювання"
    ]
  },
  "CreditsScreen": {
    "TEXT": [
      "клацніть ще раз, щоб вийти",
      "щоб вийти",
      "клацніть знову, щоб вийти"
    ]
  },
  "CustomModeScreen": {
    "TEXT": [
      "Своя гра",
      "Досягнення та лідерське табло вимкнуто.",
      "Герой",
      "Вознесіння",
      "Рівень ",
      "Режим вознесіння",
      "Модифікації",
      "Ключ генерації",
      "Змінити ключ генерації",
      "Трофеї та лідерське табло вимкнуто."
    ]
  },
  "DailyScreen": {
    "TEXT": [
      "Щоденний виклик",
      "Підключення до часового серверу...",
      "#yУВАГА: Ви закінчили сьогоднішній виклик NL За повторні спроби рахунок не змінюється",
      "Назад",
      "У дорогу",
      "Сьогоднішній герой: ",
      "dd.MM.yyyy HH:mm:ss",
      "Час: ",
      "#yДосягнуто #yповерху: NL  ",
      " NL NL  #yКолода: NL ",
      " NL NL  #yАмулети: NL  ",
      " NL Щоденний виклик: NL TAB #yТип: NL TAB ",
      " NL TAB #yМоди: ",
      "Моди: ",
      "Лідерське табло",
      "*У щоденному виклику не здобуваються досягнення.",
      "  [Автономний режим]",
      "d MMMM yyyy",
      "*У щоденному виклику не здобуваються трофеї."
    ]
  },
  "DeathScreen": {
    "TEXT": [
      "Продовжити",
      "Перемога?",
      "Кімнат пройдено",
      "Князів побито",
      "Час гри",
      "Час гри",
      "Підсумок",
      "Вежа підкорила вас",
      "Смерть...",
      "Поразка",
      "Невдача!",
      "Розмазали по підлозі..",
      "Спустошення",
      "Ох.. невдача",
      "Вас убито!",
      "Знайоме почуття.",
      "Подрімаємо...",
      "Діждався сраної немочі...",
      "Муха вбрикнула",
      "Не готові ви до цього.",
      "Спробую ще раз завтра.",
      "Потрібна буде нова мапа.",
      "Недостатньо підготовлений.",
      "Немислимо!",
      "Хіба це мій справжній потенціал?",
      "Така вже вдача...",
      "Ну не так же...",
      "Не зовсім вершина.",
      "Тиша підняла й гепнула...",
      "Курка на ногу наступила...",
      "Поразка",
      "Визнання",
      "Продовжити",
      "Спробувати знову",
      "Головне меню",
      "Продовжити",
      "Розблокувати",
      "Головне меню",
      "Спробувати ще раз",
      "Продовжити",
      "Розблокувати",
      "Залишилось розблокувати: ",
      "Розблокуй: ",
      "Ворогів вбито",
      "Еліти вбито",
      "Невикористане золото",
      "Бонус за ОЗ"
    ],
    "EXTRA_TEXT": [
      "Еліти вбито при Воротах",
      "Еліти вбито у Місті",
      "Еліти вбито у Вирії",
      "Скорогон",
      "Швидкість світла",
      "Горець",
      "Збірка",
      "Повний набір",
      "Жебрак",
      "Бібліотекар",
      "Енциклопедист",
      "Ситість",
      "Обжиралівка",
      "Прокляття!",
      "На власних умовах",
      "Чемпіон",
      "Неперевершено",
      "Ще неперевершеніше",
      "Надмірний удар",
      "К-к-к-комбо",
      ""
    ]
  },
  "DeathScreenUi": {
    "TEXT": [
      "Режим вознесіння ",
      " Розблоковано!"
    ]
  },
  "DeletePopup": {
    "TEXT": [
      "Видалити це збереження?",
      "Так",
      "Ні",
      "УВАГА: Цю дію не можна буде відмінити."
    ]
  },
  "Dig Option": {
    "TEXT": [
      "Копати",
      "Викопати амулет."
    ]
  },
  "DiscardAction": {
    "TEXT": [
      "усунення"
    ]
  },
  "DiscardPilePanel": {
    "TEXT": [
      "Відбій #rпустий."
    ]
  },
  "DiscardPileToHandAction": {
    "TEXT": [
      "Оберіть карту для повернення у руку"
    ]
  },
  "DiscardPileToTopOfDeckAction": {
    "TEXT": [
      "Оберіть карту, яку покладете на верх добору."
    ]
  },
  "DiscardPileViewScreen": {
    "TEXT": [
      "Карти звідси перемішуються у добір, коли у ньому пусто.",
      "Назад",
      "Відбій"
    ]
  },
  "DrawPilePanel": {
    "TEXT": [
      "Добір #rпустий."
    ]
  },
  "DrawPileViewScreen": {
    "TEXT": [
      "Звідси беруться карти на початку кожного ходу.",
      "(Сортується за рідкістю)",
      "Назад",
      "Добір"
    ]
  },
  "DualWieldAction": {
    "TEXT": [
      "подвоєння"
    ]
  },
  "DungeonMapScreen": {
    "TEXT": [
      "Оберіть початкову кімнату",
      "Назад"
    ]
  },
  "DungeonTransitionScreen": {
    "TEXT": [
      "Навчання",
      "Ви хочете бачити підказки під час гри?",
      "Акт 1",
      "Ворота",
      "Акт 2",
      "Місто",
      "Акт 3",
      "Вирій",
      "Заключний акт",
      "Останній бій",
      "Клацніть аби продовжити"
    ]
  },
  "EarlyAccessPopup": {
    "TEXT": [
      "Що таке ранній доступ?",
      "Що таке відкрита бета-версія?",
      "«Slay the Spire» досі у ранній стадії розробки! NL Механіка гри, вороги та карти часто змінюватимуться. NL NL Якщо вам трапляться ґлюки, будь ласка, повідомте нас про це у #bобговореннях #bSteam. NL NL Все, годі читати, треба Вежу підкорювати!",
      "«Slay the Spire» досі у ранній стадії розробки! NL А ще ви граєте у бета-версії. NL NL Не дивуйтеся, якщо десь не буде картинок чи вмісту. Якщо вам трапляться ґлюки, будь ласка, повідомте нас. NL NL Все, годі читати, треба Вежу підкорювати!",
      "Клацніть, щоб почати",
      "Продовжити"
    ]
  },
  "End Turn Button": {
    "TEXT": [
      "Закінчити хід",
      "Хід ворогів"
    ]
  },
  "ExhaustAction": {
    "TEXT": [
      "спалення"
    ]
  },
  "ExhaustViewScreen": {
    "TEXT": [
      "Ці карти було спалено під час бою.",
      "Назад"
    ]
  },
  "ExhumeAction": {
    "TEXT": [
      "Оберіть карту для повернення до руки"
    ]
  },
  "ExitGameButton": {
    "TEXT": [
      "Закрити гру"
    ]
  },
  "Exordium": {
    "TEXT": [
      "Ворота"
    ]
  },
  "ForethoughtAction": {
    "TEXT": [
      "того, щоб покласти у кінець добору."
    ]
  },
  "GainGoldTextEffect": {
    "TEXT": [
      " золота"
    ]
  },
  "GamblingChipAction": {
    "TEXT": [
      "підміни (Покерна фішка)",
      "підміни"
    ]
  },
  "GameSavedEffect": {
    "TEXT": [
      "#y~Гру~ #y~збережено~"
    ]
  },
  "GridCardSelectScreen": {
    "TEXT": [
      "Продовжити",
      "Скасувати",
      "Підтвердіть ваш вибір",
      "Покинути"
    ]
  },
  "HandCardSelectScreen": {
    "TEXT": [
      "Підтвердіть карту для ",
      "Підтвердіть карти для ",
      "Оберіть ",
      " карти для ",
      "Оберіть будь-яку кількість карт для ",
      "Оберіть карту для ",
      "копіювання"
    ]
  },
  "HiddenChamberAction": {
    "TEXT": [
      ""
    ]
  },
  "ImmolateAction": {
    "TEXT": [
      "спалення"
    ]
  },
  "InputKeyNames": {
    "TEXT_DICT": {
      "Escape": "ESC",
      "Forward Delete": "Delete",
      "Delete": "Backspace"
    }
  },
  "InputSettingsScreen": {
    "TEXT": [
      "Клавіші",
      "Налаштування",
      "Назад",
      "Команди",
      "Клавіатура",
      "Контролер",
      "Скинути клавіші",
      "Обрати карту",
      "Скасувати / Вийти",
      "Мапа",
      "Головна колода",
      "Добір",
      "Відбій",
      "Спалені",
      "Закінчити хід",
      "Вліво",
      "Вправо",
      "Обрати карту №1",
      "Обрати карту №2",
      "Обрати карту №3",
      "Обрати карту №4",
      "Обрати карту №5",
      "Обрати карту №6",
      "Обрати карту №7",
      "Обрати карту №8",
      "Обрати карту №9",
      "Обрати карту №10",
      "Відпустити карту",
      "Обрати*",
      "Відмінити*",
      "Верхня панель*",
      "Продовжити / Закінчити хід*",
      "Попередня сторінка / Оглянути колоду*",
      "Наступна сторінка / Спалені карти*",
      "Мапа*",
      "Налаштування*",
      "Добір*",
      "Відбій*",
      "Угору*",
      "Вниз*",
      "Вліво*",
      "Вправо*",
      "Угору (Інш)*",
      "Вниз (Інш)*",
      "Вліво (Інш)*",
      "Вправо (Інш)*",
      "Угору",
      "Вниз",
      "Контролер",
      "Сенсорний екран",
      "Підглянути"
    ]
  },
  "LanguageDropdown": {
    "TEXT": [
      "Бразильська португальська",
      "Китайська (спрощена)",
      "Китайська (традиційна)",
      "Англійська",
      "Французька",
      "Німецька",
      "Італійська",
      "Японська",
      "Корейська",
      "Польська",
      "Російська",
      "Іспанська",
      "Іврит",
      "Турецька",
      "Шведська",
      "Норвезька",
      "Тайська",
      "Сербська (кирилиця)",
      "Українська",
      "В’єтнамська",
      "Угорська",
      "Сербська (латиниця)",
      "Каталонська",
      "Грецька",
      "Індонезійська",
      "Есперанто",
      "Нідерландська",
      "Finnish"
    ]
  },
  "LeaderboardFilters": {
    "TEXT": [
      "Броненосець",
      "Тиша",
      "Ґандж",
      "Середній поверх досягнуто (за останні 20 спроб)",
      "Середній рахунок (за останні 20 спроб)",
      "Краща серія перемог",
      "Найшвидша перемога",
      "Найкращий рахунок",
      "Option 6. DO NOT TRANSLATE",
      "Друзі",
      "Світ",
      "Споглядаюча"
    ]
  },
  "LeaderboardsScreen": {
    "TEXT": [
      "Назад",
      "Фільтри",
      "Герой",
      "Регіон",
      "Тип",
      "Знайти мене",
      "Ранг",
      "Ім’я",
      "Рахунок",
      "Отримання даних...",
      "Лідерське табло",
      "Відсутнє підключення до Steam",
      "Немає попередніх поєдинків \n Ану вперед, покоряти Вежу!"
    ]
  },
  "Legend": {
    "TEXT": [
      "Невідомо",
      "???",
      "Невідома кімната. NL NL У цій кімнаті можуть трапитись чудовиська, скарби, крамниці, а може й на щось зовсім інше.",
      "Торговець",
      "Крамниці",
      "Таємничний Торговець продає свої товари у цих кімнатах. NL NL Витрачайте своє чесно зароблене #yзолото тут!",
      "Скарби",
      "Скарбниця",
      "В цих кімнатах можна знайти #yамулети та #yзолото.",
      "Табір",
      "Табори",
      "Зупинившись у цих кімнатах, можна частково #gвідновити здоров’я чи #yполіпшити одну карту.",
      "Ворог",
      "Вороги",
      "В цих кімнатах живе всяка погань.",
      "Еліта",
      "Еліта",
      "В цих кімнатах проживає сильна нечисть. NL NL Перемога над ними нагородить вас амулетом.",
      "Пояснення"
    ]
  },
  "Lift Option": {
    "TEXT": [
      "Підкачатись",
      "Додати 1 міць на початку бою. (макс. 3 рази)",
      ""
    ]
  },
  "MainMenuScreen": {
    "TEXT": [
      "#yВерсія: ",
      "У дорогу",
      "Назад",
      "клацніть для редагування",
      "щоб редагувати",
      "натисніть для редагування"
    ]
  },
  "MasterDeckViewScreen": {
    "TEXT": [
      "Ви починаєте кожен бій з цими картами.",
      "Назад"
    ]
  },
  "MenuButton": {
    "TEXT": [
      "",
      "Гра",
      "",
      "",
      "Продовжити",
      "",
      "Статистика",
      "",
      "Закрити гру",
      "Що нового",
      "Закинути гру",
      "",
      "Налаштування",
      "",
      "Компендіум"
    ]
  },
  "MenuPanels": {
    "TEXT": [
      "Стандартна",
      "",
      "Спробуєте покорити Вежу?",
      "Щоденний виклик",
      "",
      "Новий виклик доступний раз на день.\n\nЗмагайтеся з іншими гравцями за найвищий рахунок!",
      "Вознесіння",
      "",
      "Вежа сильнішає з кожною перемогою.\n\nЧи вистоять найкращі зі стратегій?",
      "Колекція карт",
      "",
      "Перегляньте карти, які зустрічались вам у Вежі.",
      "Колекція амулетів",
      "",
      "Перегляньте амулети, знайдені вами у Вежі.",
      "Бестіарій",
      "",
      "Ці знання ще недоступні.",
      "Статистика",
      "",
      "Статистику й прогрес кожного персонажа можна побачити ось тут.",
      "Лідерське табло",
      "",
      "Міряйтесь рахунками з друзями та іншими гравцями.",
      "Історія ігор",
      "",
      "Перегляньте минулі спроби покорити Вежу.",
      "Налаштування",
      "",
      "Параметри гри ховаються тут.",
      "Клавіші",
      "",
      "Зміна клавіш швидкого доступу.",
      "Титри",
      "",
      "Люди, які допомогли створити «Slay the Spire»!",
      "Невідоме",
      "Зіграйте щоденний виклик, щоб розблокувати цей режим гри.",
      "Ця функція ще недоступна.",
      "Своя гра",
      "Змініть гру унікальними модифікаторами.",
      "Зміна клавіш.",
      "Зміна графіки, звуку та ігроладу.",
      "Лабораторія",
      "Тут знаходяться усі зілля, знайдені вами у Вежі."
    ]
  },
  "MerchantImageTextNotInGame": {
    "TEXT": [
      "Послуга видалення карт",
      "РОЗПРОДАЖ",
      "Не продається",
      "Розпродано",
      "Ох ні!"
    ]
  },
  "MiscConsoleStrings": {
    "TEXT": [
      "Натисніть ",
      " щоб почати",
      "Змінити профіль",
      "Зона відображення",
      "Сталася зміна входу. Будь ласка, увійдіть заново або вийдіть до головного меню.",
      "Увійти",
      "Вийти"
    ]
  },
  "OpeningAction": {
    "TEXT": [
      "Цей ворог не має наміру атакувати!"
    ]
  },
  "OptionsPanel": {
    "TEXT": [
      "",
      "Налаштування",
      "Графіка",
      "Роздільна здатність: NL Макс. частота кадрів:",
      "Повноекранний NL У вікні без рамки (рекомендовано) NL Трусити екран",
      "Звук",
      "Загальна гучність NL Музика NL Звуки",
      "Звуки довкілля NL Вимикати звук, коли гра згорнута",
      "Налаштування",
      "Підсумовувати отриману шкоду жовтим кольором NL Показувати блоковану шкоду синім кольором NL Вимкнути підтвердження для вибору однієї карти",
      "Швидкий режим",
      "",
      "Різне",
      "Мова:",
      "Вивантажувати дані про ігролад #b(?)",
      "Закрити гру",
      "Зберегти та вийти",
      "NL NL VSync",
      "Бета-ілюстрації на картах",
      "Показувати клавіші швидкого вибору",
      "Клавіші",
      "Вимкнути ефекти дрібних об’єктів",
      "Роздільна здатність:",
      "Роздільна здатність: NL Повноекранний монітор:",
      "Визначає який монітор використовується в повноекранному режимі.",
      "Підтвердження довгим затримуванням",
      "Збільшений текст"
    ]
  },
  "PatchNotesScreen": {
    "TEXT": [
      "Назад",
      "#yЩо #yнового",
      " NL (ТИМЧАСОВО: Використовуйте стрілочки для навігації старшими журналами)"
    ]
  },
  "Period": {
    "TEXT": [
      "."
    ]
  },
  "PotionPopUp": {
    "TEXT": [
      "Кинути",
      "Випити",
      "Скинути",
      "Я не можу використовувати зілля!",
      "Я не можу це зробити в бою!"
    ]
  },
  "PotionViewScreen": {
    "TEXT": [
      "Назад",
      "Звичайні:",
      "Зілля, що найчастіше зустрічаються у Вежі.",
      "Надзвичайні:",
      "Більш сильні зілля, що зустрічаються рідше за звичайні зілля.",
      "Рідкісні:",
      "Унікальні та могутні зілля, які рідко зустрічаються"
    ]
  },
  "PowerExpireTextEffect": {
    "TEXT": [
      "Ефект зникає..."
    ]
  },
  "Proceed Button": {
    "TEXT": [
      "Далі"
    ]
  },
  "PutOnDeckAction": {
    "TEXT": [
      "того, щоб покласти на верх добору"
    ]
  },
  "Recall Option": {
    "TEXT": [
      "Згадати",
      "Отримати рубіновий ключ."
    ]
  },
  "RecycleAction": {
    "TEXT": [
      "спалення"
    ]
  },
  "RelicViewScreen": {
    "TEXT": [
      "Назад",
      "Початкові:",
      "Гравці починають з цими амулетами.",
      "Звичайні:",
      "Слабкі амулети, які зустрічаються часто.",
      "Надзвичайні:",
      "Сильніші амулети, що з’являються рідше, аніж звичайні.",
      "Рідкісні:",
      "Унікальні та потужні амулети, що рідко зустрічаються.",
      "Князівські:",
      "Амулети, що отримуються лише у князівських скарбницях.",
      "За подію:",
      "Амулети, які можна отримати тільки у певній події.",
      "Крамничні:",
      "Амулети, які можна лише придбати у Торговця."
    ]
  },
  "RenamePanel": {
    "TEXT": [
      "<нічого>",
      "Введіть своє ім’я",
      "Гаразд",
      "Скасувати"
    ]
  },
  "ReprieveAction": {
    "TEXT": [
      "Цей ворог задумав атакувати!"
    ]
  },
  "ReprogramAction": {
    "TEXT": [
      "Оберіть будь-яку кількість карт для усунення."
    ]
  },
  "Rest Option": {
    "TEXT": [
      "Відпочити",
      "Поповнити здоров’я на 100% від максимуму (",
      " ОЗ додає ",
      "Поповнити здоров’я на 30% від максимуму (",
      ""
    ]
  },
  "RestartForChangesEffect": {
    "TEXT": [
      "Перезапустіть гру, щоб зміни вступили в силу."
    ]
  },
  "RetainCardsAction": {
    "TEXT": [
      "заховати"
    ]
  },
  "RewardItem": {
    "TEXT": [
      " золота (повернуто вкрадене)",
      " золота",
      "Додати карту до колоди",
      "",
      "Оберіть карту",
      "Смарагдовий ключ",
      "Cапфіровий ключ",
      "З’єднані",
      "Ви втратите ",
      "."
    ]
  },
  "RichPresence": {
    "TEXT": [
      "Щоденна гра - кімната %s",
      "Власна гра - кімната %s",
      " - кімната %s",
      "Головне меню",
      " (В%s)"
    ]
  },
  "RunHistoryMonsterNames": {
    "TEXT": [
      "Банда гремлінів",
      "Великий слимак",
      "Розбійники біля Воріт",
      "Природа довкола Воріт",
      "Слимачий рій",
      "Малі слимаки",
      "Міські грабіжники",
      "Три птиха",
      "Чотири птиха",
      "Три культиста",
      "Зграя Обраної",
      "Охоронець та Кулястий вартовий",
      "Центуріон і Містик",
      "Паразит і Пліснявий звір",
      "Банда у масках",
      "Громили Колізею",
      "Гнобителі Колізею",
      "Три фіґури",
      "Орда Щелепників",
      "Чотири фіґури",
      "Кулястий вартовий з фіґурами",
      "Два Сфероходи",
      "Понч та Дека",
      "Охоронці",
      "Обрана та Культисти",
      "(Deprecated) Flame Bruiser",
      "(Deprecated) Slaver and Parasite",
      "(Deprecated) Snecko and Mystics",
      "Щит та спис"
    ]
  },
  "RunHistoryPathNodes": {
    "TEXT": [
      "Невідомо",
      "Ворог",
      "Еліта",
      "Подія",
      "Князь",
      "Скарби",
      "Князівські скарби",
      "Табір",
      "Торговець",
      "Невідомо (ворог)",
      "Невідомо (Торговець)",
      "Невідомо (скарби)",
      "Поверхи %1$s - %2$s",
      "Поверх %s",
      "#r%s шкоди",
      "#r%s ходи",
      "#r%s #r/ #r%s #rОЗ",
      "#y%s #yзолота",
      "#yЗдобуто: ",
      "#yЗалишено:",
      "Інформація відсутня",
      "+2 макс. ОЗ",
      "#bКар ",
      "#bАму ",
      "#bЗіл ",
      "#bКра ",
      "#bВідпочили",
      "#bПоліпшено %s",
      "#bВилучено %s",
      "#bВідкопано",
      "#bВкачано %s/%s",
      "#yПридбано:",
      "#rВитрачено ",
      "#rУзято ",
      "#rВтрачено ",
      "%s макс. ОЗ",
      "#bЗцілено ",
      "#bОтримано ",
      "#bЗнехтувано ",
      "%s ОЗ",
      "#bОтримано %s",
      "#rПрокляття: #r%s",
      "%s шкоди",
      "#bПоліпшено %s",
      "#bПеретворено %s",
      "#rВтрачено %s",
      "#bЗгадано"
    ]
  },
  "RunHistoryScreen": {
    "TEXT": [
      "Броненосець",
      "Тиша",
      "Ґандж",
      "Назад",
      "Немає попередніх поєдинків. NL Ану вперед, покоряти Вежу!",
      "Поверх: ",
      "Вбито на %1$d поверсі. Убивця: %2$s",
      "Закинуто на %d поверсі",
      "Перемога!",
      "Карти",
      "Амулети",
      "початкових",
      "звичайних",
      "надзвичайних",
      "рідкісних",
      "із подій",
      "проклятих",
      "князівських",
      "з крамниці",
      "Невідоме",
      "%1$d %2$s",
      "%1$s (%2$d):",
      "Рахунок: %d",
      "Усі герої",
      "Усі ігри",
      "Перемоги",
      "Програші",
      "Щоденно",
      "Усі типи",
      "Стандартна",
      "Вознесіння",
      "Щоденний виклик",
      "Ключ: %s",
      "Власний ключ: %s",
      "d.MM.yyyy, HH:mm",
      "Споглядаюча"
    ]
  },
  "SaveSlot": {
    "TEXT": [
      "Зіграно ",
      "Пусте місце"
    ]
  },
  "SaveSlotScreen": {
    "TEXT": [
      "Обрати місце",
      "Перейменувати",
      "Видалити це збереження"
    ]
  },
  "SeedPanel": {
    "TEXT": [
      "0000000000",
      "Введіть ключ генерації",
      "Гаразд",
      "Скасувати",
      "*Використання свого ключа вимикає досягнення та лідерське табло.",
      "*Використання свого ключа вимикає трофеї та лідерське табло."
    ]
  },
  "SettingsScreen": {
    "TEXT": [
      "Впевнені?",
      "Ваш прогрес автоматично зберігається.",
      "Якщо закинете гру, вона зарахується як програш.",
      "УВАГА:\nПрогрес НЕ збережено.\n\nДійдіть до наступного поверху, щоб зберегти гру.",
      "Назад",
      "Прогрес НЕ зберігається для щоденних ігор."
    ]
  },
  "SetupAction": {
    "TEXT": [
      "того, щоб покласти на верх добору."
    ]
  },
  "ShopRoom": {
    "TEXT": [
      "Пропустити"
    ]
  },
  "SignatureMoveMessage": {
    "TEXT": [
      "Це має бути моєю єдиною #rатакою!"
    ]
  },
  "SingleCardViewPopup": {
    "TEXT": [
      "Атака",
      "Вміння",
      "Талант",
      "Прокляття",
      "Заблоковано",
      "Невідоме",
      "Переглянути поліпшення",
      "Стан",
      "",
      "Я можу грати тільки під час мого ходу.",
      "Мене #rзамотано! NL Не можу атакувати",
      "Бракує #rенергії.",
      "Бракує #rзаряду.",
      "Я не можу грати NL цю карту.",
      "Бета-ілюстрація"
    ]
  },
  "SingleViewRelicPopup": {
    "TEXT": [
      "Князівський амулет",
      "Звичайний амулет",
      "Непотріб",
      "Рідкісний амулет",
      "Купується",
      "Амулет за подію",
      "Початковий амулет",
      "Надзвичайний амулет",
      "Заблокований амулет",
      "Невідомий амулет",
      "",
      "Цей амулет потрібно розблокувати.",
      "Цей амулет ще ніхто не бачив."
    ]
  },
  "SkillFromDeckToHandAction": {
    "TEXT": [
      "Оберіть вміння, яке покладете до руки."
    ]
  },
  "Smith Option": {
    "TEXT": [
      "Кувати",
      "Поліпшити карту у вашій колоді.",
      "Немає карт, які можна поліпшити."
    ]
  },
  "StorePotion": {
    "TEXT": [
      "Вам бракує місця"
    ]
  },
  "TheBeyond": {
    "TEXT": [
      "Вирій"
    ]
  },
  "TheCity": {
    "TEXT": [
      "Місто"
    ]
  },
  "TheEnding": {
    "TEXT": [
      "Останній бій"
    ]
  },
  "TipHelper": {
    "TEXT": [
      "Енергія"
    ]
  },
  "Toke Option": {
    "TEXT": [
      "Палити",
      "Вилучаєте карту з колоди."
    ]
  },
  "TopPanel": {
    "TEXT": [
      " поверх",
      " - вознесіння ",
      " (макс. рівень)"
    ]
  },
  "TreasureRoom": {
    "TEXT": [
      "Пропустити"
    ]
  },
  "TreasureRoomBoss": {
    "TEXT": [
      "Пропустити"
    ]
  },
  "TwitchVoter": {
    "TEXT": [
      "ГОЛОСУЙТЕ ЗАРАЗ: "
    ]
  },
  "Unlock Confirm Button": {
    "TEXT": [
      "Гаразд"
    ]
  },
  "UnlockCharacterScreen": {
    "TEXT": [
      "Карти розблоковано!",
      "",
      "Амулети розблоковано!",
      "Новий герой",
      "Примітка: Розблоковані карти з’являться у майбутніх іграх.",
      "Примітка: Розблоковані амулети з’являться у майбутніх іграх."
    ]
  },
  "UnlockScreen": {
    "TEXT": [
      "Карти розблоковано",
      "Амулети розблоковано!",
      "Новий герой",
      "Примітка: Розблоковані карти з’являться у майбутніх іграх.",
      "Примітка: Розблоковані амулети з’являться у майбутніх іграх."
    ]
  },
  "UnlockTextEffect": {
    "TEXT": [
      "Розблоковано!"
    ]
  },
  "VictoryScreen": {
    "TEXT": [
      "Продовжити",
      "Кімнат пройдено",
      "Князів побито",
      "Час гри",
      "Рахунок",
      "Розблокувати",
      "Залишилось розблокувати: ",
      "Залишилось до розблокування: ",
      "Ворогів вбито",
      "Еліти вбито",
      "Невикористане золото",
      "Бонусне ОЗ",
      "Перемога!"
    ]
  },
  "WishAction": {
    "TEXT": [
      "Оберіть, яку карту зіграти."
    ]
  },
  "SyncMessage": {
    "TEXT": [
      "Синхронізація даних..."
    ]
  }
}