{
  "AchievementGrid": {
    "NAMES": [
      "Omuz Silkme",
      "Saflık",
      "Topunuz Gelsin",
      "Antlaşma",
      "Adrenalin",
      "Güçlü",
      "Jaxxlan",
      "Vurdumduymaz",
      "Barikatlı",
      "Katalizör",
      "Veba",
      "Ninja",
      "Sonsuz",
      "Sen Kimsin Ya",
      "Kusursuz",
      "Gardiyan",
      "Hayalet",
      "Reis",
      "Otomaton",
      "Koleksiyoncu",
      "Şampiyon",
      "Karga",
      "Şekiller",
      "Zaman Yiyen",
      "Yakut",
      "Zümrüt",
      "Gizli",
      "Kimin Kalıntıya İhtiyacı Var?",
      "Hızlı Tırmanıcı",
      "Yüksel 0",
      "Yüksel 10",
      "Minimalist",
      "Ooh Donut!",
      "Safir",
      "Sağduyu",
      "Odaklanmış",
      "Neon",
      "Enerji Abartılmış",
      "Şanslı Günüm",
      "Süreksiz",
      "Yüksel 20",
      "Yakut+",
      "Zümrüt+",
      "Safir+",
      "Son?",
      "Ebedi Olan",
      "Ametist",
      "Ametist+"
    ],
    "TEXT": [
      "1 CP kalmışken bir dövüş kazan.",
      "Elinde, atma ve çekme yığınında toplam 3 veya daha az karta sahip ol.",
      "Saldırı oynamadan bir dövüş kazan.",
      "Tek bir dövüşte 20 kart Tüket.",
      "Dövüşün tek bir turunda 9 enerjiye sahip ol.",
      "Dövüş sırasında 10 veya daha fazla Kuvvete sahip ol.",
      "Dövüş sırasında 50 veya daha fazla Kuvvete sahip ol.",
      "Dövüş sırasında 99 Bloğa sahip ol.",
      "Dövüş sırasında 999 Bloğa sahip ol.",
      "Tek bir düşmana 99 veya daha fazla Zehir uygula.",
      "Tek dövüşte 3 düşmanı Zehir ile yen.",
      "Tek bir turda 10 Kama oyna.",
      "Tek bir turda 25 kart oyna.",
      "Bir boss'u ilk turda yen.",
      "Bir boss'u hasar almadan yen.",
      "Gardiyan'ı yendin.",
      "Hexahayalet'i yendin.",
      "Balçık Reyiz'i yendin.",
      "Bronz Otomaton'u yendin.",
      "Koleksiyoncu'yu yendin.",
      "Şampiyon'u yendin.",
      "Uyanmış Olan'ı yendin.",
      "Donu & Deca'yı yendin.",
      "Zaman Yiyen'i yendin.",
      "Oyunu Demirkaplı ile bitir.",
      "Oyunu Sessiz ile bitir.",
      "Bu başarımın detayları açıldıktan sonra gösterilecek.",
      "Oyunu yalnızca bir kalıntı ile bitir.",
      "Oyunu 20 dakikanın altında bitir.",
      "Yükseliş modunu aç.",
      "Yükseliş Seviye 10'u tamamla.",
      "Oyunu 5 veya daha az kartlı bir desteyle bitir.",
      "Donu'yu Beslenme ile öldür.",
      "Oyunu Arızalı ile bitir.",
      "Oyunu az yaygın ve nadir kart olmayan bir desteyle bitir.",
      "Dövüş sırasında 25 veya daha fazla Odak kazan.",
      "Tek bir turda 9 Plazma Aktar.",
      "Tek bir turda 10 veya daha fazla 0 maliyetli kart oyna.",
      "Bir Günlük Tırmanış kazan.",
      "Süreksiz'i yok olmadan önce yen.",
      "Yükseliş Seviye 20'yi tamamla.",
      "Sonu Demirkaplı ile tamamla.",
      "Sonu Sessiz ile tamamla.",
      "Sonu Arızalı ile tamamla.",
      "Sonu Demirkaplı, Sessiz ve Arızalı ile tamamla.",
      "Diğer tüm Başarımları kazan.",
      "Oyunu Gözlemci ile bitir.",
      "Sonu Gözlemci ile tamamla."
    ]
  },
  "CharStat": {
    "NAMES": [],
    "TEXT": [
      "Toplam Oynama Süresi: ",
      "Toplam Zafer: #y",
      "Toplam Ölüm: #y",
      "Toplam Tırmanılmış Katlar: #y",
      "Toplam Katledilmiş Bosslar: #y",
      "Toplam Katledilmiş Düşmanlar: #y",
      "",
      "Keşfedilen Kartlar: #y",
      "Açılan Kartlar: #y",
      "Keşfedilen Kalıntılar: #y",
      "Açılan Kalıntılar: #y",
      "En Yüksek Kat: #y",
      "En Yüksek Günlük: #y",
      "En Hızlı Zafer: ",
      "Katledildi ",
      ": #gEvet NL ",
      ": #rHayır NL ",
      "Zaferler: #y",
      "Ölümler: #y",
      "Tırmanılan Katlar: #y",
      "Katledilen Bosslar: #y",
      "Katledilen Düşmanlar: #y",
      "En İyi Galibiyet Serisi: #y",
      "En Yüksek Skor: #y",
      "%02d:%02d:%02d",
      "%02d:%02d",
      "#y%02dsa #y%02ddk #y%02dsn",
      "#y%02ddk #y%02dsn",
      "%01d:%02d:%02d"
    ]
  },
  "StatsScreen": {
    "NAMES": [
      "#yGenel #yİstatistikler",
      "#yBaşarımlar",
      "#rDemirkaplı",
      "#gSessiz",
      "#bArızalı",
      "#pGözlemci"
    ],
    "TEXT": [
      "Geri Dön"
    ]
  },
  "PS4Trophy": {
    "NAMES": [
      "Ebedi Olan"
    ],
    "TEXT": [
      "Diğer tüm Kupaları topla."
    ]
  }
}