{
  "Dark": {
    "NAME": "Karanlık",
    "DESCRIPTION": [
      "#yPasif: Tur sonunda bu kürenin hasarı #b",
      " artar. NL #yUyarma: En düşük CP'li düşmana #b",
      " hasar ver."
    ]
  },
  "Empty": {
    "NAME": "Küre Yuvası",
    "DESCRIPTION": [
      "Küreler bu yuvalara aktarılır."
    ]
  },
  "Frost": {
    "NAME": "Ayaz",
    "DESCRIPTION": [
      "#yPasif: Tur sonunda #b",
      " #yBlok kazan. NL #yUyarma: #b",
      " #yBlok kazan."
    ]
  },
  "Lightning": {
    "NAME": "Yıldırım",
    "DESCRIPTION": [
      "#yPasif: Tur sonunda rastgele bir düşmana #b",
      " hasar ver. NL #yUyarma: Rastgele bir düşmana #b",
      " hasar ver."
    ]
  },
  "Plasma": {
    "NAME": "Plazma",
    "DESCRIPTION": [
      "#yPasif: Tur başında [B] kazan. NL #yUyarma: #b",
      " [B] kazan. NL Plazma #yOdak ile değişmez."
    ]
  }
}