{
  "AchievementGrid": {
    "NAMES": [
      "Bułka z masłem",
      "Wąska talia",
      "Jest tu jakiś cwaniak?",
      "Pakt",
      "Adrenalina",
      "Jest pompa, będą trupki",
      "Jaxx",
      "Niczym skała",
      "Zrań mnie, jeśli potrafisz",
      "Katalizator",
      "Nieświeży oddech",
      "Ninja",
      "Moja talia nie ma końca",
      "Ale to już?",
      "Nie próbuj, tylko mnie traf",
      "Strażnik",
      "Duch",
      "Szefunio",
      "Automaton",
      "Kolekcjoner",
      "Czempion",
      "Kruk",
      "Duet",
      "Pożeracz czasu",
      "Rubin",
      "Szmaragd",
      "Ukryty",
      "Na co komu artefakty?",
      "Alpinista z wyboru",
      "Wyniesienie",
      "Wyniesienie, poziom 10",
      "Minimalizm",
      "Słodka ironia!",
      "Szafir",
      "Pospolite ruszenie",
      "Skupiony",
      "Neon",
      "Energia jest przereklamowana",
      "Mój szczęśliwy dzień",
      "Przemiń",
      "Wyniesienie, poziom 20",
      "Rubin+",
      "Szmaragd+",
      "Szafir+",
      "Koniec?",
      "Wiekopomny",
      "Ametyst",
      "Ametyst+"
    ],
    "TEXT": [
      "Wygraj walkę posiadając 1 PŻ.",
      "Posiadaj mniej niż 3 karty w ręce oraz obu taliach razem wziętych.",
      "Wygraj walkę bez zagrywania kart Ataku.",
      "Wyczerp 20 kart podczas jednej walki.",
      "Posiadaj 9 pkt. Energii w jednej turze walki.",
      "Posiadaj 10 lub więcej Wzmocnień podczas walki.",
      "Posiadaj 50 lub więcej pkt. Siły podczas walki",
      "Posiadaj 99 lub więcej pkt. Bloku podczas walki.",
      "Posiadaj 999 pkt. Bloku podczas walki",
      "Nałóż co najmniej 99 pkt. Trucizny na jednego przeciwnika.",
      "Pokonaj 3 przeciwników przy użyciu Trucizny podczas jednej walki.",
      "Zagraj 10 kart „Nóż” w jednej turze.",
      "Zagraj 25 kart podczas jednej tury.",
      "Pokonaj bossa w pierwszej turze.",
      "Pokonaj bossa nie ponosząc obrażeń.",
      "Pokonaj Strażnika.",
      "Pokonaj Heksaducha.",
      "Pokonaj Masterszlam.",
      "Pokonaj Automatona z Brązu.",
      "Pokonaj Kolekcjonera.",
      "Pokonaj Czempiona.",
      "Pokonaj Przebudzonego.",
      "Pokonaj Donutana i Cleo.",
      "Pokonaj Pożeracza Czasu.",
      "Ukończ grę jako Pancernik.",
      "Ukończ grę jako Cień.",
      "Szczegóły tego osiągnięcia zostaną ujawnione, gdy go odblokujesz.",
      "Ukończ grę posiadając tylko jeden artefakt.",
      "Ukończ grę w mniej niż 20 minut.",
      "Odblokuj tryb Wyniesienia.",
      "Ukończ grę na 10. poziomie Wyniesienia.",
      "Ukończ grę mając 5 lub mniej kart w talii.",
      "Pokonaj Donutana kartą Pożarcia.",
      "Ukończ grę jako Defekt",
      "Ukończ grę używając jedynie pospolitych kart.",
      "Posiadaj przynajmniej 25 pkt. Skupienia podczas walki.",
      "Przyzwij 9 sfer Plazmy podczas jednej tury.",
      "Zagraj przynajmniej 10 kart kosztujących 0 podczas jednej tury.",
      "Ukończ Wyzwanie Dnia.",
      "Pokonaj Przemijacza zanim przeminie.",
      "Ukończ grę na 20. poziomie Wyniesienia.",
      "Ukończ Zakończenie jako Pancernik.",
      "Ukończ Zakończenie jako Cień.",
      "Ukończ Zakończenie jako Defekt.",
      "Ukończ Zakończenie jako Pancernik, Cień i Defekt.",
      "Zdobądź wszystkie pozostałe Osiągnięcia.",
      "Ukończ grę jako Obserwatorka.",
      "Ukończ Zakończenie jako Obserwatorka."
    ]
  },
  "CharStat": {
    "NAMES": [],
    "TEXT": [
      "Łączny czas gry: ",
      "Suma zwycięstw: #y",
      "Suma śmierci: #y",
      "Suma pokonanych pięter: #y",
      "Suma zabitych bossów: #y",
      "Suma zabitych przeciwników: #y",
      "Nakarmione kryształy: #y",
      "Odkryte karty: #y",
      "Odblokowane karty: #y",
      "Odkryte artefakty: #y",
      "Odblokowane artefakty: #y",
      "Najwyższy poziom Wyniesienia: #y",
      "Najwyższy poziom w Wyzwaniu Dnia: #y",
      "Najszybsze zwycięstwo: ",
      "Pokonano ",
      ": #gTak NL ",
      ": #rNie NL ",
      "Zwycięstw: #y",
      "Śmierci: #y",
      "Pokonane piętra: #y",
      "Zabici bossowie: #y",
      "Zabici przeciwnicy: #y",
      "Najdłuższa seria zwycięstw: #y",
      "Najwyższy wynik: #y",
      "%02d:%02d:%02d",
      "%02d:%02d",
      "#y%02dh #y%02dm #y%02ds",
      "#y%02dm #y%02ds",
      "%01d:%02d:%02d"
    ]
  },
  "StatsScreen": {
    "NAMES": [
      "#yOgólne #ystatystyki",
      "#yOsiągnięcia",
      "#rPancernik",
      "#gCień",
      "#bDefekt",
      "#pObserwatorka"
    ],
    "TEXT": [
      "Wróć"
    ]
  },
  "PS4Trophy": {
    "NAMES": [
      "Wiekopomny"
    ],
    "TEXT": [
      "Zdobądź wszystkie pozostałe Osiągnięcia."
    ]
  }
}