{
  "ANIMATION": {
    "HEADER": "Animacje postaci",
    "NAMES": [
      "Julio Duque Montero",
      "Jon Sandler"
    ]
  },
  "DEV": {
    "HEADER": "Projekt i programowanie",
    "NAMES": [
      "Anthony Giovannetti",
      "Casey Yano"
    ]
  },
  "ILLUSTRATION": {
    "HEADER": "Grafiki tła i promocyjne",
    "NAMES": [
      "Bruce Brenneise"
    ]
  },
  "LOC_ADDITIONAL": {
    "HEADER": "Dodatkowe tłumaczenia",
    "NAMES": [
      "MoGi Group"
    ]
  },
  "LOC_CAT": {
    "HEADER": "Tłumaczenie na kataloński",
    "NAMES": []
  },
  "LOC_DEU": {
    "HEADER": "Tłumaczenie na niemiecki",
    "NAMES": [
      "Joshua \"Joshipon\" Wiegand",
      "Dustin \"Skrelpoid\" Kristen",
      "Christoph \"Deknud\" Hartmann",
      "Jonas Trodler",
      "Hongkong Koma",
      "Moly",
      "koykoy13",
      "Magnus Upmann"
    ]
  },
  "LOC_DUT": {
    "HEADER": "Tłumaczenie na holenderski",
    "NAMES": [
      "Gremlin Przywódca:",
      "Jelle Steinmann \"NotADitto\"",
      "Herszt Gremlinów:",
      "Charlie \"Alcus\" Ye",
      "Gremliny:",
      "Oscar Cousin",
      "\"Meriscan\"",
      "Lise Leitner",
      "Joris \"Mort\" Bogers"
    ]
  },
  "LOC_EPO": {
    "HEADER": "Tłumaczenie na esperanto",
    "NAMES": [
      "Vincent \"Babelismoj\" Oostelbos",
      "Spencer van der Meulen"
    ]
  },
  "LOC_FRA": {
    "HEADER": "Tłumaczenie na francuski",
    "NAMES": [
      "Xavier \"Blagatt\" Dupont",
      "Malik \"Devexia\" Leonarski",
      "Thomas \"Elgerine\" Ferry",
      "Vincent \"Hénip\" Barthoux",
      "Alexandre \"Judgy\" Gaubert",
      "Vincent \"MissingNoShiny\" Larcin",
      "Nicky \"Qazahar\" Dehout",
      "Julien \"RoPeTTe\" Ropero",
      "Boby \"Tagada\" Vurpillot",
      "Corentin \"Tchus\" Monfort",
      "Zachary \"WyvernZed\" Janisse"
    ]
  },
  "LOC_GRE": {
    "HEADER": "Tłumaczenie na grecki",
    "NAMES": [
      "Kotsos \"Iglor\" Diamond"
    ]
  },
  "LOC_IND": {
    "HEADER": "Tłumaczenie na indonezyjski",
    "NAMES": [
      "Aditya \"RiSQ.\" Arifin",
      "Daryan \"Samus\" Ramadhany",
      "Haveiszal \"Szaal\" Faroqie",
      "Jason Julian"
    ]
  },
  "LOC_ITA": {
    "HEADER": "Tłumaczenie na włoski",
    "NAMES": [
      "Jade \"HobNob\" Stevanovic",
      "Mero Marco",
      "Luigi Squarzina",
      "Testy i korekta:",
      "Mattylink Heropon"
    ]
  },
  "LOC_JPN": {
    "HEADER": "Tłumaczenie na japoński",
    "NAMES": [
      "Grezzz (fanowskie tłumaczenie)",
      "Kakehashi Games (oficjalne tłumaczenie)"
    ]
  },
  "LOC_KOR": {
    "HEADER": "Tłumaczenie na koreański",
    "NAMES": [
      "Tłumaczenie i koordynacja:",
      "Eteriny",
      "Fissh",
      "GyeRyak",
      "Tłumaczenie:",
      "Simcoding",
      "DesFrog",
      "insight",
      "K4lium",
      "hina",
      "Vekan",
      "Czcionka:",
      "In-Game: GyeonggiCheonnyeon(Batang) by Gyeonggi-Do",
      "Shop Asset: NanumBrush, NanumPen by NAVER Corporation"
    ]
  },
  "LOC_NOR": {
    "HEADER": "Tłumaczenie na norweski",
    "NAMES": [
      "Eystein Jarp"
    ]
  },
  "LOC_POL": {
    "HEADER": "Tłumaczenie na polski",
    "NAMES": [
      "Tłumaczenie i koordynacja:",
      "Stanisław \"ST4H\" Borkowski",
      "Oskar \"volf3n\" Nowak",
      "Dodatkowe tłumaczenie:",
      "Adrian \"xeros\" Rolka",
      "Marek \"Skorpionex\" Mazur",
      "Foreigner",
      "Korekta tekstu:",
      "Oskar \"volf3n\" Nowak",
      "Sugestie i poprawki:",
      "Kasper \"Awokado\" Berć",
      "Paweł \"BASTIL\" Kaleta",
      "Grzegorz \"GregPL\" Bogusławski",
      "Erwin \"mateusz3010\" Matys",
      "Mettie",
      "Rafał \"SponTon83\" Szyszko"
    ]
  },
  "LOC_PTB": {
    "HEADER": "Tłumaczenie na portugalski",
    "NAMES": [
      "Guilherme \"GPerego\" Perego",
      "Gustavo \"KomKlave\" Duarte",
      "José \"Maneimax\" Vasconcelos",
      "Leonardo \"Iikat\" Takii",
      "Nathan \"NoxShadow\" Cervieri",
      "Paulo \"SilverTape\" Hauck"
    ]
  },
  "LOC_RUS": {
    "HEADER": "Tłumaczenie na rosyjski",
    "NAMES": [
      "Tłumaczenie:",
      "Ivan \"Ingrett\" Khoroshunenko",
      "Vladislav \"Vlad-00003\" Bolshakov",
      "Dmitry \"Regallion\" Zhiryakov",
      "Dodatkowe tłumaczenie:",
      "Dmitry \"Gentle Giant\" Gitsman",
      "Neprim",
      "Mikhail \"Outmind\" Dyuzhev",
      "Bohdan \"DarkRosse\" Kalytiuk",
      "Sergey \"lol10801lol\" K.",
      "Ascimator",
      "Kateryna \"Meds\" Belimenko-Bolger",
      "Alexey \"Surrealistic Ganerson\" Popov",
      "Alexandr \"LiaNdrY\" Mazistov",
      "Tłumaczenie strony sklepu:",
      "Urist McFerrum"
    ]
  },
  "LOC_SPA": {
    "HEADER": "Tłumaczenie na hiszpański",
    "NAMES": [
      "Tłumaczenie i koordynacja:",
      "Juanjo \"ajuanjojjj\" Martinez",
      "Pedro Luis \"PerikiyoXD\" Valadés Viera",
      "Tłumaczenie:",
      "Erick Marroquin",
      "Accord",
      "Xavier \"xabad98\" Abad Salinas",
      "Sergio \"Skiddome\" Malagón",
      "Pedro J. \"PJJLegend\" Jiménez Moyano",
      "Rodrigo \"skylex\" Zabattaro",
      "Alberto \"RadeonThe1st\" Botana",
      "Spooktacular",
      "Gramatyka i korekta:",
      "Joaquín \"Pip1n\" López",
      "Xavier Castañer",
      "Summer",
      "Eipic"
    ]
  },
  "LOC_SRB": {
    "HEADER": "Tłumaczenie na serbski",
    "NAMES": [
      "Nikola \"hauzer\" Vukosavljević"
    ]
  },
  "LOC_THA": {
    "HEADER": "Tłumaczenie na tajski",
    "NAMES": [
      "Tłumaczenie i koordynacja:",
      "Noppon Varapaiboon (PlearnGaming)",
      "Dodatkowe tłumaczenie:",
      "Rapeepat Suwan (Yuu)",
      "Sarawut Suwan (Tomoeic)",
      "Czcionki:",
      "CSChatThaiUI by raveetavan@gmail.com",
      "Layiji MaHaNiYom by layiji@gmail.com"
    ]
  },
  "LOC_TUR": {
    "HEADER": "Tłumaczenie na turecki",
    "NAMES": [
      "Tłumaczenie i koordynacja:",
      "Ertürk Yılmaz",
      "Tłumaczenie:",
      "Erdem Gürbüz",
      "Ege \"sLanKy\" Güçkıran",
      "\"onparalelkenarag\"",
      "Berkan Çalıkoğlu"
    ]
  },
  "LOC_UKR": {
    "HEADER": "Tłumaczenie na ukraiński",
    "NAMES": [
      "Tłumaczenie i koordynacja:",
      "Vladyslav \"DarkXylese\" Kashtelyanov",
      "Tłumaczenie i korekta:",
      "Vasyl \"RDSk\" Mykhaliuk",
      "Artem \"Crazytosik\" Zemlianyi",
      "Dariia \"Dariianity\" Porechna"
    ]
  },
  "LOC_VIE": {
    "HEADER": "Tłumaczenie na wietnamski",
    "NAMES": [
      "MercTrans Localization Team",
      "Tłumaczenie:",
      "Dinh Long Hoang (donkrieg1011)",
      "Dinh Hoang Nguyen (clesta)",
      "Koordynacja i nadzór:",
      "Hoang Son Do",
      "Specjalne podziękowania:",
      "Azy Tazer"
    ]
  },
  "LOC_ZHS": {
    "HEADER": "Tłumaczenie na chiński (uproszczony)",
    "NAMES": [
      "Sound of Mystery",
      "IrisRaphael"
    ]
  },
  "LOC_ZHT": {
    "HEADER": "Tłumaczenie na chiński (tradycyjny)",
    "NAMES": [
      "professor",
      "bowans",
      "Angryfox"
    ]
  },
  "OPS": {
    "HEADER": "Usługi i telemetria",
    "NAMES": [
      "Danielle Jenkins",
      "Jake Rabinowitz"
    ]
  },
  "PORTRAITS": {
    "HEADER": "Grafika kart i wydarzeń",
    "NAMES": [
      "Anailis Dorta"
    ]
  },
  "SOUND": {
    "HEADER": "Muzyka i dźwięki",
    "NAMES": [
      "Clark Aboud"
    ]
  },
  "SPECIAL": {
    "HEADER": "Specjalne podziękowania",
    "NAMES": [
      "Harry Rabinowitz",
      "Kevin \"Billy\" Matheson",
      "Anthony Roybal",
      "Lee Beckman",
      "Sam Welch",
      "feedbackbot",
      "Evan Howell",
      "Justin Myhres",
      "robojumper",
      "Tony \"kiooeht\" Moore",
      "John Vega",
      "Steve Groll",
      "Sara Popescu",
      "Ryan Hamann"
    ]
  },
  "TEST": {
    "HEADER": "Testerzy",
    "NAMES": [
      "Agari",
      "Daria Anderson",
      "Zac Bauermeister",
      "Nick Becker",
      "Esther Beckman",
      "Leo Chen",
      "Brian Chau",
      "Dan D'Argenio",
      "David Delorenzo",
      "Tim Erskine",
      "Benjamin Finkel",
      "Rajiv Giridharagopal",
      "Wyatt Grodzins",
      "Ren Howell",
      "Kyle James",
      "Ryan Mathisen",
      "Anthony McMillian",
      "Brad Meine",
      "Jade Wesley",
      "Alex Rockwell",
      "Greg Scheopner",
      "John \"Slide20xl\" Smith",
      "Aaron Taggart",
      "Alexander Toy",
      "Merijn van der Vliet",
      "David Von Derau",
      "Conor Watson",
      "David \"divadus\" Withington",
      "Jason \"Wyrm\" Deng",
      "Jonas \"bigunit3000\" Wilson",
      "TBytemaster"
    ]
  },
  "THANKS_MSG": {
    "HEADER": "...a Tobie dziękujemy za grę!",
    "NAMES": []
  },
  "VOICE": {
    "HEADER": "Aktorzy głosowi",
    "NAMES": [
      "Tamara Ryan",
      "Michael Schwalbe"
    ]
  },
  "PORTING": {
    "HEADER": "Porty mobilne i konsolowe",
    "NAMES": [
      "Sickhead Games, LLC"
    ]
  },
  "PUBLISHING": {
    "HEADER": "Humble Bundle",
    "NAMES": [
      "GM:  Alan Patmore",
      "CBO:  Steven Kovensky",
      "VP, Business Development:  Eduardo Aparicio",
      "Publishing Manager:  John Polson",
      "Publishing Release:  Manager Evan Koepf",
      "Publishing Brand Manager:  Connor Bridgeman",
      "Business Development Director, Publishing:  Mai Kawaguchi",
      "Senior Business Developer:  Thomas Glenn",
      "Senior Business Developer:  Bob Mills",
      "Business Developer:  Trisha Tabor",
      "Business Developer:  Angel Lyons-Labate",
      "Store Director:  Paul Herron",
      "Director of Finance:  Eric Samuel",
      "VP of Product:  Nate Muller",
      "Director of Marketing:  Jeremie Vella",
      "Marketing Manager:  Whitney Stutes",
      "Marketing Growth Manager:  Francois du Toit",
      "Ninja Support:  Jimmy Chi",
      "Ninja Support:  Kasey Brounkowski",
      "Ninja Support:  Kayla Fyfe",
      "Ninja Support:  Patrick Monahan"
    ]
  },
  "KAKEHASHI": {
    "HEADER": "Kakehashi Games",
    "NAMES": [
      "Kakehashi Games (oficjalne tłumaczenie):",
      "Japoński wydawca:  Kakehashi Games",
      "Japońskie tłumaczenie:  Rie Ihara"
    ]
  },
  "LOC_FIN": {
    "HEADER": "Finnish Localization",
    "NAMES": [
      "jahasjahas",
      "Juhana Uuttu",
      "Murasaki#6571",
      "Zalminen"
    ]
  }
}