{
  "AchievementGrid": {
    "NAMES": [
      "Dar de ombros",
      "Pureza",
      "Vem Pra Cima",
      "O Pacto",
      "Adrenalina",
      "Poderoso",
      "Bombado",
      "Impenetrável",
      "Inabalável",
      "Catalisador",
      "Praga",
      "Ninja",
      "Infinito",
      "Você Não É De Nada",
      "Perfeição",
      "O Guardião",
      "O Fantasma",
      "O Chefe",
      "O Autômato",
      "O Colecionador",
      "O Campeão",
      "O Corvo",
      "As Formas",
      "O Devorador do Tempo",
      "Rubi",
      "Esmeralda",
      "Oculto",
      "Quem Precisa de Relíquias?",
      "Escalador Ágil",
      "Ascenção 0",
      "Ascenção 10",
      "Minimalista",
      "Ohh Rosquinha!",
      "Safira",
      "Senso Comum",
      "Focado",
      "Neon",
      "Energia É Superestimada",
      "Meu Dia de Sorte",
      "O Transitório",
      "Ascenção 20",
      "Rubi+",
      "Esmeralda+",
      "Safira+",
      "The End?",
      "O Eterno",
      "Ametista",
      "Ametista+"
    ],
    "TEXT": [
      "Vença uma batalha com 1 PV restante.",
      "Tenha 3 ou menos cartas na mão, pilhas de compra e de descarte combinadas.",
      "Vença um combate sem jogar nenhum Ataque.",
      "Exaura 20 cartas em um único combate.",
      "Tenha 9 de Energia em um único turno de combate.",
      "Tenha 10 ou mais efeitos positivos em um único combate.",
      "Tenha 50 ou mais de Força durante um combate.",
      "Tenha 99 ou mais de Proteção durante um combate.",
      "Tenha 999 de Proteção durante um combate.",
      "Aplique 99 ou mais de Veneno em um único inimigo.",
      "Derrote 3 inimigos com Veneno em um único combate.",
      "Jogue 10 Estoques em um único turno.",
      "Jogue 25 cartas em um único turno.",
      "Derrote um chefe no turno 1.",
      "Derrote um chefe sem sofrer dano algum.",
      "Derrotou o Guardião.",
      "Derrotou Hexafantasma.",
      "Derrotou o Chefe Gosma.",
      "Derrotou o Autômato de Bronze.",
      "Derrotou o Colecionador.",
      "Derrotou o Campeão.",
      "Derrotou o Despertado.",
      "Derrotou Donu & Deca.",
      "Derrotou o Devorador do Tempo.",
      "Conclua o jogo com o Rígido.",
      "Conclua o jogo com a Sorrateira.",
      "Os detalhes desta conquista serão revelados quando ela for desbloqueada.",
      "Conclua o jogo com uma única relíquia.",
      "Conclua o jogo em menos de 20 minutos.",
      "Desbloqueie o modo Ascensão.",
      "Complete a Ascensão Nível 10.",
      "Conclua o jogo com um baralho de 5 cartas ou menor.",
      "Acabe com Donu com um Comer.",
      "Conclua o jogo com o Defeituoso.",
      "Conclua o jogo com um deck de apenas cartas comuns.",
      "Tenha 25 ou mais Foco durante um combate.",
      "Canalize 9 Plasma em um único turno.",
      "Jogue 10 ou mais cartas de custo 0 um único turno.",
      "Vença uma Subida Diária.",
      "Derrote o Transitório antes que ele desapareça.",
      "Complete Ascensão Nível 20.",
      "Complete o Final com o Rígido.",
      "Complete o Final com a Sorrateira.",
      "Complete o Final com o Defeituoso.",
      "Complete o Final com o Rígido, Sorrateira e Defeituoso.",
      "Ganhe todas os outras conquistas.",
      "Conclua o jogo com a Observadora.",
      "Complete o Final com a Observadora."
    ]
  },
  "CharStat": {
    "NAMES": [],
    "TEXT": [
      "Total de Horas Jogadas: ",
      "Total de Vitórias: #y",
      "Total de Mortes: #y",
      "Total de Andares Escalados: #y",
      "Total de Chefes Mortos: #y",
      "Total de Inimigos Mortos: #y",
      "",
      "Cartas Descobertas: #y",
      "Cartas Desbloqueadas: #y",
      "Relíquias Descobertas: #y",
      "Relíquias Desbloqueadas: #y",
      "Maior Andar: #y",
      "Melhor Diária: #y",
      "Vitória Mais Rápida: ",
      "Derrotou ",
      ": #gSim NL ",
      ": #rNão NL ",
      "Vitórias: #y",
      "Mortes: #y",
      "Andares Escalados: #y",
      "Chefes Mortos: #y",
      "Inimigos Mortos: #y",
      "Maior Sequência de Vitórias: #y",
      "Maior Pontuação: #y",
      "%02d:%02d:%02d",
      "%02d:%02d",
      "#y%02dh #y%02dm #y%02ds",
      "#y%02dm #y%02ds",
      "%01d:%02d:%02d"
    ]
  },
  "StatsScreen": {
    "NAMES": [
      "#yEstatísticas #yGerais",
      "#yConquistas",
      "#rO #rRígido",
      "#gA #gSorrateira",
      "#bO #bDefeituoso",
      "#pA #pObservadora"
    ],
    "TEXT": [
      "Voltar"
    ]
  },
  "PS4Trophy": {
    "NAMES": [
      "O Eterno"
    ],
    "TEXT": [
      "Ganhe todos os outros Troféus."
    ]
  }
}