{
  "AchievementGrid": {
    "NAMES": [
      "Stå han av",
      "Renhet",
      "Bare prøv deg",
      "Pakten",
      "Adrenalin",
      "Kraftfull",
      "Oppjaxxet",
      "Ugjennomtrengelig",
      "Barrikadert",
      "Katalysator",
      "Pest",
      "Ninja",
      "Uendelig",
      "Du er ingenting",
      "Perfekt",
      "Vokteren",
      "Spøkelset",
      "Sjefen",
      "Automaten",
      "Samleren",
      "Mesteren",
      "Kråka",
      "Skikkelsene",
      "Tiddsspiseren",
      "Rubin",
      "Smaragd",
      "Skjult",
      "Hvem trenger vel Relikvier?",
      "Hurtigklatrer",
      "Oppstigning 0",
      "Oppstigning 10",
      "Minimalist",
      "Åh Smultring!",
      "Sapphire",
      "Common Sense",
      "Focused",
      "Neon",
      "Energy is Overrated",
      "My Lucky Day",
      "The Transient",
      "Ascend 20",
      "Ruby+",
      "Emerald+",
      "Sapphire+",
      "The Ending",
      "Eternal One",
      "Amethyst",
      "Amethyst+"
    ],
    "TEXT": [
      "Vinne en kamp med 1 HP igjen.",
      "Ha 3 eller færre kort på hånda, i trekkebunken og i kastebunken til sammen.",
      "Vinne en kamp uten å spille et angrep.",
      "Vrake 20 kort i løpet av en enkelt kamp.",
      "Ha 9 energi i løpet av en enkelt runde i en kamp.",
      "Ha 10 eller fler positive effekter i løpet av en kamp.",
      "Ha 50 eller mer i Styrke i løpet av en kamp.",
      "Ha 99 eller mer i Skadeblokkering i løpet av en kamp.",
      "Ha 999 i Skadeblokkering i løpet av en kamp.",
      "Påføre en enkelt fiende 99 eller mer Gift.",
      "Slå 3 fiender med Gift i løpet av en enkelt kamp.",
      "Spille 10 Kniver på en enkelt runde.",
      "Spille 25 kort på en enkelt runde.",
      "Overvinne en høvding i løpet av første runde.",
      "Overvinne en høvding uten å ta Skade.",
      "Overvinne Vokteren.",
      "Overvinne Sekserspøkelset.",
      "Overvinne Slimhøvdingen.",
      "Overvinne Bronseautomaten.",
      "Overvinne Samleren.",
      "Overvinne Mesteren.",
      "Overvinne den Oppvåknede.",
      "Overvinne Donu & Deca.",
      "Overvinne Tidsspiseren.",
      "Gjennomføre spillet med Den Jernkledde.",
      "Gjennomføre spillet med Den Lydløse.",
      "Detaljer om dette trofeet vil avsløres når det låses opp.",
      "Gjennomføre spillet med èn eneste Relikvie.",
      "Gjennomføre spillet på under 20 minutter.",
      "Låse opp Oppstigningsmodus.",
      "Fullføre Oppstigningsmodus nivå 10.",
      "Gjennomføre spillet med en kortstokk på max 5 kort.",
      "Drepe Donu med et Mattidkort.",
      "Beat the game with the Defect.",
      "Beat the game with a deck of only common cards.",
      "Have 25 or more Focus during combat.",
      "Channel 9 Plasma in a single turn.",
      "Play 10 or more cost 0 cards in a single turn.",
      "Win a Daily Climb.",
      "Defeat the Transient before it fades away.",
      "Complete Ascension Level 20.",
      "Complete the Ending with the Ironclad.",
      "Complete the Ending with the Silent.",
      "Complete the Ending with the Defect.",
      "Complete the Ending with the Ironclad, Silent, and Defect.",
      "Obtain all other Achievements.",
      "Beat the game with the Watcher.",
      "Complete the Ending with the Watcher."
    ]
  },
  "CharStat": {
    "NAMES": [],
    "TEXT": [
      "Total spilltid: ",
      "Antall seire: #y",
      "Antall liv tapt: #y",
      "Antall etasjer forsert: #y",
      "Antall høvdinger drept: #y",
      "Antall fiender drept: #y",
      "Antall krystaller spist: #y",
      "Antall oppdagede kort: #y",
      "Antall opplåste kort: #y",
      "Antall relikvier oppdaget: #y",
      "Antall relikvier opplåst: #y",
      "Høyeste stigning: #y",
      "Dagens høyeste stigning: #y",
      "Raskeste seier: ",
      "Slått ",
      ": #gJa NL ",
      ": #rNei NL ",
      "Seire: #y",
      "Tap: #y",
      "Etasjer forsert: #y",
      "Høvdinger slått: #y",
      "Fiender slått: #y",
      "Høyeste antall seire på rad: #y",
      "Høyeste poengsum: #y",
      "%02d:%02d:%02d",
      "%02d:%02d",
      "#y%02dh #y%02dm #y%02ds",
      "#y%02dm #y%02ds",
      "%01d:%02d:%02d"
    ]
  },
  "StatsScreen": {
    "NAMES": [
      "#yGenerell #yStatistikk",
      "#yTrofeer",
      "#rDen #rJernkledde",
      "#gDen #gLydløse",
      "#bCrowbot",
      "#pThe #pWatcher"
    ],
    "TEXT": [
      "Tilbake"
    ]
  },
  "PS4Trophy": {
    "NAMES": [
      "Eternal One"
    ],
    "TEXT": [
      "Obtain all other Trophies."
    ]
  }
}