{
  "DEV": {
    "HEADER": "Utvikling & design",
    "NAMES": [
      "Anthony Giovannetti",
      "Casey Yano"
    ]
  },
  "OPS": {
    "HEADER": "Operasjoner & metrikk",
    "NAMES": [
      "Danielle Jenkins",
      "Jake Rabinowitz"
    ]
  },
  "SOUND": {
    "HEADER": "Musikk & lyd",
    "NAMES": [
      "Clark Aboud"
    ]
  },
  "VOICE": {
    "HEADER": "Stemmer",
    "NAMES": [
      "Tamara Ryan",
      "Michael Schwalbe"
    ]
  },
  "PORTRAITS": {
    "HEADER": "Kortportretter & Hendelseskunst",
    "NAMES": [
      "Anailis Dorta"
    ]
  },
  "ANIMATION": {
    "HEADER": "Figuranimasjon",
    "NAMES": [
      "Julio Duque Montero",
      "Jon Sandler"
    ]
  },
  "ILLUSTRATION": {
    "HEADER": "Promotering & Bakgrunnsillustrasjoner",
    "NAMES": [
      "Bruce Brenneise"
    ]
  },
  "LOC_ZHS": {
    "HEADER": "Kinesisk (Simplifisert) Oversettelse",
    "NAMES": [
      "Sound of Mystery",
      "IrisRaphael"
    ]
  },
  "LOC_ZHT": {
    "HEADER": "Kinesisk (Tradisjonell) Oversettelse",
    "NAMES": [
      "professor",
      "bowans",
      "Angryfox"
    ]
  },
  "LOC_FRA": {
    "HEADER": "Fransk Oversettelse",
    "NAMES": [
      "Xavier \"Blagatt\" Dupont",
      "Malik \"Devexia\" Leonarski",
      "Thomas \"Elgerine\" Ferry",
      "Vincent \"Hénip\" Bartoux",
      "Alexandre \"Judgy\" Gaubert",
      "Vincent \"MissingNoShiny\" Larcin",
      "Julien \"RoPeTTe\" Ropero",
      "Boby \"Tagada\" Vurpillot",
      "Corentin \"Tchus\" Monfort",
      "Nicky \"Qazahar\" Dehout",
      "Zachary \"WyvernZed\" Janisse"
    ]
  },
  "LOC_DEU": {
    "HEADER": "Tysk Oversettelse",
    "NAMES": [
      "Joshua \"Joshipon\" Wiegand ",
      "Dustin \"Skrelpoid\" Kristen",
      "Jonas Trodler",
      "Hongkong Koma",
      "Moly",
      "koykoy13",
      "Magnus Upmann",
      "Magnus Upmann"
    ]
  },
  "LOC_ITA": {
    "HEADER": "Italiensk Oversettelse",
    "NAMES": [
      "Hob",
      "Mero Marco",
      "Luigi Squarzina",
      "Playtesting:",
      "Mattylink Heropon"
    ]
  },
  "LOC_JPN": {
    "HEADER": "Japansk Oversettelse",
    "NAMES": [
      "Grezzz",
      "Kakehashi Games (Official Translation)"
    ]
  },
  "LOC_KOR": {
    "HEADER": "Koreansk Oversettelse",
    "NAMES": [
      "Oversettelsessjef:",
      "Eteriny",
      "Oversettelser:",
      "Simcoding",
      "DesFrog",
      "insight",
      "K4lium",
      "hina",
      "Oversettelse av Steam-siden:",
      "GyeRyak",
      "GyeRyak",
      "Font:",
      "In-Game: GyeonggiCheonnyeon(Batang) by Gyeonggi-Do",
      "Shop Asset: NanumBrush, NanumPen by NAVER Corporation"
    ]
  },
  "LOC_NOR": {
    "HEADER": "Norsk Oversettelse",
    "NAMES": [
      "Eystein Jarp"
    ]
  },
  "LOC_POL": {
    "HEADER": "Polsk Oversettelse",
    "NAMES": [
      "Oversettelse og koordingering:",
      "Stanisław \"ST4H\" Borkowski",
      "Oskar \"volf3n\" Nowak",
      "Andre oversettelser:",
      "Adrian \"xeros\" Rolka",
      "Foreigner",
      "Korrekturlesing:",
      "Oskar \"volf3n\" Nowak",
      "Suggestions and Feedback:",
      "Kasper \"Awokado\" Beræ",
      "Paweł \"BASTIL\" Kaleta",
      "Grzegorz \"GregPL\" Bogusławski",
      "Erwin \"mateusz3010\" Matys",
      "Mettie",
      "Rafał \"SponTon83\" Szyszko",
      "Rafał \"SponTon83\" Szyszko"
    ]
  },
  "LOC_PTB": {
    "HEADER": "Brasiliansk-Portugisisk Oversettelse",
    "NAMES": [
      "Guilherme \"GPerego\" Perego",
      "Gustavo \"KomKlave\" Duarte",
      "José \"Maneimax\" Vasconcelos",
      "Leonardo \"Iikat\" Takii",
      "Nathan \"NoxShadow\" Cervieri",
      "Paulo \"SilverTape\" Hauck"
    ]
  },
  "LOC_RUS": {
    "HEADER": "Russisk Oversettelse",
    "NAMES": [
      "Oversettelse og koordinering:",
      "Ivan \"Ingrett\" Khoroshunenko",
      "Oversettelse og Oppbevaring:",
      "Vladislav \"Vlad-00003\" Bolshakov",
      "Forslag og tilbakemeldinger:",
      "Mikhail \"Outmind\" Dyuzhev",
      "Bohdan \"DarkRosse\" Kalytiuk",
      "Sergey \"lol10801lol\" K.",
      "Ascimator",
      "Kateryna \"Meds\" Belimenko-Bolger",
      "Alexey \"Surrealistic Ganerson\" Popov",
      "Alexandr \"LiaNdrY\" Mazistov",
      "Dmitry \"Regallion\" Zhiryakov",
      "Shop Asset Translation:",
      "Urist McFerrum",
      "Urist McFerrum"
    ]
  },
  "LOC_TUR": {
    "HEADER": "Tyrkisk Oversettelse",
    "NAMES": [
      "Erdem Gürbüz",
      "Ege \"sLanKy\" Güçkıran",
      "\"onparalelkenarag\"",
      "Berkan Çalıkoğlu",
      "Ertürk Yılmaz",
      "\"onparalelkenarag\"",
      "Berkan Çalıkoğlu"
    ]
  },
  "LOC_ADDITIONAL": {
    "HEADER": "Andre oversettelser",
    "NAMES": [
      "MoGi Group"
    ]
  },
  "TEST": {
    "HEADER": "Spilltestere",
    "NAMES": [
      "Agari",
      "Daria Anderson",
      "Zac Bauermeister",
      "Nick Becker",
      "Esther Beckman",
      "Leo Chen",
      "Brian Chau",
      "Dan D'Argenio",
      "David Delorenzo",
      "Tim Erskine",
      "Benjamin Finkel",
      "Rajiv Giridharagopal",
      "Wyatt Grodzins",
      "Ren Howell",
      "Kyle James",
      "Ryan Mathisen",
      "Anthony McMillian",
      "Brad Meine",
      "Jade Wesley",
      "Alex Rockwell",
      "Greg Scheopner",
      "John \"Slide20xl\" Smith",
      "Aaron Taggart",
      "Alexander Toy",
      "Merijn van der Vliet",
      "David Von Derau",
      "Conor Watson",
      "David \"divadus\" Withington",
      "Jason \"Wyrm\" Deng",
      "Jonas \"bigunit3000\" Wilson",
      "TBytemaster"
    ]
  },
  "SPECIAL": {
    "HEADER": "Spesiell takk til",
    "NAMES": [
      "Harry Rabinowitz",
      "Kevin \"Billy\" Matheson",
      "Anthony Roybal",
      "Lee Beckman",
      "Sam Welch",
      "feedbackbot",
      "Evan Howell",
      "Justin Myhres",
      "robojumper",
      "Tony \"kiooeht\" Moore",
      "John Vega",
      "Steve Groll",
      "Sara Popescu",
      "Ryan Hamann"
    ]
  },
  "THANKS_MSG": {
    "HEADER": "...og takk til DEG for at du spiller!",
    "NAMES": []
  },
  "LOC_SRB": {
    "HEADER": "Serbian Localization",
    "NAMES": [
      "Nikola \"hauzer\" Vukosavljević"
    ]
  },
  "LOC_UKR": {
    "HEADER": "Ukrainian Localization",
    "NAMES": [
      "Vladyslav \"DarkXylese\" Kashtelyanov",
      "Vasyl \"RDSk\" Mykhaliuk",
      "Corrections and Translation:",
      "Vasyl \"RDSk\" Mykhaliuk",
      "Artem \"Crazytosik\" Zemlianyi",
      "Dariia \"Dariianity\" Porechna"
    ]
  },
  "LOC_CAT": {
    "HEADER": "Catalan Localization",
    "NAMES": []
  },
  "LOC_GRE": {
    "HEADER": "French Localization",
    "NAMES": [
      "Kotsos \"Iglor\" Diamond"
    ]
  },
  "LOC_IND": {
    "HEADER": "Indonesian Localization",
    "NAMES": [
      "Aditya \"RiSQ.\" Arifin",
      "Daryan \"Samus\" Ramadhany",
      "Szaal",
      "Jason Julian"
    ]
  },
  "LOC_SPA": {
    "HEADER": "Spanish Localization",
    "NAMES": [
      "Translation and Coordination:",
      "Juanjo \"ajuanjojjj\" Martinez",
      "Pedro Luis \"PerikiyoXD\" Valadés Viera",
      "Translation:",
      "Erick Marroquin",
      "Accord",
      "Xavier \"xabad98\" Abad Salinas",
      "Sergio \"Skiddome\" Malagón",
      "Pedro J. \"PJJLegend\" Jiménez Moyano",
      "Rodrigo \"skylex\" Zabattaro",
      "Alberto \"RadeonThe1st\" Botana",
      "Spooktacular",
      "Grammar and Cleanup:",
      "Joaquín \"Pip1n\" López",
      "Xavier Castañer",
      "Summer",
      "Eipic"
    ]
  },
  "LOC_EPO": {
    "HEADER": "Esperanto Localization",
    "NAMES": [
      "Vincent \"Babelismoj\" Oostelbos",
      "Spencer van der Meulen"
    ]
  },
  "LOC_DUT": {
    "HEADER": "Dutch Localization",
    "NAMES": [
      "Gremlin Leader:",
      "Jelle Steinmann \"NotADitto\"",
      "Gremlin Nob:",
      "Charlie \"Alcus\" Ye",
      "Gremlins:",
      "Oscar Cousin",
      "\"Meriscan\"",
      "Lise Leitner",
      "Joris \"Mort\" Bogers"
    ]
  },
  "LOC_THA": {
    "HEADER": "Thai Localization",
    "NAMES": [
      "Rapeepat Suwan (Yuu)",
      "Sarawut Suwan (Tomoeic)",
      "Additional Translations:",
      "Rapeepat Suwan (Yuu)",
      "Sarawut Suwan (Tomoeic)",
      "Fonts:",
      "CSChatThaiUI by raveetavan@gmail.com",
      "Layiji MaHaNiYom by layiji@gmail.com"
    ]
  },
  "PORTING": {
    "HEADER": "Console and Mobile Ports",
    "NAMES": [
      "Sickhead Games, LLC"
    ]
  },
  "PUBLISHING": {
    "HEADER": "Humble Bundle",
    "NAMES": [
      "GM:  Alan Patmore",
      "CBO:  Steven Kovensky",
      "VP, Business Development:  Eduardo Aparicio",
      "Publishing Manager:  John Polson",
      "Publishing Release Manager: Evan Koepf",
      "Publishing Brand Manager:  Connor Bridgeman",
      "Business Development Director, Publishing:  Mai Kawaguchi",
      "Senior Business Developer:  Thomas Glenn",
      "Senior Business Developer:  Bob Mills",
      "Business Developer:  Trisha Tabor",
      "Business Developer:  Angel Lyons-Labate",
      "Store Director:  Paul Herron",
      "Director of Finance:  Eric Samuel",
      "VP of Product:  Nate Muller",
      "Director of Marketing:  Jeremie Vella",
      "Marketing Manager:  Whitney Stutes",
      "Marketing Growth Manager:  Francois du Toit",
      "Ninja Support:  Jimmy Chi",
      "Ninja Support:  Kasey Brounkowski",
      "Ninja Support:  Kayla Fyfe",
      "Ninja Support:  Patrick Monahan"
    ]
  },
  "KAKEHASHI": {
    "HEADER": "Kakehashi Games",
    "NAMES": [
      "Kakehashi Games (Official Translation):",
      "Japanese Publishing Support:  Kakehashi Games",
      "Japanese Localization:  Rie Ihara"
    ]
  },
  "LOC_VIE": {
    "HEADER": "Vietnamese Localization",
    "NAMES": [
      "MercTrans Localization Team",
      "Translation:",
      "Dinh Long Hoang (donkrieg1011)",
      "Dinh Hoang Nguyen (clesta)",
      "Coordination and Linguistic Lead:",
      "Hoang Son Do",
      "Special Thanks:",
      "Azy Tazer"
    ]
  },
  "LOC_FIN": {
    "HEADER": "Finnish Localization",
    "NAMES": [
      "jahasjahas",
      "Juhana Uuttu",
      "Murasaki#6571",
      "Zalminen"
    ]
  }
}