{
    "Anchor": {
        "NAME": "WWWWWW",
        "FLAVOR": "WWWWWWW WWWW WWWWWWWWW WWWWWWWW WWW WWWW WWWWWWW WWW WWWW WWWWWW.",
        "DESCRIPTIONS": [
            "WWWWW WWWW WWWWWW WWWW #W",
            " #WWWWWW."
        ]
    },
    "Art of War": {
        "NAME": "WWW WW WWW",
        "FLAVOR": "WWWW WWWWWWW WWWWWWWWWW WWWWWWWW WWWWWW WWWW W WWWW WWW.",
        "DESCRIPTIONS": [
            "WW WWW WW WWW WWWW WWW #WWWWWWWW WWWWWW WWWW WWWWW WWWW WW WWWWW ",
            "[W] WWWW WWWW."
        ]
    },
    "Astrolabe": {
        "NAME": "WWWWWWWWW",
        "FLAVOR": "W WWWW WW WWWWW WWWWWWWWWW WWWWWWWWW WWWW WWW WWWWW.",
        "DESCRIPTIONS": [
            "WWWW WWWWWWW WWWWWW WWW #WWWWWWWWWW #WW WWWWWW WWWW #WWWWWWWW WWWW.",
            "WWWWWW W WWWWW WWW "
        ]
    },
    "Bag of Marbles": {
        "NAME": "WWW WW WWWWWWW",
        "FLAVOR": "W WWWW WWWWWWW WWW WW WWW WWWW. WWWWWW WWW WWWWWWWW WWWWWWW WWW WWWWWWW.",
        "DESCRIPTIONS": [
            "WW WWW WWWWW WW WWWW WWWWWWW WWWWW #W",
            " #WWWWWWWWWWW WW WWW WWWWWWW."
        ]
    },
    "Bag of Preparation": {
        "NAME": "WWW WW WWWWWWWWWWW",
        "FLAVOR": "WWWWWWWWW WWWWWWWWWW'W WWWW. WWW WWWW WWWWWWW WWW WWWWWW.",
        "DESCRIPTIONS": [
            "WW WWW WWWWW WW WWWW WWWWWWW WWWW #W",
            " WWWWWWWWWW WWWWW."
        ]
    },
    "Bird Faced Urn": {
        "NAME": "WWWW-WWWWW WWW",
        "FLAVOR": "WWWW WWW WWWWW WWW WWWW WWW WWWWWWWW WWWWWWW WWWWWWWWWWW.",
        "DESCRIPTIONS": [
            "WWWWWWWW WWW WWWW W #WWWWWWW WWWW #W",
            " WW."
        ]
    },
    "Black Blood": {
        "NAME": "WWWWW WWWWW",
        "FLAVOR": "WWW WWWW WWWWW WWWWWW.",
        "DESCRIPTIONS": [
            "WWWWWWWW #WWWWWWWW #WWWWWW. WW WWW WWW WW WWWWWWW WWWW #W",
            " WW."
        ]
    },
    "Black Star": {
        "NAME": "WWWWW WWWW",
        "FLAVOR": "WWWWWWWWWW WWWWWWWWWW WW WWW WWWW WW WWW WWWWWWWW WWWWW W WWWWWWWW WWWWWW.",
        "DESCRIPTIONS": [
            "#WWWWWWW WWW WWWW #WW #WWWWWWW WWWW WWWWWWWW."
        ]
    },
    "Blood Vial": {
        "NAME": "WWWWW WWWW",
        "FLAVOR": "W WWWW WWWWWWWWWW WWW WWWWW WW W WWWW WWW WWWWW WWWWWWW.",
        "DESCRIPTIONS": [
            "WW WWW WWWWW WW WWWW WWWWWWW WWWW #W",
            " WW."
        ]
    },
    "Bloody Idol": {
        "NAME": "WWWWWW WWWW",
        "FLAVOR": "WWW WWWW WWW WWWWW W WWWWWWWW WWWWWW WW WWWWW.",
        "DESCRIPTIONS": [
            "WWWWWWWW WWW WWWW #WWWWWW WWWW #W",
            " WW."
        ]
    },
    "Blue Candle": {
        "NAME": "WWWW WWWWWW",
        "FLAVOR": "WWW WWWWW WWWWWWW WWWW WWWWWWWW WW WWWWWWWW.",
        "DESCRIPTIONS": [
            "#WWWWWW WWWWW WWW WWW WW WWWWWW. WW WW WWWWWWW W #WWWWWW WWWW WWWW WWW WWWW #W",
            " WW WWW #WWWWWWWWW WWW WWWW."
        ]
    },
    "Bottled Flame": {
        "NAME": "WWWWWWW WWWWW",
        "FLAVOR": "WWWWWW WWW WWWWWW WWWWWWW W WWWWW WWWW WWWWWWWWW WWWWW.",
        "DESCRIPTIONS": [
            "WWWW WWWW WWW WWWWWW WW WWWWWW WWWW. WW WWW WWWWW WW WWWW WWWWWWW WWWW WWWW WWWW WW WW WWWW WWWW.",
            "WWWWWW W WWWW WWW ",
            "WW WWW WWWWW WW WWWW WWWWWWW WWW ",
            " WW WWWW WWWW."
        ]
    },
    "Bottled Lightning": {
        "NAME": "WWWWWWW WWWWWWWWW",
        "FLAVOR": "WWWWWWW WWWW WWW WWWWWWWW WWWWWWWWWW WWW WWW W WWWW WW WWWWWWWW WWWWWWW WWWW.",
        "DESCRIPTIONS": [
            "WWWW WWWW WWW WWWWWW W WWWWW WWWW. WW WWW WWWWW WW WWWW WWWWWWW WWWW WWWW WWWW WW WW WWWW WWWW.",
            "WWWWWW W WWWW WWW ",
            "WW WWW WWWWW WW WWWW WWWWWWW WWW ",
            " WW WWWW WWWW."
        ]
    },
    "Bottled Tornado": {
        "NAME": "WWWWWWW WWWWWWW (WWWW)",
        "FLAVOR": "WWWW WWWWW.",
        "DESCRIPTIONS": [
            "WWWW WWWW WWW WWWWWW W WWWWW WWWW. WW WWW WWWWW WW WWWW WWWWWWW WWWW WWWW WWWW WW WW WWWW WWWW.",
            "WWWWWW W WWWW WWW ",
            "WW WWW WWWWW WW WWWW WWWWWWW WWW ",
            " WW WWWW WWWW."
        ]
    },
    "Bronze Scales": {
        "NAME": "WWWWWW WWWWWW",
        "FLAVOR": "WWW WWWWW WWWWWW WW WWW WWWWWWWW. WWWWWWWWWW WWWWWW WW WWWWWWW WWW WWWW. ",
        "DESCRIPTIONS": [
            "WWWWWWWW WWW WWWW WWWWWWW WWWW #W",
            " WWWWWW WWWW."
        ]
    },
    "Burning Blood": {
        "NAME": "WWWWWWW WWWWW",
        "FLAVOR": "WWWW WWWW'W WWW WWWWW WWWWW WWWW WW WWWWWWW WWWW.",
        "DESCRIPTIONS": [
            "WW WWW WWW WW WWWWWWW WWWW #W",
            " WW."
        ]
    },
    "Calipers": {
        "NAME": "WWWWWWWW",
        "FLAVOR": "\"WWWWWWWWWW WWWWWWWWW WWWWW WW WWWWWWWWW\" - WWW WWWWWWWWW",
        "DESCRIPTIONS": [
            "WW WWW WWWWW WW WWWW WWWWW WWWW #W",
            " #WWWWWW WWWWWW WWWW WWW WW WWWW #WWWWWW."
        ]
    },
    "Calling Bell": {
        "NAME": "WWWWWWW WWWW",
        "FLAVOR": "WWWW WWWW WWWW WWWW WWWW W WWWWW WWWW WWW WWWWW WWW WWW WWW WWWWW WWWWWW.",
        "DESCRIPTIONS": [
            "WWWWWW #WW #WWWWWWW WWW #WW #WWWWWWW.",
            "WWW WWWW WWWWW...",
            "WWWW WWWWWWW"
        ]
    },
    "Cauldron": {
        "NAME": "WWWWWWWW",
        "FLAVOR": "WWW WWWWWWWW WW WWWWWWWW W WWWWWW WWWWWWW WWWWWW WWWWWW. WWW W WWW W WWWW.",
        "DESCRIPTIONS": [
            "WWWW WWWWWWWWW WWWWW #WW WWWWWW WWWWWWW.",
            "WWWW WWWW WWWWW...!"
        ]
    },
    "Centennial Puzzle": {
        "NAME": "WWWWWWWWWW WWWWWW",
        "FLAVOR": "WWWW WWWWWWW WWW WWWWWW WWW WWWW W WWWWWWWW WWWWWW WW WWWW WWWWW.",
        "DESCRIPTIONS": [
            "WWW WWWWW WWWW WWW WWWW WW WWWW WWWWWWW WWWW #W",
            " WWWWW."
        ]
    },
    "Chameleon Ring": {
        "NAME": "WWWWWWWWW WWWW",
        "FLAVOR": "WWWWWWWWWW",
        "DESCRIPTIONS": [
            "WWW WWW WWW #WWWWW WW WWWWWWWWW."
        ]
    },
    "Champion Belt": {
        "NAME": "WWWWWWWW WWWW",
        "FLAVOR": "WWWW WWW WWWWWWWW WWW WWWW WWWW WWWW.",
        "DESCRIPTIONS": [
            "WWWWWWWW WWW WWWWW #WWWWWWWWWWWW WWWW WWWWW #W",
            " #WWWWW."
        ]
    },
    "Charon's Ashes": {
        "NAME": "WWWWWW'W WWWWW",
        "FLAVOR": "WWWWWW WWW WWWW WW WW WWW WWW WW WWWWWWWW WWWWWWWWW WWWWW WWW WWWWWWWW WW W WWWWW WW WWWWW.",
        "DESCRIPTIONS": [
            "WWWWWWWW WWW #WWWWWWWW W WWWWW WWWW #W",
            " WWWWWW WW WWW WWWWWWW."
        ]
    },
    "Chemical X": {
        "NAME": "WWWWWWWW W",
        "FLAVOR": "WWWWWWW: WW WWW WWWWWWW WWWW WWWWWW WWWWWW WWW WWWWWWWWWW WWWW.",
        "DESCRIPTIONS": [
            "WWWWWWWW WWW WWWW W WWWW #WW WWWWW WWW WWWWWWW WWW WWWWWWWWW WW #W"
        ]
    },
    "Circlet": {
        "NAME": "WWWWWWW",
        "FLAVOR": "WWW WWW WWW WW WWWWWW WW WWWW. WWWWWWWWWW!",
        "DESCRIPTIONS": [
            "WWWWW WWWWWW."
        ]
    },
    "The Courier": {
        "NAME": "WWW WWWWWWW",
        "FLAVOR": "WWW WWWWWWWW'W WWWWWWWW WWW!",
        "DESCRIPTIONS": [
            "WWW WWWWWWWW WW WWWWWW WWWW WWW WW WWWWWW WWWWWWW WW WWWWWWW WWW WWW WWWWWW WWW WWWWWWW WW #WWW%."
        ]
    },
    "Cursed Key": {
        "NAME": "WWWWWW WWW",
        "FLAVOR": "WWW WWW WWWW WWW WWWWWWWWW WWWWWW WWWWWWWWW WWWW WWW WWW. WWWWW WWWWW WW W WWWWW.",
        "DESCRIPTIONS": [
            " WWWWWWWW WWW WWWW W WWWWWW WWWWWW W #WWWWWW.",
            "WWWW [W] WW WWW WWWWW WW WWWW WWWW."
        ]
    },
    "Dead Branch": {
        "NAME": "WWWW WWWWWW",
        "FLAVOR": "WWW WWWWWW WW W WWWW WWWW W WWWWWWWWW WWW.",
        "DESCRIPTIONS": [
            "WWWWWWWW WWW #WWWWWWWW W WWWWW WWW W WWWWWW WWWW WW WWWW WWWW."
        ]
    },
    "Discerning Monocle": {
        "NAME": "WWWWWWWWWW WWWWWWW",
        "FLAVOR": "W WWWW WWWWWW WWWWWWW WWWWWWW WWWWWW.",
        "DESCRIPTIONS": [
            "WWWWWWWW WWWWWW WWW WWWWWWW WW #WWW%"
        ]
    },
    "Dodecahedron": {
        "NAME": "WWWWW WWWWWWWWWWWW",
        "FLAVOR": "WWW WWWWW WWW WWWWWWWWWWWWWW.",
        "DESCRIPTIONS": [
            "WW WWWW WW WW WWWWW WWWW ",
            "[W] WW WWW WWWWW WW WWWW WWWW."
        ]
    },
    "Dream Catcher": {
        "NAME": "WWWWW WWWWWWW",
        "FLAVOR": "WWW WWWWWWWW WWWWWW WWWWW WWWWW WWW WWWWW WWWWWWWW WW WWWWWW WWWWWWWWW WWWW WWW WW WWWW WWWWWWWWWWW.",
        "DESCRIPTIONS": [
            "WWWWWWWW WWW WWWWW WWW WWW WWW W WWWW WW WWWW WWWW."
        ]
    },
    "Du-Vu Doll": {
        "NAME": "WW-WW WWWW",
        "FLAVOR": "W WWWW WWWWWWW WW WWWW WWWWWWWW WWWW WWWWWWWWW WWWWWW.",
        "DESCRIPTIONS": [
            "WWW WWWW #WWWWWW WW WWWW WWWWW WWWWW WWWW WWWWWW WWWW #W",
            " WWWWWWWWWW #WWWWWWWWW.",
            " WWW WWWW WW #WWWWWWW.",
            " WWW WWWW #W",
            " #WWWWWWW."
        ]
    },
    "Ectoplasm": {
        "NAME": "WWWWWWWWW",
        "FLAVOR": "WWWW WWWW WW WWWWW WWW WWWWWW WWWWW WW WWWWW WWWW WWWW.",
        "DESCRIPTIONS": [
            " WWW WWW WW WWWWWW WWWW #WWWWW.",
            "WWWW [W] WW WWW WWWWW WW WWWW WWWW."
        ]
    },
    "Enchiridion": {
        "NAME": "WWWWWWWWWWW",
        "FLAVOR": "WWW WWWWWWWWW WWWWWWW WW WW WWWWWWW WWWW.",
        "DESCRIPTIONS": [
            "WWWWW WWWW WWWWWW WWWW W WWWWWW #WWWWWW WWWW WW WWWW WWWW. WW WWWWW #WW WW WWWW."
        ]
    },
    "Eternal Feather": {
        "NAME": "WWWWWWW WWWWWWW",
        "FLAVOR": "WWWW WWWWWWW WWWWWWW WW WW WWWWWWWWWW WWWWWWWWWWWWWW. WWWW WWWW WWWW WWWW WWWWWWWW WWWW WWWW? ",
        "DESCRIPTIONS": [
            "WWW WWWWW #W",
            " WWWWW WW WWWW WWWWW WWWW #W",
            " WW WWWWWWWW WWW WWWWW W WWWWWWWW."
        ]
    },
    "Frozen Egg": {
        "NAME": "WWWWWW WWW",
        "FLAVOR": "WWW WWW WWWW WWWWW WWW WWWWWWW WWWWW WW WWWWW.",
        "DESCRIPTIONS": [
            "WWWW WWWW WWW WWWWWW WWW #WWWWWWWW W #WWWWWW.",
            "WWWWWW W WWWW WWW "
        ]
    },
    "Gambling Chip": {
        "NAME": "WWWWWWWW WWWW",
        "FLAVOR": "WWW WWW WWW W WWWWW WWWWWWWWWWW WW WWW WWWW. WW WWWWW: \"WWWW'W WWWWW WWWW!\"",
        "DESCRIPTIONS": [
            "WW WWW WWWWW WW WWWW WWWWWWW WWWWWWW WWW WWWWWW WW WWWWW WWWW WWWW WWWW WWWW."
        ]
    },
    "Ginger": {
        "NAME": "WWWWWW",
        "FLAVOR": "W WWWWWW WWWW WW WWWW WWWWWW.",
        "DESCRIPTIONS": [
            "WWW WWW WW WWWWWW WWWWWW #WWWWWWWWW."
        ]
    },
    "Girya": {
        "NAME": "WWWWW",
        "FLAVOR": "WWWW WWWWW WW WWWWWWWWWWWW WWWWW. WWW WWWWW WWWWW WWWW WWWW WW WWW WWWWWWWWWWWWW WWWWWWWW.",
        "DESCRIPTIONS": [
            "WWW WWW WWW WWWW #WWWWWWWWW WW WWWWWWWWW. (W WWWWW WWW)"
        ]
    },
    "Golden Idol": {
        "NAME": "WWWWWW WWWW",
        "FLAVOR": "WWWW WW WWWWW WWWWW WWW WWWW WWWWWW WWWW WWWWWWW WW.",
        "DESCRIPTIONS": [
            "WWWWWWW WWWW #WWW% WWWW #WWWWW."
        ]
    },
    "Gremlin Horn": {
        "NAME": "WWWWWWW WWWW",
        "FLAVOR": "\"WWWWWWW WWWW WWW WWWWWWW WW WWWWWWW WWWWW WWW WWW WWWW WWW. WWWWWWWWWW.\" - WWWWWW",
        "DESCRIPTIONS": [
            "WWWWWWWW WW WWWWW WWWWW WWWW ",
            "[W] WWW WWWW #WW WWWW."
        ]
    },
    "Happy Flower": {
        "NAME": "WWWWW WWWWWW",
        "FLAVOR": "WWWW WWWWWWWWWWW WWWWWW WWWWW WW W WWWWWWW WWWWWWW WWWW WWWWW WWWWWW.",
        "DESCRIPTIONS": [
            "WWWWW #W",
            " WWWWWW WWWW [W] ."
        ]
    },
    "Ice Cream": {
        "NAME": "WWW WWWWW",
        "FLAVOR": "\"WWWWWWWWW!\"",
        "DESCRIPTIONS": [
            "WWWWWW WW WWW WWWWWWWWW WWWWWWW WWWWW."
        ]
    },
    "Juzu Bracelet": {
        "NAME": "WWWW WWWWWWWW",
        "FLAVOR": "W WWWW WWWWWWW WWW WWWWWWW.",
        "DESCRIPTIONS": [
            "WWWWWWW WWWWW WWWWWWW WWW WW WWWWWW WWWWWWWWWWW WW #W? WWWWW."
        ]
    },
    "Kunai": {
        "NAME": "WWWWW",
        "FLAVOR": "W WWWWW WWWWWWW WW WWWWWWWWW WWW WWW WWWWWWWWW WW WWWWW.",
        "DESCRIPTIONS": [
            "WWWWW WWWW WWW WWWW #W",
            " #WWWWWWWW WW W WWWWWW WWWWW WWWW #W",
            " #WWWWWWWWWW."
        ]
    },
    "Lantern": {
        "NAME": "WWWWWWW",
        "FLAVOR": "WW WWWWW WWWWWWW WWWWW WWWWWWWWWWW WWWW WWW WWW WWWWWWW.",
        "DESCRIPTIONS": [
            "WWWW ",
            "[W] ",
            "WW WWW WWWWW WWWW WW WWWW WWWWWW."
        ]
    },
    "Letter Opener": {
        "NAME": "WWWWWW WWWWWW",
        "FLAVOR": "WWWWWWWWWWW WWWWW.",
        "DESCRIPTIONS": [
            "WWWWW WWWW WWW WWWW #WW WWWWWW WW W WWWWWW WWWWW WWWW #W",
            " WWWWWW WW WWW WWWWWWW."
        ]
    },
    "Living Blade": {
        "NAME": "WWWWWW WWWWW",
        "FLAVOR": "WWWWWWWWWW",
        "DESCRIPTIONS": [
            "WWW WWW WWW WWW WWWWWW WW WWW WWWW."
        ]
    },
    "Lizard Tail": {
        "NAME": "WWWWWW WWWW",
        "FLAVOR": "W WWWW WWWW WW WWWWW WWWWWWW WWWWWW WWWWWW.",
        "DESCRIPTIONS": [
            "WWWW WWW WWWWW WWWW WWWW WW #WWW% WW WWWW WWW WW WWWWWWW (WWWWW WWWW)."
        ]
    },
    "Magic Flower": {
        "NAME": "WWWWW WWWWWW",
        "FLAVOR": "W WWWWWW WWWW WWWWWWW WWWWWWWW WWWWWWW WWWWWWWWW WW WWWWWWW WWWWWWWWW.",
        "DESCRIPTIONS": [
            "WWWWWWW WW #WWW% WWWW WWWWWWWWW WWWWWW WWWWWW."
        ]
    },
    "Mango": {
        "NAME": "WWWWW",
        "FLAVOR": "WWW WWWW WWWWWWW WWWWWWWWW WWWWW. WWWWWWWWWW WWWWWWWWW WWWW WW WWWWW WW WWWWWWWWWWW.",
        "DESCRIPTIONS": [
            "WWWWW WWWW WWW WW WW #W"
        ]
    },
    "Mark of Pain": {
        "NAME": "WWWW WW WWWW",
        "FLAVOR": "WWWW WWWWW WWW WWWW WW WWW WWWWWWWW WWWWWW WW WWWWWWW WWWWWWWW WWW WWW WWWWWWWW WWWW WW WWWWWW.",
        "DESCRIPTIONS": [
            "WWWW [W] WW WWW WWWWW WW WWWW WWWW. WWWWW WWWWWWW WWWW #WW #WWWWWWW WW WWWW WWWW WWWW."
        ]
    },
    "Matryoshka": {
        "NAME": "WWWWWWWWWW",
        "FLAVOR": "W WWWWWWWWW WWW WW WWWWWWW WWWWW. WWW WWWWW WWWWWWW W WWWWWWW WWWW WWWW WWWWW WWWW WWW WWWW WWWWWWWW.",
        "DESCRIPTIONS": [
            "WWW WWWW #WW WWWWWW WWW WWWW WWWWWWW #WW #WWWWWWW. (WWWWWWWW WWWW WWWWWW)",
            "WWW WWWW WWWWW WWW WWWW WWWWWWWW #WW #WWWWWWW. (WWWWWWWW WWWW WWWWWW)",
            "WWWW WWWWW WWW WWWW WWWW WW."
        ]
    },
    "Meat on the Bone": {
        "NAME": "WWWW WW WWW WWWW",
        "FLAVOR": "WWW WWWW WWWWW WWWWWWWWWWWWW WWWWW WWWWWWW WW WWWWW WWW WWW.",
        "DESCRIPTIONS": [
            "WW WWWW WW WW WWWW WWWW #WWW% WW WWW WWW WW WWWWWWW WWWW #W",
            " WW."
        ]
    },
    "Medical Kit": {
        "NAME": "WWWWWWW WWW",
        "FLAVOR": "\"WWW WWWWWWWWWW WWW WWWW! WWWW-WWWWW WWWW-WWWWW WWWW-WWWWWW WWW WWWW!\"",
        "DESCRIPTIONS": [
            "#WWWWWWW WWWWW WWW WWW WW WWWWWW. WWWWWWW W #WWWWWWW WWWW #WWWWWWWW WWW WWWW."
        ]
    },
    "Membership Card": {
        "NAME": "WWWWWWWWWW WWWW",
        "FLAVOR": "\"WWWWW WWWWWWWWWW WWWWW WWW WW WWWW WWWWWWWW WWWWWWWWW!\"",
        "DESCRIPTIONS": [
            "WW WWWWWW WWWWWWW WWWWW WWWWWW #WWW% WWWW WWWWW. #WWWWWW: #WWW% WWWWWWWW WW WWW WWWWWWWW!"
        ]
    },
    "Mercury Hourglass": {
        "NAME": "WWWWWWW WWWWWWWWW",
        "FLAVOR": "WW WWWWWWWWW WWWWWWWWW WWWW WWWWWWWWW WWWWW.",
        "DESCRIPTIONS": [
            "WW WWW WWWWW WW WWWW WWWWW WWWW #W",
            " WWWWWW WW WWW WWWWWWW."
        ]
    },
    "Molten Egg": {
        "NAME": "WWWWWW WWW",
        "FLAVOR": "WWW WWW WW W WWWWWWW. WW WWWWW WWW WWW WWWW W WWWWWWWWW WWWW.",
        "DESCRIPTIONS": [
            "WWWW WWWW WWW WWWWWW WWW #WWWWWWWW WW #WWWWWWW.",
            "WWWWWW W WWWW WWW "
        ]
    },
    "Mummified Hand": {
        "NAME": "WWWWWWWWW WWWW",
        "FLAVOR": "WWWWWWWWWW WWWWWWWWW WWWWWWWWWW WWWW WWWW WWWWW WW WWWW.",
        "DESCRIPTIONS": [
            "WWWWWWWW WWW WWWW W #WWWWWWW W WWWWWW WWWW WW WWWW WWWW WWWWW #WW WWW WWW WWWW."
        ]
    },
    "Necronomicon": {
        "NAME": "WWWWWWWWWWWW",
        "FLAVOR": "WWWW W WWWW WWWWW WWW WWW WWWWWWW WWWW WWWW WWWWW. WW WWWWW WWWW WWWWWW WWW WWWWWWW WW WWWWWW WW WWW WWWW WWWWWWWWW WWWW WWWW.",
        "DESCRIPTIONS": [
            "WWW WWWWW #WWWWWWW WWWWWW WWWW WWWW WWWW WWWWW #W",
            " WW WWWW WW WWWWWW WWWWW. WWWW WWW WWWW WWWW WWWWWW WWWWWW #WWWWWWW.",
            " WW WWWW WW WWWWWW WWWWW."
        ]
    },
    "Nilry's Codex": {
        "NAME": "WWWWW'W WWWWW",
        "FLAVOR": "WWWWWWW WW WWW WWWWWWWW WWWW WWWWWW WWWWWWW. WWWW WW WWWWWW WWW'W WWWW.",
        "DESCRIPTIONS": [
            "WW WWW WWW WW WWWW WWWWW WWW WWW WWWWWW #WW WW #WW WWWWWW WWWWW WW WWWWWWW WWWW WWWW WWWW WWWW."
        ]
    },
    "Nine Lives": {
        "NAME": "WWWW WWWWW",
        "FLAVOR": "WWWWWWWWWW.",
        "DESCRIPTIONS": [
            "WWWW WWW WWWWW WWWW WWWW WW WWWW WW WWWWWWW. WW (WWWWW #WW WWWWW)",
            "WWWW WWW WWWWW WWWW WWWW WW WWWW WW WWWWWWW. WW (WW WWWW WWWWW)",
            "WWWW WWW WWWWW WWWW WWWW WW WWWW WW WWWWWWW. WW (WWWWW #W",
            " WWWW WWWWW)"
        ]
    },
    "Ninja Scroll": {
        "NAME": "WWWWW WWWWWW",
        "FLAVOR": "WWWWWWWW WWW WWWWWWW WW WWWWWWWWWWWWW.",
        "DESCRIPTIONS": [
            "WWWWW WWWW WWWWWW WWWW #W",
            " #WWWWWW WW WWWW."
        ]
    },
    "Nloth's Gift": {
        "NAME": "WWWWW'W WWWW",
        "FLAVOR": "WWW WWWWWWW WWWW WWWW W'WWWW. WWWWWWWW WWW WWW WWW WWWWWW WWW WWWWWWW WWWWWWW WWW WW WWW WWWW WWWW WWWW WWWWWW.",
        "DESCRIPTIONS": [
            "#WWWWWWWW WWW WWWWWW WW WWWWWWWWW WWWW WWWWW WW WWWWWWW WWWWWWW."
        ]
    },
    "Nullstone Periapt": {
        "NAME": "WWWWWWWWW WWWWWWW",
        "FLAVOR": "WWWWWWWWWW.",
        "DESCRIPTIONS": [
            "WWWWWW WWW WWWW #WWWWWWW WWW WWWWWWW WWWW WW WWWWW. WW WWWWWWWWW WW #WWW WWWWW."
        ]
    },
    "Oddly Smooth Stone": {
        "NAME": "WWWWW WWWWWW WWWWW",
        "FLAVOR": "WWW WWWW WWWWW WWWW WWWWWWWWW WW WWWWWW WWW WWWWWWWW. WWWW WWWW WW WWW WWWW WW WWW WWWWWWWW.",
        "DESCRIPTIONS": [
            "WW WWW WWWWW WW WWWW WWWWWWW WWWW #W",
            " #WWWWWWWWWW."
        ]
    },
    "Odd Mushroom": {
        "NAME": "WWW WWWWWWWW",
        "FLAVOR": "\"WWWWW WWWWWWWWW WWWWWWWWW WWWWWWWWW W WWWW WWWWWW WWW WWWW... WWWWWWWWWWW.\" - WWWWWW ",
        "DESCRIPTIONS": [
            "WWWW #WWWWWWWWWWWW WWWW #WWW% WWWW WWWWWW WWWWWW WWWW #WWW%."
        ]
    },
    "Old Coin": {
        "NAME": "WWW WWWW",
        "FLAVOR": "WWWWWW WWWWW WWW WWWWWW WWWWWW WW WWWWWWWWW WWW WWWWW WWWWWWWWWW WWWWW WWW WWWW WWWWWWWW WWWWWWWWWWW.",
        "DESCRIPTIONS": [
            "WWWW #WWWW #WWWWW."
        ]
    },
    "Omamori": {
        "NAME": "WWWWWWW",
        "FLAVOR": "W WWWWWW WWWWW WWW WWWWWWW WWW WWWW WWWWWWW. WWWW WWW WWWWW WW WWWWWWW W WWWWW WW WWWWWW WWWWWW.",
        "DESCRIPTIONS": [
            "WWWWWW WWW WWWW #WW #WWWWWWW WWW WWWWWW.",
            "WWWWWW WWW WWWW #WWWWWW WWW WWWWWW.",
            "WWWW WWWWW WW WWW WWWW WW."
        ]
    },
    "Orichalcum": {
        "NAME": "WWWWWWWWWW",
        "FLAVOR": "W WWWWW WWWWWW WWWWW WW WW WWWWWWW WWWWWW. WWWWWWWWW WWWWWWWWWWWWWW.",
        "DESCRIPTIONS": [
            "WW WWW WWW WWWW WWWW WWWWWWW #WWWWWWW WWWW #W",
            " #WWWWWW."
        ]
    },
    "Ornamental Fan": {
        "NAME": "WWWWWWWWWW WWW",
        "FLAVOR": "WWW WWW WWWWW WW WWWWWW WWW WWWWWW WW WWWWW WW WWWWWWW.",
        "DESCRIPTIONS": [
            "WWWWW WWWW WWW WWWW #WW #WWWWWWWW WW W WWWWWW WWWWW WWWW #W",
            " #WWWWWW."
        ]
    },
    "Orrery": {
        "NAME": "WWWWWW",
        "FLAVOR": "\"WWWW WWW WWWWWWWWWW WWW WWWWWWWW...\" - WWWWWW",
        "DESCRIPTIONS": [
            "WWWWWW WWW WWW #WW WWWWW WW WWWW WWWW.",
            "WWWWWWWWW!"
        ]
    },
    "Pandora's Box": {
        "NAME": "WWWWWWW'W WWW",
        "FLAVOR": "WWW WWWW W WWW WWWWWWW WWWWW WWWWWWW WWWW.",
        "DESCRIPTIONS": [
            "#WWWWWWWWWW WWW WWWWWWW WWW WWWWWWW.",
            "WWWWWWWW WWW WWW WWWW WWWWWW..."
        ]
    },
    "Pantograph": {
        "NAME": "WWWWWWWWWW",
        "FLAVOR": "\"WWWWW WWWWWWWWWWW WWW WWW WWWWWWWWWW. WWWWW WWW WWWWWWWW WWW W WWWW.\" - WWW WWWWWWWWW",
        "DESCRIPTIONS": [
            "WW WWW WWWWW WW WWWW WWWWWWWW WWWW #W",
            " WW."
        ]
    },
    "Paper Crane": {
        "NAME": "WWWWW WWWWW",
        "FLAVOR": "WW WWWWWWW WW W WWWWWWWW WWWW W WWWW WWW.",
        "DESCRIPTIONS": [
            "WWWWWWW WWWW #WWWWW WWWW #WWW% WWWW WWWWWW WWWWWW WWWW #WWW%."
        ]
    },
    "Paper Frog": {
        "NAME": "WWWWW WWWWW",
        "FLAVOR": "WWW WWWWW WWWWWWWWWWW WWWWW WWW WWWWWWW WWWWWW WWWW WWW WWWWW WW W WWWWW WWWWWWWW.",
        "DESCRIPTIONS": [
            "WWWWWWW WWWW #WWWWWWWWWWW WWWW #WWW% WWWW WWWWWW WWWWWW WWWW #WWW%."
        ]
    },
    "Peace Pipe": {
        "NAME": "WWWWW WWWW",
        "FLAVOR": "WWWWWW WWW WWWW WWW WWWWWWWW WWW WWWW.",
        "DESCRIPTIONS": [
            "WWW WWW WWW WWWWWW WWWWW WWWW WWWW WWWW WW WWWWWWWWW."
        ]
    },
    "Pear": {
        "NAME": "WWWW",
        "FLAVOR": "W WWWWWW WWWWW WWWWWW WWW WWWWWWWWWWW.",
        "DESCRIPTIONS": [
            "WWWWW WWWW WWW WW WW #W"
        ]
    },
    "Pen Nib": {
        "NAME": "WWW WWW",
        "FLAVOR": "WWWWWWW WWW WWWW WWW WWW WWW WWWWWWWW WWWW WWWWW WW W WWWWWWWW WWWWW WW WWW WWW. W WWWWWWW WWWWWWW.",
        "DESCRIPTIONS": [
            "WWWWW #WWWWW #WWWWWWW WWW WWWW WWWWW WWWWWW WWWWWW."
        ]
    },
    "Philosopher's Stone": {
        "NAME": "WWWWWWWWWWW'W WWWWW",
        "FLAVOR": "WWW WWWWWW WWWWWWWW WWWW WWW WWWWWW WWWWWWWWWW WWW WWWWWW.",
        "DESCRIPTIONS": [
            " WWW WWWWWWW WWWWW WWWW #WW #WWWWWWWWW.",
            "WWWW [W] WW WWW WWWWW WW WWWW WWWW."
        ]
    },
    "Prayer Wheel": {
        "NAME": "WWWWWW WWWWW",
        "FLAVOR": "WWW WWWWW WWWWWWWWW WW WWWWW WWWWW WWWWWWWW.",
        "DESCRIPTIONS": [
            "WWW-WWWW WWWWWW WWW WWWWWWW WWWWW."
        ]
    },
    "Question Card": {
        "NAME": "WWWWWWWW WWWW",
        "FLAVOR": "\"WWWWW WWWW WWWW WWWWWWW WWWWWWWW WWW WWWWWWWW WW WWWWW.\" - WWWWWW WWW WWWWW",
        "DESCRIPTIONS": [
            "WW WWWW WWWWWW WWWWWWWW WWWWWW WWWW #WW WWWWW WWWWWWW WW #WW."
        ]
    },
    "Red Circlet": {
        "NAME": "WWW WWWWWWW",
        "FLAVOR": "WWW WWW WWW WW WWWWWW. WWWWWWWWWW!",
        "DESCRIPTIONS": [
            "WWWWW WWWW WWWWWW."
        ]
    },
    "Red Mask": {
        "NAME": "WWW WWWW",
        "FLAVOR": "WWWW WWWW WWWWWWW WWWWWWW WWWW WWWWWWW WW WWW WWWWWW WW WWW WWW WWWW WWWWWWW. WWWWWWWWWWW WWWW WWWWW WWW WWW WWWWWW WWW?",
        "DESCRIPTIONS": [
            "WW WWW WWWWW WW WWWW WWWWWWW WWWWW #W",
            " #WWWWW WW WWW WWWWWWW."
        ]
    },
    "Red Skull": {
        "NAME": "WWW WWWWW",
        "FLAVOR": "W WWWWW WWWWW WWWWWWW WW WWWWWWWWWW WWWWW.",
        "DESCRIPTIONS": [
            "WWWWW WWWW WW WW WWWWW #WWW%W WWW WWWW #W",
            " WWWWWWWWWW #WWWWWWWWW."
        ]
    },
    "Regal Pillow": {
        "NAME": "WWWWW WWWWWW",
        "FLAVOR": "WWW WWW WWW WWW W WWWWWW WWWWW'W WWWW.",
        "DESCRIPTIONS": [
            "WWWW WW WWWWWWWWWW #W",
            " WW WWWW WWW #WWWWW."
        ]
    },
    "Ring of the Serpent": {
        "NAME": "WWWW WW WWW WWWWWWW",
        "DESCRIPTIONS": [
            "WWWWWWWW #WWWWWW #WWWWW. WW WWW WWWWWW WW #WWWWWW WWWWWW WWWWW WWWW WWW WW WW #W"
        ]
    },
    "Runic Cube": {
        "NAME": "WWWWW WWWW",
        "FLAVOR": "WWW WWWWW WWW WWWWWWWWWWWWWW.",
        "DESCRIPTIONS": [
            "WWW WW WW WWWWWWW WW #W",
            "%. WWWWWWWW WWW WWWW WWW WWWW #W",
            " WWWW."
        ]
    },
    "Runic Dome": {
        "NAME": "WWWWW WWWW",
        "FLAVOR": "WWW WWWWW WWW WWWWWWWWWWWWWW.",
        "DESCRIPTIONS": [
            "WW WWW WWWWW WW WWWW WWWW. WWW WWW WW WWWWWW WWW WWWWW #WWWWWWWW.",
            "WWWW [W] "
        ]
    },
    "Runic Pyramid": {
        "NAME": "WWWWW WWWWWWW",
        "FLAVOR": "WWW WWWWW WWW WWWWWWWWWWWWWW.",
        "DESCRIPTIONS": [
            "WW WWW WWW WW WWWW WWWWW WWW WW WWWWWW WWWWWWW WWWW WWWW. WW WWWW #W",
            " WWWW WWWW WWWW WWWW."
        ]
    },
    "Self Forming Clay": {
        "NAME": "WWWW-WWWWWWW WWWW",
        "FLAVOR": "\"WWWW WWWWWWW! WW WWWWWWW WW WWWW WWWWWW WWWWWWW WW WW WWWWWWWW! WWWW-WWWW?\" - WWWWWW",
        "DESCRIPTIONS": [
            "WWWWWWWW WWW WWWW WW WW WWWWWWW WWWW #W",
            " #WWWWWW WWWW WWWW."
        ]
    },
    "Shovel": {
        "NAME": "WWWWWW",
        "FLAVOR": "WWW WWWWW WWWWWW WWW WWWWWW WW WWWWWW WWWW WWWW WWWWWWWWWWWWW WWW WWWWWWWW WWWWWWWWWWW WWWW WW WWWW. WWWW WW WW WWW WWWW WW!",
        "DESCRIPTIONS": [
            "WWW WWW WWW #WWWW WWW WWWW WW WWWWWWWWW."
        ]
    },
    "Shuriken": {
        "NAME": "WWWWWWWW",
        "FLAVOR": "WWWWWWWWWWW WWWWWWWW WWWWWWW. WWWWWWWWW WWWWW WWW WWW WWWW.",
        "DESCRIPTIONS": [
            "WWWWW WWWW WWW WWWW #W",
            " #WWWWWWWW WW W WWWWWW WWWWW WWWW #W",
            " #WWWWWWWWW."
        ]
    },
    "Singing Bowl": {
        "NAME": "WWWWWWW WWWW",
        "FLAVOR": "WWWW WWWW-WWWW WWWWWWWW WWWWW WWW WWWW W WWWWWWWWW WWWWWW WWWW WWWWWW.",
        "DESCRIPTIONS": [
            "WWWWWWWW WWW WWWW W WWWW WWWWWWW WWWWWWWW WWWW WWW WW WW #W"
        ]
    },
    "Smiling Mask": {
        "NAME": "WWWWWWW WWWW",
        "FLAVOR": "WWWW WWWW WW WWW WWWWWWWW. WW WWWW WWWW WWWWWW...",
        "DESCRIPTIONS": [
            "WWW WWWWWWWW'W WWWW WWWWWWW WWWWWWW WWW WWWWWW WWWWW #W",
            " #WWWWW."
        ]
    },
    "Ring of the Snake": {
        "NAME": "WWWW WW WWW WWWWW",
        "FLAVOR": "WWWW WWWW W WWWWWWWWWW WWWWW. WWWWWWWWWW WWWWW WWWWW WW W WWWWWWWW.",
        "DESCRIPTIONS": [
            "WW WWW WWWWW WW WWWW WWWWWWW WWWW #W",
            " WWWWWWWWWW WWWWW."
        ]
    },
    "Snecko Eye": {
        "NAME": "WWWWWW WWW",
        "FLAVOR": "WW WWW WW W WWWWWW WWWWWW. WWWW WWWWWW WWWW WWW WWWWWWWW.",
        "DESCRIPTIONS": [
            "WWWW #WW WWWWWWWWWW WWWWW WWWW WWWW. WWWWW WWWW WWWWWW #WWWWWWWWW."
        ]
    },
    "Snake Skull": {
        "NAME": "WWWWWW WWWWW",
        "FLAVOR": "W WWWWWW WWWWW WW WWWWWWWW WWWWWWWWW. WWWWWWWWWWWW WWWWW WWW WWWWWWW WWWW WWW WWWWW WWWW WWW WWWWWWWWWWWW.",
        "DESCRIPTIONS": [
            "WWWWWWWW WWW WWWWW #WWWWWWWW WWWWW WW WWWWWWWWWW #W",
            " #WWWWWWW."
        ]
    },
    "Sozu": {
        "NAME": "WWWW",
        "FLAVOR": "WWW WWWWWW WWWW WWWWWWW WWWWWWW WWWW WW WWWW WWWWW WWWWWWWWWW WWWW WWWW WWWW WWWWW.",
        "DESCRIPTIONS": [
            " WWW WWW WW WWWWWW WWW WWWWWWW. ",
            "WWWW [W] WW WWW WWWWW WW WWWW WWWW."
        ]
    },
    "Spirit Poop": {
        "NAME": "WWWWWW WWWW",
        "FLAVOR": "WWW WWWWWWW WWWWWWW WW WWWW WWWWWWWW WW WWW WWWWWWW.",
        "DESCRIPTIONS": [
            "WW'W WWWWWWWWWW."
        ]
    },
    "Strange Spoon": {
        "NAME": "WWWWWWW WWWWW",
        "FLAVOR": "WWWWWWW WW WWW WWWWWW WW WWWWWWW WW WWWW WWW WWWWW WWWWWW WWWWWW WWWW WWWW.",
        "DESCRIPTIONS": [
            "WWWWW WWWWW #WWWWWWWW WWWW WWWWWW WWWW WWWWWWW WWWWWWW #WWW% WW WWW WWWW."
        ]
    },
    "Strawberry": {
        "NAME": "WWWWWWWWWW",
        "FLAVOR": "\"WWWWWWWWW! WWWWW'W WWWW WWW WW WWWWW WWWWW WWW WWWWWW.\" - WWWWWW",
        "DESCRIPTIONS": [
            "WWWWW WWWW WWW WW WW #W"
        ]
    },
    "Sundial": {
        "NAME": "WWWWWWW",
        "FLAVOR": "\"WWWWW WWW'W WWWWWWW WWWWWWWWW WWWW WWWW WWWWWW WWWW WW WWWW WW WWW WWW WWW WWWWWWWWW WWWWWW WWW WWWWWWWWW WWWWWWWWW.\" - WWWWWW",
        "DESCRIPTIONS": [
            "WWWWW #W",
            " WWWWW WWW WWWWWWW WWWW WWWWW WWWW [W] [W] ."
        ]
    },
    "Ancient Tea Set": {
        "NAME": "WWWWWWW WWW WWW",
        "FLAVOR": "WWW WWW WW W WWWWWWWWWW WWWWW'W WWWW.",
        "DESCRIPTIONS": [
            "WWWWWWWW WWW WWW WW W WWWW WWWWW WWWWW WWW WWWW WWWWWW WWWW [W] [W] ."
        ]
    },
    "War Paint": {
        "NAME": "WWW WWWWW",
        "FLAVOR": "WWWWWWW WWWWWWWWWWW.",
        "DESCRIPTIONS": [
            "WWWW WWWW WWW #WWWWWWWW #W",
            " WWWWWW #WWWWWWW."
        ]
    },
    "Darkstone Periapt": {
        "NAME": "WWWWWWWWW WWWWWWW",
        "FLAVOR": "WWWWWWW WWWWWWWWWWW.",
        "DESCRIPTIONS": [
            "WWWWWWWW WWW WWWWWW W #WWWWWWW WWWWWWWW WWWW WWW WW WW #W"
        ]
    },
    "Test 1": {
        "NAME": "WWWW W",
        "FLAVOR": "WWWW WWWWW WWW WWWW. WW WWW WWWW WWW WWW WWW WWWW WWWW.",
        "DESCRIPTIONS": [
            "WWWWWWWW WWW WWW W WWWWWWW WWWW ",
            " [W] ."
        ]
    },
    "Frozen Eye": {
        "NAME": "WWWWWW WWW",
        "FLAVOR": "WW WWWWWWWWWWW.",
        "DESCRIPTIONS": [
            "WWWW WWWWWWW WWWW #WWWWW #WWWWWW WWW WWWWW WWW WWW WWWWW WW WWWWW."
        ]
    },
    "Test 2": {
        "NAME": "WWWW W",
        "FLAVOR": "WWWW WWWWW WWW WWWW. WW WWW WWWW WWW WWW WWW WWWW WWWW.",
        "DESCRIPTIONS": [
            "WWWW WWWWWWW WWWW #WWWWW #WWWWWW WWW WWWWW WWW WWW WWWWW WW WWWWW."
        ]
    },
    "Test 3": {
        "NAME": "WWWW W",
        "FLAVOR": "WWWW WWWWW WWW WWWW. WW WWW WWWW WWW WWW WWW WWWW WWWW.",
        "DESCRIPTIONS": [
            "WWWW WWWWWWWWW #WWWWWWWW WWW WW WWWW #WWWWWWW WWWWW."
        ]
    },
    "Test 4": {
        "NAME": "WWWW W",
        "FLAVOR": "WWWW WWWWW WWW WWWW. WW WWW WWWW WWW WWW WWW WWWW WWWW.",
        "DESCRIPTIONS": [
            "WW WWW WWWWW WW WWWWWWW WWW WWWW WW WWW #WWWWWWW WWWWW WWW WWW WW #WW."
        ]
    },
    "Test 5": {
        "NAME": "WWWW W",
        "FLAVOR": "WWWW WWWWW WWW WWWW. WW WWW WWWW WWW WWW WWW WWWW WWWW.",
        "DESCRIPTIONS": [
            "WWWW WWWW WWW #WWWWWWWW #W",
            " WWWWWW #WWWWWWW."
        ]
    },
    "Test 6": {
        "NAME": "WWWW W",
        "FLAVOR": "WWWW WWWWW WWW WWWW. WW WWW WWWW WWW WWW WWW WWWW WWWW.",
        "DESCRIPTIONS": [
            "WW WWW WWW WW WWWW WWWWW WWWW #W",
            " #WWWWWW WWW WWWWW #W",
            " #WWWWW WWW WWWW."
        ]
    },
    "Test 7": {
        "NAME": "WWWW W",
        "FLAVOR": "WWWW WWWWW WWW WWWW. WW WWW WWWW WWW WWW WWW WWWW WWWW.",
        "DESCRIPTIONS": [
            "#WWWWWWW WWW WWWW #WW #WWWWWWW WWWW WWWWWWWW."
        ]
    },
    "Test 8": {
        "NAME": "WWWW W",
        "FLAVOR": "WWWW WWWWW WWW WWWW. WW WWW WWWW WWW WWW WWW WWWW WWWW.",
        "DESCRIPTIONS": [
            "WWWW #WW WWWWWWWWWW WWWWW WWWW WWWW. WWWWW WWWW WWWWWW #WWWWWWWWW."
        ]
    },
    "The Specimen": {
        "NAME": "WWW WWWWWWWW",
        "FLAVOR": "\"WWWWWWWWWWW! W WWWWW W WWWWWWW WWWWWWWW WWWWWWWWWWWWW WWWWWWWWWW WWWWW WWWWWWWWWW. WWWWWWW W WWWWWW WWW WWWWW WWWWWWWWWWW.\" - WWWWWW",
        "DESCRIPTIONS": [
            "WWWWWWWW WW WWWWW WWWWW WWWWWWWW WWW #WWWWWWW WW WWW WW W WWWWWW WWWWW."
        ]
    },
    "Thread and Needle": {
        "NAME": "WWWWWW WWW WWWWWW",
        "FLAVOR": "WWWWWWWW WWW WWWWWWW WWWWWW WWWWWW WWWW WWWWW WWW WWWW WWWWWW WW WWW WWWWW.",
        "DESCRIPTIONS": [
            "WW WWW WWWWW WW WWWW WWWWWWW WWWW #W",
            " #WWWWWWW #WWWWWW."
        ]
    },
    "Tingsha": {
        "NAME": "WWWWWWW",
        "FLAVOR": "WWW WWWWW WWWW WWWWWWWWWW WWWWWWWWW WWWWW WW WW WWWWWWW WW WWWWWWWWWWWWW WW WWWWWWW WWWWWW WW WWWWWW.",
        "DESCRIPTIONS": [
            "WWWWWWWW WWW WWWWWWW W WWWW WWWWWW WWWW WWWWW WWWW #W",
            " WWWWWW WW W WWWWWW WWWWW WWW WWWW WWWW WWWWWWWWW."
        ]
    },
    "Tiny Chest": {
        "NAME": "WWWW WWWWW",
        "FLAVOR": "\"W WWWW WWWWWWWWW.\" - WWW WWWWWWWWW",
        "DESCRIPTIONS": [
            "WWWW #W",
            " #WWWWW. WWW WWW #WWW% WWWW WWWWWW WW WWWW WWWWWWWW WW ? WWWWW.",
            "WWW WWW #WWW% WWWW WWWWWW WW WWWW WWWWWWWW WW ? WWWWW."
        ]
    },
    "Tiny House": {
        "NAME": "WWWW WWWWW",
        "FLAVOR": "\"W WWWW WWWWWWW WWWWWWWWWWWWWW WW WWWWWWWWWWWWWWW. WW WWWWWW WWWW WW WWWWW WWW WWWWW WWW WWWWWWWW.\" - WWW WWWWWWWWW",
        "DESCRIPTIONS": [
            "WWWWWW #WW WWWWWW. WW WWWW #W",
            " #WWWWW. WW WWWWW WWWW WWW WW WW #W",
            ". WW WWWWWW #WW WWWW.",
            "WWWW WWWWW!"
        ]
    },
    "Toolbox": {
        "NAME": "WWWWWWW",
        "FLAVOR": "W WWWW WWW WWWWW WWW.",
        "DESCRIPTIONS": [
            "WW WWW WWWWW WW WWWW WWWWWWW WWW W WWWWWW WWWWWWWWW WWWW WW WWWW WWWW."
        ]
    },
    "Torii": {
        "NAME": "WWWWW",
        "FLAVOR": "WWWWWWW WWW WWWWW WWWWWW WWW WWWW W WWWWW WW WWWW WWW WWWWWW WWWWW WWWWWWW WWWW WWWW.",
        "DESCRIPTIONS": [
            "WWWWWWWW WWW WWWWW WWWWWWW #W",
            " WW WWWW WWWWWWWWW #WWWWWWW WWWWWWW WWWWWW WW WW #WW."
        ]
    },
    "Tough Bandages": {
        "NAME": "WWWWW WWWWWWWW",
        "FLAVOR": "WWWW WWWWW WWWWWWWW.",
        "DESCRIPTIONS": [
            "WWWWWWWW WWW WWWWWWW W WWWW WWWWWW WWWW WWWWW WWWW #W",
            " #WWWWWW."
        ]
    },
    "Toxic Egg": {
        "NAME": "WWWWW WWW",
        "FLAVOR": "\"WWWW W WWWWWWWWW WWWWWWWWW! WWWW WWWWWWW WW WW WWW WWWWW WWW WW WWWW WWWWWWW WWWWWWWW. WWW WW WWWW WWWWWWW WWWW?\" - WWWWWW",
        "DESCRIPTIONS": [
            "WWWW WWWW WWW WWWWWW WWW #WWWWWWWW W #WWWWWW.",
            "WWWWWW W WWWW WWW "
        ]
    },
    "Toy Ornithopter": {
        "NAME": "WWW WWWWWWWWWWW",
        "FLAVOR": "\"WWWW WWWWWW WWW WW WWW WWWWWWW WWWWWWWWW WWW WWW WWWW WWWWWWWWWW!\"",
        "DESCRIPTIONS": [
            "WWWWWWWW WWW WWW W WWWWWWW WWWW #W",
            " WW."
        ]
    },
    "Unceasing Top": {
        "NAME": "WWWWWWWWW WWW",
        "FLAVOR": "WWW WWW WWWWWWWWW WW WWWW WWWWWWWWWWWW WW WW WWW WWWW WW W WWWWW.",
        "DESCRIPTIONS": [
            "WWWWWWWW WWW WWWW WW WWWWW WW WWWWW WWWW W WWWW."
        ]
    },
    "Vajra": {
        "NAME": "WWWWW",
        "FLAVOR": "W WWWWWWWWWW WWWWW WWWWW WW WWWWWWWW WWWWWWWWWW WWWWW WW WWWWWW.",
        "DESCRIPTIONS": [
            "WW WWW WWWWW WW WWWW WWWWWWW WWWW #W",
            " #WWWWWWWWW."
        ]
    },
    "Velvet Choker": {
        "NAME": "WWWWWW WWWWWW",
        "FLAVOR": "\"WWWWWWW WWWWWW WWW WWW WWWWWWW.\" - WWWWWW WWW WWWWW",
        "DESCRIPTIONS": [
            "WWW WWWWWW WWWW WWWW WWWW #W",
            " WWWWW WWW WWWW.",
            "WWWW [W] WW WWW WWWWW WW WWWW WWWW. ",
            "W WWW WWWW WWWW WW WW WW #W"
        ]
    },
    "Lee's Waffle": {
        "NAME": "WWW'W WWWWWW",
        "FLAVOR": "\"WWWWWWWW WWWWW WWW WWWW WWWW WW WWW WWW WWWWW! WWWWW WWWWW WWWW WWW WWW.\"",
        "DESCRIPTIONS": [
            "WWWWW WWWW WWW WW WW #W",
            " WWW WWWW WWW WW WWWW WW."
        ]
    },
    "Whetstone": {
        "NAME": "WWWWWWWWW",
        "FLAVOR": "\"WWWWW WWWWW WWWWW WWWWW.\" - WWWWWW WWW WWWWW",
        "DESCRIPTIONS": [
            "WWWW WWWW WWW #WWWWWWWW #W",
            " WWWWWW #WWWWWWWW."
        ]
    },
    "Derp Rock": {
        "NAME": "WWWW WWWW",
        "FLAVOR": "WWWWWWWWWWW",
        "DESCRIPTIONS": [
            "WW WWW WWWWW WW WWWW WWWWW WWWW #W",
            " WWWWWW. WW (WWWWWW WW WWWWWWW WW WWWWWWWWWWW.)"
        ]
    },
    "White Beast Statue": {
        "NAME": "WWWWW WWWWW WWWWWW",
        "FLAVOR": "W WWWWW WWWWW WWWWWW WW W WWWWWWWW WWW WWWW WWWWW WWWW WWWWWW.",
        "DESCRIPTIONS": [
            "WWWWWWW WWWWWW WWWW WWWWW WWWWWW."
        ]
    }
}
