{
  "AchievementGrid": {
    "NAMES": [
      "聳肩無視",
      "純淨",
      "來打我啊",
      "契約",
      "腎上腺素",
      "強大",
      "嗑藥",
      "巋然不動",
      "銅牆鐵壁",
      "催化劑",
      "瘟疫",
      "忍者",
      "無限",
      "弱者為何要戰鬥",
      "完美",
      "守護者",
      "亡魂",
      "老大",
      "機械人偶",
      "收藏家",
      "第一勇士",
      "烏鴉",
      "形狀",
      "時間吞噬者",
      "紅寶石",
      "綠寶石",
      "隱藏",
      "誰會需要遺物？",
      "快速攀爬者",
      "進階0",
      "進階10",
      "極簡主義者",
      "哦！甜甜圈！",
      "藍寶石",
      "平常心",
      "集中",
      "霓虹",
      "能量何用",
      "今天是個好日子",
      "倏忽即逝",
      "進階20",
      "紅寶石+",
      "綠寶石+",
      "藍寶石+",
      "終結？",
      "永存者",
      "紫水晶",
      "紫水晶+"
    ],
    "TEXT": [
      "在只剩1點生命的情況下贏得一場戰鬥",
      "手牌、抽牌堆、棄牌堆總計牌數小於等於3張",
      "不出攻擊牌贏得一場戰鬥",
      "在一場戰鬥中消耗20張牌",
      "在一個回合中擁有9點能量",
      "在戰鬥中擁有10項或以上強化效果",
      "在戰鬥中擁有50點或以上力量",
      "在戰鬥中擁有99點或以上格擋",
      "在戰鬥中擁有999格擋",
      "在單個敵人身上施加99層或以上中毒",
      "在一場戰鬥中以中毒效果打敗3名敵人",
      "在一回合中打出10張小刀",
      "在一回合中打出25張牌",
      "在第一回合打敗一名首領",
      "不受任何傷害打敗一名首領",
      "打敗守護者",
      "打敗六火亡魂",
      "打敗史萊姆老大",
      "打敗銅製機械人偶",
      "打敗收藏家",
      "打敗第一勇士",
      "打敗覺醒者",
      "打敗甜圈和八體",
      "打敗時間吞噬者",
      "用鐵衛士打通遊戲",
      "用寂靜獵手打通遊戲",
      "這個成就的細節在被解鎖時才會出現",
      "以一個遺物打通遊戲",
      "在20分鐘內打通遊戲",
      "解鎖進階模式",
      "通關進階模式10",
      "以5張以下的牌組打通遊戲",
      "用狂宴擊殺甜圈",
      "用故障機器人打通遊戲",
      "以所有牌都是普通稀有度的牌組打通遊戲",
      "在戰鬥中擁有25點或以上集中",
      "在一回合內生成9個電漿充能球",
      "在一回合內打出10張或更多耗能為0的牌",
      "在一次每日挑戰模式中獲得勝利",
      "在倏忽魔消逝之前將其擊敗",
      "通關進階模式20",
      "用鐵衛士通關「終局」",
      "用寂靜獵手通關「終局」",
      "用故障機器人通關「終局」",
      "用鐵衛士、寂靜獵手和故障機器人通關「終局」",
      "獲得其他所有成就",
      "用觀者打通遊戲",
      "用觀者通關「終局」"
    ]
  },
  "CharStat": {
    "NAMES": [],
    "TEXT": [
      "總遊戲時間： ",
      "總勝利場數： #y",
      "總死亡場數： #y",
      "總攀爬樓層數： #y",
      "總首領擊殺數： #y",
      "總敵人擊殺數： #y",
      "總餵過的水晶數： #y",
      "卡牌發現數量： #y",
      "卡牌解鎖數量： #y",
      "遺物發現數量： #y",
      "遺物解鎖數量： #y",
      "最高層數： #y",
      "最高每日： #y",
      "最快勝利： ",
      "打敗了 ",
      ": #g是 NL ",
      ": #r否 NL ",
      "勝利場數： #y",
      "死亡場數： #y",
      "攀爬樓層數： #y",
      "首領擊殺數： #y",
      "敵人擊殺數： #y",
      "最高連勝次數： #y",
      "最高分數： #y",
      "%02d:%02d:%02d",
      "%02d:%02d",
      "#y%02d時 #y%02d分 #y%02d秒",
      "#y%02d分 #y%02d秒",
      "%01d:%02d:%02d"
    ]
  },
  "StatsScreen": {
    "NAMES": [
      "#y總體統計",
      "#y成就",
      "#r鐵衛士",
      "#g寂靜獵手",
      "#b故障機器人",
      "#p觀者"
    ],
    "TEXT": [
      "返回"
    ]
  },
  "PS4Trophy": {
    "NAMES": [
      "永垂不朽"
    ],
    "TEXT": [
      "收集到所有獎盃"
    ]
  }
}