{
  "Accursed": {
    "DESCRIPTION": [
      "Сваки пут када поразиш вожда, добијаш следећи број насумичних #yклетви: #b",
      ".",
      ""
    ],
    "NAME": "Проклет"
  },
  "BlightedDurian": {
    "DESCRIPTION": [
      "Изгуби #b",
      "% својих макс. ж. п."
    ],
    "NAME": "Изопачени дуријан"
  },
  "DeadlyEnemies": {
    "DESCRIPTION": [
      "Непријатељи задају #b",
      "% више штете."
    ],
    "NAME": "Копље Буђи"
  },
  "FullBelly": {
    "DESCRIPTION": [
      "Више не можеш да повећаш своје макс. ж. п. Сво лечење је упола делотворно."
    ],
    "NAME": "Брњица"
  },
  "GraspOfShadows": {
    "DESCRIPTION": [
      "Непријатељи почињу са следећим бројем #yнедодирљивости: #b",
      "."
    ],
    "NAME": "Авети"
  },
  "GrotesqueTrophy": {
    "DESCRIPTION": [
      "По узимању, добијаш #b",
      " #rПоноса.",
      "Твој понос се изопачује..."
    ],
    "NAME": "Гротескни трофеј"
  },
  "MetallicRebirth": {
    "DESCRIPTION": [
      "Непријатељи почињу са: #yзаштитом - #b",
      ", #yопточеним #yоклопом - #b",
      ", и #yлечењем - #b",
      "."
    ],
    "NAME": "Древна побољшања"
  },
  "MimicInfestation": {
    "DESCRIPTION": [
      "У будућим чиновима, ризнице су замењене челницима. Челници више не испуштају реликвије."
    ],
    "NAME": "Инфестација подражавача"
  },
  "Scatterbrain": {
    "DESCRIPTION": [
      "Вуци мање карата по потезу: #b",
      " .",
      ""
    ],
    "NAME": "Пошандрцао"
  },
  "TimeMaze": {
    "DESCRIPTION": [
      "Можеш да одиграш само одређен број карата по потезу: #b",
      ".",
      "Могу да одиграм само још следећи број карата: NL #r"
    ],
    "NAME": "Временски лавиринт"
  },
  "ToughEnemies": {
    "DESCRIPTION": [
      "Непријатељи имају #b",
      "% више ж. п."
    ],
    "NAME": "Штит Буђи"
  },
  "TwistingMind": {
    "DESCRIPTION": [
      "На крају свог потеза, додај број насумичних стања на врх гомиле за вучење: #b",
      ".",
      ""
    ],
    "NAME": "Оболео ум"
  },
  "VoidEssence": {
    "DESCRIPTION": [
      "Задоби #b",
      " мање [E] на почетку сваког потеза."
    ],
    "NAME": "Суштина ништавила"
  }
}