{
  "Crowbot": {
    "NAMES": [
      "Crowbot"
    ],
    "TEXT": [
      "BEEP BOOP"
    ]
  },
  "Defect": {
    "NAMES": [
      "Промашај"
    ],
    "TEXT": [
      "Борбени аутоматон који је постао свестан. NL Древна технологија му дозвољава да манипулише сферама."
    ]
  },
  "Ironclad": {
    "NAMES": [
      "Железни"
    ],
    "TEXT": [
      "Једини преостали витез из одреда Железних. NL Трампио душу за ђавоље моћи."
    ]
  },
  "Merchant": {
    "NAMES": [
      "Настави",
      "~Добар~ ~дан!~"
    ],
    "OPTIONS": [
      "Како сам дошао овде? NL Немам благе.",
      "Последња шанса да купиш неш'! NL ~*намиг*~ ~*намиг*~",
      "..... NL .... NL .........",
      "Волим мачке.",
      "Без журбе. NL Без журбе.",
      "Е није ли ово @узбудљиво!?@",
      "И ја сам некад био као ти.",
      "Идеш горе?"
    ],
    "TEXT": [
      "Ћао! NL Купи нешто! NL Купи купи купи!",
      "Свиђа ми се твоја фризура",
      "Имаш ли мало времена?",
      "Јел више волиш куце или маце?",
      "Изгледаш ~опасно,~ NL хехе...",
      "Полако, без журбе... NL ..... NL ... или са",
      "Јел ти се свиђа овај тепих? NL Није на продају",
      "Подржи мале предузетнике!",
      "Маске су кул, први бих знао!",
      "Хмм... NL ...хмм... NL O!",
      "Седи и подивани!",
      "Опасно је лутати сам! Повери ми сво своје злато!",
      "Купи неш'",
      "~*ЗЕВ*~",
      "Волим злато.",
      "Моја омиљена боја је плава. NL Твоја?"
    ]
  },
  "Neow Event": {
    "NAMES": [
      "Њова"
    ],
    "OPTIONS": [
      "[Настави]",
      "[Разговарај]",
      "[Прескочи]",
      "[Пођи]",
      "Изабери 10 карата које ћеш додати у шпил."
    ],
    "TEXT": [
      "~Поздрав...~ NL ~Ја..~ ~сам~ ~Њова...~",
      "~Здраво...~ NL ~Поново..~",
      "~Поздрав...~",
      "~Још~ ~један~ NL ~покушај...?~",
      "~Стигни~ ~до~ ~вожда...~ NL ~ако~ ~желиш~ ~још..~ ~благослова...~",
      "~За~ ~почетак...~ NL ~се~ ~барем~ ~суочи..~ NL ~са~ ~првим~ ~вождом...~",
      "~Ја~ ~те~ ~вратих...~",
      "~Бирај...~",
      "~Подато...~",
      "~Ризик...~ NL ~..награда....~",
      "~Време~ ~је~ ~за~ NL ~ИЗАЗОВ...~",
      "Награде",
      "~Хајмо~ ~да~ ~наставимо...~",
      "~Само~ ~постаје~ ~теже...~",
      "~Импресивно...~ ~још...~",
      "Уклет!",
      "Пошандрцао!",
      "Преображење!"
    ]
  },
  "Neow Reward": {
    "NAMES": [],
    "TEXT": [
      "[ #gИзабери #gкарту ]",
      "[ #gЗадоби #gнасумичну #gретку #gкарту ]",
      "[ #gУклони #gкарту ]",
      "[ #gПобољшај #gкарту ]",
      "[ #gПреобрази #gкарту ]",
      "[ #gЗадоби #gтри #gнасумична #gнапитка ]",
      "[ #gЗадоби #gнасумичну #gобичну #gреликвију ]",
      "[ #gМакс. #gж. #gп. #g+",
      "[ #gЗадоби #g",
      " #gзлата ]",
      "#gУклони #gдве #gкарте ]",
      "#gЗадоби #gнасумичну #gретку #gреликвију ]",
      "#gИзабери #gретку #gкарту ]",
      "#gЗадоби #g",
      " #gзлата ]",
      "#gПреобрази #gдве #gкарте ]",
      "#gМакс. #gж. #gп. #g+",
      "[ #rЖртвуј #r",
      " #rмакс. #rж. #rп. ",
      "[ #rОдбаци #rсво #rзлато ",
      "[ #rПостани #rуклет ",
      "[ #rПрими #r",
      "Изабери карту",
      "Уклони карту",
      "Уклони две карте",
      "Преобрази карту",
      "Преобрази две карте",
      "Побољшај карту",
      "[ #gНепријатељи #gу #gследеће #gтри #gборбе #gимају #gпо #gједан #gж. #gп. ]",
      " #rштете",
      "[ #gОдабери #gбезбојну #gкарту #gкоју #gћеш #gда #gзадобијеш ]",
      "#gОдабери #gретку #gбезбојну #gкарту #gкоју #gћеш #gда #gзадобијеш ]"
    ],
    "UNIQUE_REWARDS": [
      "[ #rОдбаци #rпочетну #rреликвију #gЗадоби #gнасумичну #gвождовску #gреликвију ]"
    ]
  },
  "PostCreditsNeow": {
    "NAMES": [],
    "TEXT": [
      "Сад... шта..? NL ..је ли... учињено....?",
      "...Торањ спава.....",
      "..и тако...... ћу... NL ....и ја......"
    ]
  },
  "Shop Screen": {
    "NAMES": [
      "~Здраво~ NL ~здраво!~",
      "'Ајде сад, NL треба ти NL још #rзлата.",
      "'Еј другар, немаш довољно #rновца!",
      "Шворц?",
      "Нем'ш довољно #rзлата.",
      "То не можеш да приуштиш.",
      "Овде не донирамо.",
      "~Хваааала~",
      "Још једна продаја... NL хохохо! NL Звец - @ЗВЕЦ!@",
      "@ПРОДАТО!@",
      "Нема повраћаја.",
      "Пријатан дан.",
      "Пођи",
      "Уклони карту из шпила."
    ],
    "TEXT": [
      "Ћао! NL Купи нешто! NL Купи купи купи!",
      "Свиђа ми се твоја фризура",
      "Имаш ли мало времена?",
      "Јел више волиш куце или маце?",
      "Изгледаш ~опасно,~ NL хехе...",
      "Полако, без журбе... NL ..... NL ... или са",
      "Јел ти се свиђа овај тепих? NL Није на продају",
      "Подржи мале предузетнике!",
      "Маске су кул, први бих знао!",
      "Да ниси видео мог курира?",
      "Подивани и послушај!",
      "Опасно је лутати сам! Повери ми сво своје злато!",
      "Купи неш'",
      "~*ЗЕВ*~",
      "Волим злато.",
      "Моја омиљена боја је плава. NL Твоја?"
    ]
  },
  "Silent": {
    "NAMES": [
      "Нема"
    ],
    "TEXT": [
      "Смртоносни ловац из маглом опасаних земаља. NL Непријатеље истребљује бодежима и отровом."
    ]
  },
  "Watcher": {
    "NAMES": [
      "Будна"
    ],
    "TEXT": [
      "Слепи аскета. Дошла је да \"процени\" Торањ. NL Мајстор божанских ставова."
    ]
  }
}