{
  "ANIMATION": {
    "HEADER": "Анимација ликова",
    "NAMES": [
      "Julio Duque Montero",
      "Jon Sandler"
    ]
  },
  "DEV": {
    "HEADER": "Развој & дизајн",
    "NAMES": [
      "Anthony Giovannetti",
      "Casey Yano"
    ]
  },
  "ILLUSTRATION": {
    "HEADER": "Промо & позадинска илустрација",
    "NAMES": [
      "Bruce Brenneise"
    ]
  },
  "KAKEHASHI": {
    "HEADER": "Kakehashi Games",
    "NAMES": [
      "Kakehashi Games (званичан превод):",
      "Подршка за јапанско издаваштво:  Kakehashi Games",
      "Јапански превод:  Rie Ihara"
    ]
  },
  "LOC_ADDITIONAL": {
    "HEADER": "Остали преводи",
    "NAMES": [
      "MoGi Group"
    ]
  },
  "LOC_CAT": {
    "HEADER": "Каталонски превод",
    "NAMES": []
  },
  "LOC_DEU": {
    "HEADER": "Немачки превод",
    "NAMES": [
      "Joshua \"Joshipon\" Wiegand",
      "Dustin \"Skrelpoid\" Kristen",
      "Christoph \"Deknud\" Hartmann",
      "Jonas Trodler",
      "Hongkong Koma",
      "Moly",
      "koykoy13",
      "Magnus Upmann"
    ]
  },
  "LOC_DUT": {
    "HEADER": "Холандски превод",
    "NAMES": [
      "Gremlin Leader:",
      "Jelle Steinmann \"NotADitto\"",
      "Gremlin Nob:",
      "Charlie \"Alcus\" Ye",
      "Gremlins:",
      "Oscar Cousin",
      "\"Meriscan\"",
      "Lise Leitner",
      "Joris \"Mort\" Bogers"
    ]
  },
  "LOC_EPO": {
    "HEADER": "Есперанто превод",
    "NAMES": [
      "Vincent \"Babelismoj\" Oostelbos",
      "Spencer van der Meulen"
    ]
  },
  "LOC_FIN": {
    "HEADER": "Фински превод",
    "NAMES": [
      "jahasjahas",
      "Juhana Uuttu",
      "Murasaki#6571",
      "Zalminen"
    ]
  },
  "LOC_FRA": {
    "HEADER": "Француски превод",
    "NAMES": [
      "Xavier \"Blagatt\" Dupont",
      "Malik \"Devexia\" Leonarski",
      "Thomas \"Elgerine\" Ferry",
      "Vincent \"Hénip\" Barthoux",
      "Alexandre \"Judgy\" Gaubert",
      "Vincent \"MissingNoShiny\" Larcin",
      "Julien \"RoPeTTe\" Ropero",
      "Boby \"Tagada\" Vurpillot",
      "Corentin \"Tchus\" Monfort",
      "Zachary \"WyvernZed\" Janisse",
      "Zachary \"WyvernZed\" Janisse"
    ]
  },
  "LOC_GRE": {
    "HEADER": "Грчки превод",
    "NAMES": [
      "Kotsos \"Iglor\" Diamond"
    ]
  },
  "LOC_IND": {
    "HEADER": "Индонежански превод",
    "NAMES": [
      "Aditya \"RiSQ.\" Arifin",
      "Daryan \"Samus\" Ramadhany",
      "Haveiszal \"Szaal\" Faroqie",
      "Jason Julian"
    ]
  },
  "LOC_ITA": {
    "HEADER": "Италијански превод",
    "NAMES": [
      "Jade \"HobNob\" Stevanovic",
      "Mero Marco",
      "Luigi Squarzina",
      "Испитивач:",
      "Mattylink Heropon"
    ]
  },
  "LOC_JPN": {
    "HEADER": "Јапански превод",
    "NAMES": [
      "Grezzz (Community Translation)",
      "Kakehashi Games (Official Translation)"
    ]
  },
  "LOC_KOR": {
    "HEADER": "Корејски превод",
    "NAMES": [
      "Превод и координација:",
      "Eteriny",
      "Fissh",
      "GyeRyak",
      "Превод:",
      "Simcoding",
      "DesFrog",
      "insight",
      "K4lium",
      "hina",
      "Vekan",
      "Фонт:",
      "У игри: GyeonggiCheonnyeon(Batang) by Gyeonggi-Do",
      "На тржници: NanumBrush, NanumPen by NAVER Corporation"
    ]
  },
  "LOC_NOR": {
    "HEADER": "Норвешки превод",
    "NAMES": [
      "Eystein Jarp"
    ]
  },
  "LOC_POL": {
    "HEADER": "Пољски превод",
    "NAMES": [
      "Превод и руководство:",
      "Stanisław \"ST4H\" Borkowski",
      "Oskar \"volf3n\" Nowak",
      "Додатно превођење:",
      "Adrian \"xeros\" Rolka",
      "Marek \"Skorpionex\" Mazur",
      "Foreigner",
      "Лектурисање:",
      "Oskar \"volf3n\" Nowak",
      "Предлози и повратне информације:",
      "Kasper \"Awokado\" Berc",
      "Paweł \"BASTIL\" Kaleta",
      "Grzegorz \"GregPL\" Bogusławski",
      "Erwin \"mateusz3010\" Matys",
      "Mettie",
      "Rafał \"SponTon83\" Szyszko"
    ]
  },
  "LOC_PTB": {
    "HEADER": "Бразилски португалски превод",
    "NAMES": [
      "Guilherme \"GPerego\" Perego",
      "Gustavo \"KomKlave\" Duarte",
      "José \"Maneimax\" Vasconcelos",
      "Leonardo \"Iikat\" Takii",
      "Nathan \"NoxShadow\" Cervieri",
      "Paulo \"SilverTape\" Hauck"
    ]
  },
  "LOC_RUS": {
    "HEADER": "Руски превод",
    "NAMES": [
      "Превод:",
      "Ivan \"Ingrett\" Khoroshunenko",
      "Vladislav \"Vlad-00003\" Bolshakov",
      "Dmitry \"Regallion\" Zhiryakov",
      "Додатан превод:",
      "Dmitry \"Gentle Giant\" Gitsman",
      "Neprim",
      "Mikhail \"Outmind\" Dyuzhev",
      "Bohdan \"DarkRosse\" Kalytiuk",
      "Sergey \"lol10801lol\" K.",
      "Ascimator",
      "Kateryna \"Meds\" Belimenko-Bolger",
      "Alexey \"Surrealistic Ganerson\" Popov",
      "Alexandr \"LiaNdrY\" Mazistov",
      "Превод тржничких слика:",
      "Urist McFerrum"
    ]
  },
  "LOC_SPA": {
    "HEADER": "Шпански превод",
    "NAMES": [
      "Превод и руководство:",
      "Juanjo \"ajuanjojjj\" Martinez",
      "Превод:",
      "Erick Marroquin",
      "Accord",
      "Xavier \"xabad98\" Abad Salinas",
      "Sergio \"Skiddome\" Malagón",
      "Pedro J. \"PJJLegend\" Jiménez Moyano",
      "Rodrigo \"skylex\" Zabattaro",
      "Alberto \"RadeonThe1st\" Botana",
      "Spooktacular",
      "Граматика и помоћ:",
      "Joaquín \"Pip1n\" López",
      "Xavier Castañer",
      "Summer",
      "Eipic",
      "Eipic"
    ]
  },
  "LOC_SRB": {
    "HEADER": "Српски превод",
    "NAMES": [
      "Никола \"hauzer\" Вукосављевић"
    ]
  },
  "LOC_THA": {
    "HEADER": "Тајландски превод",
    "NAMES": [
      "Превод и руководство:",
      "Noppon Varapaiboon (PlearnGaming)",
      "Додатан превод:",
      "Rapeepat Suwan (Yuu)",
      "Sarawut Suwan (Tomoeic)",
      "Фонтови:",
      "CSChatThaiUI by raveetavan@gmail.com",
      "Layiji MaHaNiYom by layiji@gmail.com"
    ]
  },
  "LOC_TUR": {
    "HEADER": "Турски превод",
    "NAMES": [
      "Превод и координација:",
      "Ertürk Yılmaz",
      "Превод:",
      "Erdem Gürbüz",
      "Ege \"sLanKy\" Güçkıran",
      "\"onparalelkenarag\"",
      "Berkan Çalıkoğlu"
    ]
  },
  "LOC_UKR": {
    "HEADER": "Украјински превод",
    "NAMES": [
      "Превод и руководство:",
      "Vladyslav \"DarkXylese\" Kashtelyanov",
      "Исправке и превод:",
      "Vasyl \"RDSk\" Mykhaliuk",
      "Artem \"Crazytosik\" Zemlianyi",
      "Dariia \"Dariianity\" Porechna"
    ]
  },
  "LOC_VIE": {
    "HEADER": "Вијетнамски превод",
    "NAMES": [
      "MercTrans преводилачки тим",
      "Превод:",
      "Dinh Long Hoang (donkrieg1011)",
      "Dinh Hoang Nguyen (clesta)",
      "Координација и лингвистички тим:",
      "Hoang Son Do",
      "Посебна захвалност:",
      "Azy Tazer"
    ]
  },
  "LOC_ZHS": {
    "HEADER": "Кинески (поједностављен) превод",
    "NAMES": [
      "Sound of Mystery",
      "IrisRaphael"
    ]
  },
  "LOC_ZHT": {
    "HEADER": "Кинески (традиционалан) превод",
    "NAMES": [
      "professor",
      "bowans",
      "Angryfox"
    ]
  },
  "OPS": {
    "HEADER": "Операције & метрика",
    "NAMES": [
      "Danielle Jenkins",
      "Jake Rabinowitz"
    ]
  },
  "PORTING": {
    "HEADER": "Пребацивање на конзоле и мобилне",
    "NAMES": [
      "Sickhead Games, LLC"
    ]
  },
  "PORTRAITS": {
    "HEADER": "Визуелни дизајн карата & догађаја",
    "NAMES": [
      "Anailis Dorta"
    ]
  },
  "PUBLISHING": {
    "HEADER": "Humble Bundle",
    "NAMES": [
      "GM:  Alan Patmore",
      "CBO:  Steven Kovensky",
      "VP, Business Development:  Eduardo Aparicio",
      "Publishing Manager:  John Polson",
      "Publishing Release Manager: Evan Koepf",
      "Publishing Brand Manager:  Connor Bridgeman",
      "Business Development Director, Publishing:  Mai Kawaguchi",
      "Senior Business Developer:  Thomas Glenn",
      "Senior Business Developer:  Bob Mills",
      "Business Developer:  Trisha Tabor",
      "Business Developer:  Angel Lyons-Labate",
      "Store Director:  Paul Herron",
      "Director of Finance:  Eric Samuel",
      "VP of Product:  Nate Muller",
      "Director of Marketing:  Jeremie Vella",
      "Marketing Manager:  Whitney Stutes",
      "Marketing Growth Manager:  Francois du Toit",
      "Ninja Support:  Jimmy Chi",
      "Ninja Support:  Kasey Brounkowski",
      "Ninja Support:  Kayla Fyfe",
      "Ninja Support:  Patrick Monahan"
    ]
  },
  "SOUND": {
    "HEADER": "Музика & звук",
    "NAMES": [
      "Clark Aboud"
    ]
  },
  "SPECIAL": {
    "HEADER": "Посебна захвалност",
    "NAMES": [
      "Harry Rabinowitz",
      "Kevin \"Billy\" Matheson",
      "Anthony Roybal",
      "Lee Beckman",
      "Sam Welch",
      "feedbackbot",
      "Evan Howell",
      "Justin Myhres",
      "robojumper",
      "Tony \"kiooeht\" Moore",
      "John Vega",
      "Steve Groll",
      "Sara Popescu",
      "Ryan Hamann"
    ]
  },
  "TEST": {
    "HEADER": "Испитивачи",
    "NAMES": [
      "Agari",
      "Daria Anderson",
      "Zac Bauermeister",
      "Nick Becker",
      "Esther Beckman",
      "Leo Chen",
      "Brian Chau",
      "Dan D'Argenio",
      "David Delorenzo",
      "Tim Erskine",
      "Benjamin Finkel",
      "Rajiv Giridharagopal",
      "Wyatt Grodzins",
      "Ren Howell",
      "Kyle James",
      "Ryan Mathisen",
      "Anthony McMillian",
      "Brad Meine",
      "Jade Wesley",
      "Alex Rockwell",
      "Greg Scheopner",
      "John \"Slide20xl\" Smith",
      "Aaron Taggart",
      "Alexander Toy",
      "Merijn van der Vliet",
      "David Von Derau",
      "Conor Watson",
      "David \"divadus\" Withington",
      "Jason \"Wyrm\" Deng",
      "Jonas \"bigunit3000\" Wilson",
      "TBytemaster"
    ]
  },
  "THANKS_MSG": {
    "HEADER": "...и хвала ТЕБИ што играш!",
    "NAMES": []
  },
  "VOICE": {
    "HEADER": "Гласовна глума",
    "NAMES": [
      "Tamara Ryan",
      "Michael Schwalbe"
    ]
  }
}