{
  "Accursed Blacksmith": {
    "DESCRIPTIONS": [
      "Увлачиш се у малу колибу. Унутра, наилазиш на некакву ковачницу. Све алатке су покривене прашином, па ипак у самом огњу ватра живо пламти. Живци ти се поигравају...",
      "Одлучујеш да искористиш ковачницу не би ли... NL #y@ДЕНГ@ #y@ДЕЕЕЕНГ@ #y@ДЕНГ!@ NL ...побољшао свој арсенал!",
      "Одлучујеш да видиш можеш ли наћи нешто. Након тражења испод церада, копања по кутијама, и завиркивања у сваки ћошак и иза сваког угла, налазиш прашњаву #y~реликвију!~ ",
      "Док приводиш ствари крају, пламенови из огња скоче на тебе, #r@прљећи@ #r@и@ #r@ружећи@ твоје руке..",
      "NL NL Узимајући реликвију, никако не можеш да одагнаш нагли осећај #r~оштрог~ #r~бола~ док излазиш из страћаре. Можда си узнемирио некаквог духа?",
      "Чини се да нема ничега од користи. Полазиш путем којим си дошао, док огањ ковачнице баца #p~језиве~ #p~сенке~ на зидове унутар страћаре..."
    ],
    "NAME": "Злослутна ковачница",
    "OPTIONS": [
      "[Искуј] #gПобољшај #gкарту #gиз #gшпила.",
      "[Претражи] #gНађи #gреликвију. #rПостани #rуклет #r- #rБол.",
      "[Пођи]",
      "Изабери карту коју хоћеш да побољшаш",
      "[Закључано] Захтева: карте које се могу побољшати"
    ]
  },
  "Addict": {
    "DESCRIPTIONS": [
      "Шуњајући се поред групе заоденутих фигура, један од њих ти приђе. NL \"Имаш ли нешто за мене, другар? Молим те... можда који #yновчић?\" NL \"Само ми треба кров над главом, имам неке стварчице које бих могао да трампим...\" NL Изгледа погубљено, али безопасно.",
      "\"О да, ~да!~ Ево ево, фер трампа!\"",
      "Грабиш једну фину #yреликвију из његових шапа и просто настављаш даље. NL Од позади чујеш, NL \"Немаш ли срама? ~НЕМАШ~ ~ЛИ~ ~СРАААААМА?!\"~ NL Ипак осећаш нешто #pсрама."
    ],
    "NAME": "Молећа скитница",
    "OPTIONS": [
      "[Дај му злато] #y",
      " #yзлата: #gЗадоби #gреликвију.",
      "[Закључано] Захтева: ",
      " злата.",
      "[Опљачкај] #gЗадоби #gреликвију. #rПостани #rуклет #r- #rСрам. ",
      "[Пођи]",
      "",
      ""
    ]
  },
  "Back to Basics": {
    "DESCRIPTIONS": [
      "Пењући се кроз град, примећујеш зид прекривен записима #y~Древних.~ Неко време разбијаш главу око значења загонетних симбола и знакова. Записи почињу да #b~светле.~ NL Наједаред, порука је сасвим јасна...",
      "Одговор је елеганција. NL Разуме се.",
      "Истина је увек једноставна."
    ],
    "NAME": "Древни запис",
    "OPTIONS": [
      "[Елеганција] #gУклони #gкарту #gиз #gшпила.",
      "[Једноставност] #gПобољшај #gсве #gУдарце #gи #gОдбране.",
      "Изабери карту које хоћеш да уклониш.",
      "[Пођи]"
    ]
  },
  "Beggar": {
    "DESCRIPTIONS": [
      "Наилазиш на старог просјака огрнутог у крзно. Пружа руке ка теби. \"Издвоји који новчић, дете?\"",
      "Просјак гледа у под док пролазиш поред њега. NL \"Никад ништа нећеш променити... Никад ни не промениш.\"",
      "Просјак, скинувши свој огртач, отрије да је он заправо #bПопа! NL @\"Ти@ @племенита@ @душа.@ @Прими@ @моје@ @прочишћење!\"@ он урличе. NL Ниси сигуран да ли је захвалан или луд.",
      "@\"Надам@ @се@ @да@ @ћеш@ @овај@ @пут@ @проћи@ @боље,@ @другар!\"@ он виче. NL Запиташ се шта је тиме хтео да каже док. Идеш даље."
    ],
    "NAME": "Стари просјак",
    "OPTIONS": [
      "[Дај му злато] #y",
      " #yзлата: #gУклони #gкарту #gиз #gшпила.",
      "[Закључано] Захтева: ",
      " злата.",
      "[Настави]",
      "[Пођи]",
      "Изабери карту коју хоћеш да уклониш."
    ]
  },
  "Big Fish": {
    "DESCRIPTIONS": [
      "Идући дугим ходником наилазиш на #yбанану, #yкрофну, и #yкутију који ~лебде~ наоколо. Не... ближим испитивањем схваташ да су завезани струнама које излазе из рупа на плафону. Одозгоре се чује тихо @кикотање@ док прилазиш предметима. NL Шта чиниш?",
      "Поједеш #yбанану. Хранљива је и, чини се, #bзамађијана. Мало те залечи.",
      "Поједеш #yкрофну. Уф, невероватно је добра! Твоји макс. ж. п. су повећани.",
      "",
      "Узимаш кутију. Унутра налазиш #yреликвију!",
      " NL Али, ипак си хтео ту крофну... NL ~Тужан~ си и #rгрижа #rсавести ти не да мира."
    ],
    "NAME": "Велика риба",
    "OPTIONS": [
      "[Банана] #gЗалечи #g",
      " #gж. #gп.",
      "[Крофна] #gМакс. #gж. #gп. #g+",
      ".",
      "[Кутија] #gЗадоби #gреликвију. #rКајеш #rсе.",
      "[Пођи]"
    ]
  },
  "Bonfire Elementals": {
    "DESCRIPTIONS": [
      "Наишао си на групу, чини се, #pљубичастих #pпламених #pвилењака који ~плешу~ око велике ломаче. NL ",
      "Вилењаци бацају мале кости и остатке у ватру, која сваки пут ~сјајно~ ~букне.~ NL Прилазиш им, а сви вилењаци се окрену ка теби, очекујући...",
      "Бациш принос на ломачу. NL NL ",
      "Ипак, вилењаци нису задовољни што си принео #pклетву... Из карте шишти слабашан црни дим. Задобио си... #p~нешто~ заузврат.",
      "Ништа се не деси... NL Чини се да те вилењаци игноришу. Разочаравајуће...",
      "Пламен поста за нијансу светлији. NL Вилењаци настављају са плесом. Осећаш се мало топлије од њиховог присуства.. NL #gЗалечи #bпет ж. п.",
      "Пламен букне, значајно растући! NL Вилењаци узбуђено плешу око тебе, испуњавајући те ~осећајем~ ~топлине.~ NL Потпуно си #gзалечен.",
      "Пламен @прасне,@ скоро те обарајући с ногу, а буктиња се @удвостручи.@ NL Вилењаци узбуђено плешу око тебе, ~стапајући~ ~се~ ~с~ ~твојим~ ~обличјем,~ испуњавајући те топлином и снагом. NL Твоји макс. ж. п. су повећани за #b10 и потпуно си #gзалечен."
    ],
    "NAME": "Пламени вилењаци",
    "OPTIONS": [
      "[Даље]",
      "[Пођи]",
      "[Принеси] Задоби награду на основу приноса.",
      "Изабери карту коју хоћеш да принесеш."
    ]
  },
  "Colosseum": {
    "DESCRIPTIONS": [
      "@Бам!!!@ NL .. NL ...... NL ... NL ~Неко~ ~те~ ~је~ ~онесвестио...~",
      "~Тетураш~ се и глава те @убија.@ Будиш се у центру масивног стадиума са напакованом публиком сачињеном од #bРобовласника, #pКултиста, и других становника Града! NL ",
      " NL Оклопљени гигант са #yзлатном #yкруном ти се риком обраћа одозгоре, NL @\"САДА@ @ЗАПОЧИЊЕМО@ @",
      "TH@. @БОРБУ!!!!\"@ NL На супротном крају се отвара капија...",
      "@\"ВРЛО@ @ДОБРО,@ @СЛАБИЋУ!\"@ NL Гигант подругљиво тапше док театралном гестикулацијом загрева публику. NL #y~Посут~ ~си~ #y~златом~ ~и~ ~конфетима!~ NL @\"ВРЕМЕ@ @ЈЕ@ @ЗА@ @ПРАВИ@ @ИЗАЗОВ!!\"@ NL NL Последња битка је оставила мали процеп у зиду Колосеума. Можеш без проблема да побегнеш док је свима расута пажња. NL Да ли остајеш за следећу борбу?"
    ],
    "NAME": "Колосеум",
    "OPTIONS": [
      "[Даље]",
      "[Бори се]",
      "[КУКАВИЧЛУК] Побегни.",
      "[ПОБЕДА] Моћна борба са много награда."
    ]
  },
  "Cursed Tome": {
    "DESCRIPTIONS": [
      "У напуштеном храму, налазиш џиновску књигу, отворену, испуњену #p@криптичним@ #p@записима.@ NL NL Док покушаваш да протумачиш њено комплексно писмо, оно почиње да се #b~њише~ и #b~мења~ тако да ти постаје разумљиво.",
      "Чудно. Чини се да је књига о #yДревној по имену #yЊова. NL NL Ово те интересује, али те спопада неодређени осећај #p~слабости.~",
      "Древна Васкрсавања, #yЊова, је била протерана на дно Торња. NL NL Желиш да сазнаш још, али почиње да те #r~боли~ тело.",
      "Тражећи освету, #yЊова је благословила посетиоце, користећи их за своје циљеве. NL NL Почињеш да се осећаш веома #r~слабо~ #r~и~ #r~уморно...~",
      "Они које је #yЊова васкрснула се сећају само делова својих прошлих личности, проклети да се вечно боре. NL NL Стижеш до последње стране, а твоје #r@старе@ #r@ране@ #r@почињу@ #r@поново@ #r@да@ #r@се@ #r@отварају!@",
      "Завршаваш са књигом и одлучујеш да је понесеш са собом. Са доказом у рукама, хоћеш ли моћи да повратиш своја стара сећања?",
      "Излазиш, осећајући #p~мрачну~ #p~енергију~ #p~како~ #p~исијава~ из књиге на постољу.",
      "Са невероватним напрезањем и снагом воље, успеваш да се одупреш хипнози књиге, затварајући је уз @ТРЕСКУ.@ NL Окрећеш се и излазиш из храма, осећајући се #b~исцрпљено...~"
    ],
    "NAME": "Уклета књига",
    "OPTIONS": [
      "[Читај]",
      "[Настави] #rИзгуби #rједан #rж. #rп.",
      "[Настави] #rИзгуби #rдва #rж. #rп.",
      "[Настави] #rИзгуби #rтри #rж. #rп.",
      "[Престани] #rИзгуби #rтри #rж. #rп.",
      "[Узми] #gЗадоби #gкњигу. #rИзгуби #r",
      " #rж. #rп.",
      "[Пођи]"
    ]
  },
  "Dead Adventurer": {
    "DESCRIPTIONS": [
      "Ухваћен си неспреман док претражујеш пустолова!",
      "Пођеш без иједног шума.",
      "Наишао си на #rмртвог #rпустолова на земљи. NL Украдене су му #bпанталоне! ",
      "Чини се да су му оклоп и лице #r@спржени@ #r@пламеном.@ ",
      "Изгледа да га је #r@натакнула@ #r@и@ #r@изгазила@ нека рогата звер. ",
      "Изгледа као да је #r@искасапљен@ #r@и@ #r@исецкан@ чиновским канџама. ",
      "NL Иако су његове #yствари #yи #yдаље #yнетакнуте, нешто ти и није до тога да сазнаш шта се овде десило...",
      "Налазиш нешто #yзлата! NL Настављаш ли са претресом?",
      "Хм, ниси нашао ништа... NL Настављаш ли са претресом?",
      "Нашао си #yреликвију! NL Настављаш ли са претресом?",
      "Успео си да га претражиш без помуке!"
    ],
    "NAME": "Мртви пустолов",
    "OPTIONS": [
      "[Претражи] #gПронађи #gнешто #gвредно. #r",
      "[Пођи]",
      "[Бори се]",
      "[Настави] #gПронађи #gнешто #gвредно. #r",
      "% #rда #rће #rчудовиште #rда #rсе #rврати."
    ]
  },
  "Designer": {
    "DESCRIPTIONS": [
      "Наишао си на #g~живописан~ локал са знаком на ком пише \"СТОРЊАЈ СЕ\". Кренеш унутра да видиш чега има. NL \"Не, нема шансе. Никако. Не могу да те пустим!\" NL NL На вратима се појави човек у апсурдној одећи, блокирајући ти улаз.",
      "\"То никако не иде, не не. Шта је овај стил? @Одвратно!@ Јел ти то #rкрварииииш? #p~Грооозно.~ @Бизнис??@ Ти, муштерија? Океј. ~Шта~ ~гооод.\"~ NL Театрално издахнувши, упути те ка листи услуга. NL NL Услуге изгледају у реду, али ти би најрадије мунуо овог самозадовољног човека у његову самозадовољну фацу.",
      "\"Океј, ћао ћао.\" NL NL ...требало је да га мунем.",
      "Тако јако га мунеш да те заболи песница. NL \"Моје @ЛИЦЕ!!@ Сад ћу морати да-\" NL NL Онесвестио се. Ко је #p~грооозан~ и ко #rкрварииии сад?"
    ],
    "NAME": "Дизајнер с-Торња",
    "OPTIONS": [
      "[Даље]",
      "[Поправка] #rИзгуби #r",
      "[Чишћење] #rИзгуби #r",
      "[Комплет услуга] #rИзгуби #r",
      "[Муни] #rИзгуби #r",
      " #rж. #rп.",
      " #rзлата. ",
      "#gПобољшај #g",
      " #gнасумичне #gкарте.",
      "#gПобољшај #gкарту.",
      "#gУклони #gкарту.",
      "#gПреобрази #g",
      " #gкарте.",
      "#gУклони #gкарту #gи #gпобољшај #gнасумичну #gкарту.",
      "[Пођи]",
      "Изабери карту коју ћеш да побољшаш",
      "Изабери две карте које ћеш да преобразиш",
      "Изабери карту коју ћеш да уклониш"
    ]
  },
  "Drug Dealer": {
    "DESCRIPTIONS": [
      "Човек са повезом преко ока и враголастим осмехом ти прилази. NL \"Хеј хеј, странче. Да ли си заинтересован за напредак науке? Могу да те ојачам више од било какве вежбе или благослова. Биће ти потребно ако си један од оних хероја што воле да флертују са смрћу.\" NL NL ~\"Ш'а~ ~кажеш?\"~",
      "~\"Одлично.\"~ NL Човек ти пружи опак шприц испуњен #b~светлећом~ #b~течношћу~ па одвреба у мрачну уличицу.",
      "~\"Сјајно.\"~ NL Човек ти убризга три непознате супстанце и извуче свеску. Почињеш да осећаш вртоглавицу, док он махнито нешто записује. NL Толико си изгубио осећај за време да када си се повратио, сумњиви тип је већ нестао.",
      "~\"Предивно.\"~ NL Испијеш мистериозну супстанцу. Моментално си освежен и осећаш како ти се мишићна влакна @трзају.@"
    ],
    "NAME": "Џексер",
    "OPTIONS": [
      "[Тестирај Џ.Е.К.С.] #gИЗЏЕКСУЈ #gсе.",
      "[Постани заморче] #gПреобрази #gдве #gкарте.",
      "[Прогутај мутагене] #gЗадоби #gспецијалну #gреликвију.",
      "[Пођи]",
      "[Закључано] Захтева: две или више карата у шпилу.",
      "Изабери карте да преобразиш"
    ]
  },
  "Duplicator": {
    "DESCRIPTIONS": [
      "Пред тобом стоји окићени олтар посвећен неком древном ентитету.",
      "Клекнеш с поштовањем. Застрашујући одраз се појави из светилишта, стапајући се с тобом.",
      "Игноришеш светилиште, поуздан у свој избор."
    ],
    "NAME": "Дупликатор",
    "OPTIONS": [
      "[Помоли се] #gДуплирај #gкарту #gиз #gшпила.",
      "[Пођи]",
      "Изабери карту коју хоћеш да дуплираш."
    ]
  },
  "FaceTrader": {
    "DESCRIPTIONS": [
      "Пролазиш поред језиве статуе која држи неколико маски... NL Нешто иза тебе нежно прошапуће, NL ~\"Стани.\"~",
      "Окренувши се уназад, суочиш се са истом статуом, која сада гледа према теби! NL Кад боље погледаш, није уопште статуа, већ кошчати човек који само наличи једној. Јел уопште дише? NL NL ~\"Лице.~ ~Дозволи~ ~ми~ ~да~ ~додирнем?~ ~Можда~ ~трампа?\"~",
      "~\"Компензација?~ ~Компензација.\"~ NL Механички, извуче уредну гомилицу #yзлата и стави је у твоју торбицу. NL NL ~\"Како~ ~лепо~ ~лице.~ ~Лепо~ ~лице.\"~ NL Док додирује твоје лице, осећаш како из њега нестаје сав живот! NL Током овога, његова маска спадне и разбије се. Вриштећи, брзо покрије лице са свих својих шест руку, испуштајући још више маски! Међу вриском и ломом, успеш да побегнеш. NL NL Његово лице је било потпуно празно.",
      "~\"За~ ~мене?~ @ЗА@ @МЕНЕ?@ ~О~ ~да..~ ~Да.~ ~Да..~ ~ммм...\"~ NL NL Брз потез једне од његових руку, и твоје лице је у његовој шаци! Лице ти је замењено. NL NL ~\"Лепо~ ~лице.~ ~Лепо~ ~лице.\"~",
      "~\"Стани.~ ~Стани.~ ~Стани.~ ~Стани.~ ~Стани.\"~ NL NL Ово је вероватно била добра одлука."
    ],
    "NAME": "Трговац лицима",
    "OPTIONS": [
      "[Додирни] #rИзгуби #r",
      " #gзлата.",
      "[Трампа] #g50%: #gДобро #gлице. #r50%: #rЛоше #rлице.",
      "[Пођи]",
      "[Даље]",
      " #rж. #rп., #gзадоби #g"
    ]
  },
  "Falling": {
    "DESCRIPTIONS": [
      "Успињеш се, вешто скачући са једне лебдеће стене на другу. Склизнеш. NL NL Почињеш да падаш.",
      "У слободном паду разматраш своје опције: NL Сигурно се приземљи својом највећом техником. NL Усредсреди своју енергију како би преживео пад. NL Удари у зид не би ли се закачио на њега.",
      "Приземљиш се невероватно грациозно. Настављаш даље.",
      "Концентришући нешто своје сирове моћи, успеваш да се приземљиш без повреда.",
      "Закачиш се на зид. Кратким одскоком успеш да доспеш до друге стабилне платформе.",
      "Падаш лагано као перце, стижући до дна без иједне огреботине."
    ],
    "NAME": "Падање",
    "OPTIONS": [
      "[Даље]",
      "[Приземљи се] #rИзгуби #rкарту ",
      "[Закључано] Захтева: умеће",
      "[Истроши моћ] #rИзгуби #rкарту ",
      "[Закључано] Захтева: моћ",
      "[Удари] #rИзгуби #rкарту ",
      "[Закључано] Захтева: напад",
      "[Пођи]",
      "[Приземљи се] "
    ]
  },
  "Forgotten Altar": {
    "DESCRIPTIONS": [
      "Испред тебе стоји олтар заборављеном богу. NL На врху олтара је статуа жене са испруженим рукама. NL Дозива те, захтевајући жртву.",
      "Нежно постављаш идола на алтар, а у том #bхладан ветар почиње да хуји кроз собу. NL Руке статуе почињу да губе боју и да се распадају. NL NL Твој #yзлатни #yидол почиње да бледи и почиње да крвари из очију. NL Крварење никад не престаје.",
      "Стојећи на олтару, пресецаш себи вене. NL #rКрв жртвено тече, а руке статуе се пружају, обухватајући те и покривајући ти очи. NL Све је мрачно. NL Будиш се мало касније осећајући како кроз тебе струји нови потенцијал.",
      "Побеснело смрскаш статуу испед себе, прекидајући магијски утицај који је соба имала на тебе. NL Мрачни крик одзвања свуда око тебе, и осећаш #p~уклету~ #p~магију~ како ти се завлачи у кости."
    ],
    "NAME": "Заборављени олтар",
    "OPTIONS": [
      "[Принеси: Златног идола] #gЗадоби #gспецијалну #gреликвију. #rИзгуби #rЗлатног #rидола.",
      "[Закључано] Захтева: Златног идола.",
      "[Жртва] #gЗадоби #g",
      " #gмакс. #gж. #gп. #rИзгуби #r",
      " #rж. #rп.",
      "[Закључано] Захтева: људскост.",
      "[Оскрнави] #rПочињеш #rда #rсе #rраспадаш."
    ]
  },
  "Fountain of Cleansing": {
    "DESCRIPTIONS": [
      "Наилазиш на #b~светлуцаву~ #b~воду~ која бескрајно тече из фонтане са оближњег зида.",
      "Са сваким гутљајем #b~воде,~ осећаш како #pмрачна #pшака која те стеже потпуно попушта.",
      "Несигуран у природу ове воде, настављаш својим путем, пресахнуо."
    ],
    "NAME": "Божанска фонтана",
    "OPTIONS": [
      "[Пиј] #gУклони #gсве #gклетве #gиз #gшпила.",
      "[Пођи]"
    ]
  },
  "Ghosts": {
    "DESCRIPTIONS": [
      "Током успињања, у једном тренутку зидови и под око тебе крену да бљују #p~густ~ #p~црн~ #p~дим,~ који се таласајући обликује у три маскирана облика, који ти се обрате. NL NL ~\"Још~ ~једна~ #y~Њовина~ ~марионета,~ ~мислим.\"~ NL #r@\"СЛАЖЕМ@ #r@СЕ!@ #r@ОНА@ #r@УВЕК@ #r@ПРАВИ@ #r@НАЈЗАБАВНИЈЕ@ #r@ИГРАЧКЕ!\"@ NL NL Примећујеш преувеличани кез док ти се трећа фигура обраћа. NL \"Игнориши остале... Да ли би хтео окусити од наше #y~моћи?\"~ ",
      "",
      "#y\"Одлично!\" NL Док сабласни облик говори, примећујеш како се његова велика уста отварају све шире и шире. #p~Црн~ #p~густ~ #p~дим~ бива избљуван према теби, испуњавајући собу. Не видиш ништа, нити можеш да дишеш... NL NL Баш пре него што би изгубио свест, осећај престаје. NL NL Шта год да су ти створови били, сада их нема. Настављаш даље, осећајући се надасве #bиспразно.",
      "\"Разочаравјуће...\" NL ~\"Придружићеш~ ~нам~ ~се~ ~пре~ ~или~ ~касније.\"~ NL #r@\"ХА@ #r@ХА@ #r@ХА@ #r@ХАХАХА!\"@ NL NL Облици ишчезну, остављајући само поремећени смех који ти одзвања у глави.",
      ""
    ],
    "NAME": "Веће духова",
    "OPTIONS": [
      "[Прихвати] #gЗадоби #gпет Дух #gкарата. #rИзгуби #r",
      "% #rмакс. #rж. #rп.",
      "[Одби]",
      "[Прихвати] #gЗадоби #gтри Дух #gкарте. #rИзгуби #r",
      "",
      "[Пођи]"
    ]
  },
  "Golden Idol": {
    "DESCRIPTIONS": [
      "Наишао си на неупадљиво постоље са #yсијајућим #yзлатним #yидолом мирно стоји на њему. Изгледа невероватно вредно. NL NL Прилично си сигуран да у околини не видиш никакве замке.",
      "Узимаш и мећеш идола, а у том џиновска каменчуга разбија плафон и пада на земљу поред тебе. NL Схваташ да је под заправо низбрдица, а камен се увелико котрља ка теби.",
      "@БЕЕЕГААААААААЈ!@ NL Једва ускочиш у пролаз са стране док камен пролеће поред тебе. Нажалост, изгледа да си угануо нешто.",
      "Бациш се на камен свиме што имаш. Чекаш да се прашина слегне, а потом сигурно наставиш даље.",
      "@СПЉОШТ!@ NL Камен те мало пригњечи у пролазу, али можеш да пођеш.",
      "Ако је икад постојала очигледна замка, ово је то. NL Одлучујеш да се не петљаш са предметима постављеним на педестале."
    ],
    "NAME": "Златни идол",
    "OPTIONS": [
      "[Узми] #gУкради #gЗлатног #gидола. #rАктивирај #rзамку.",
      "[Пођи]",
      "[Побегни] #rБиваш #rповређен.",
      "[Разби га] #rПрими #r",
      " #rштете.",
      "[Сакриј се] #rИзгуби #r",
      " #rмакс. #rж. #rп."
    ]
  },
  "Golden Shrine": {
    "DESCRIPTIONS": [
      "Пред тобом стоји интрикантно светилиште посвећено неком древном духу. ",
      "Шаком додирнеш светилиште, а у том крене да куља #yзлато из плафона, ~засипајући~ ~те~ ~богатством.~ ",
      "Са сваким ударцем у светилиште, #yзлато се изнова и изнова излива! NL NL Трпајући читаво богатство у џепове, осећаш #rкако #rте #rпритиска #rвелика #rтежина.",
      "Игноришеш светилиште."
    ],
    "NAME": "Златно светилиште",
    "OPTIONS": [
      "[Помоли се] #gЗадоби #g",
      " #gзлата.",
      "[Оскрнави] #gЗадоби #g275 #gзлата. #rКајеш #rсе.",
      "[Пођи]"
    ]
  },
  "Golden Wing": {
    "DESCRIPTIONS": [
      "Међу камењем и стењем, примећујеш детаљну велику плаву статуу која личи на крило. NL Примећујеш да #yзлато испада из њених пукотина. Можда га унутра има још...",
      "Неко ти је некад причао о култу који обожава џиновску птицу. Клечући у молитви, почињеш да ~осећаш~ ... ~вртоглавицу~ . NL NL Будиш се касније, осећајући се чудновато лаганих корака.",
      "Почнеш свим својим силама да удараш у статуу. NL Под ударцима крене да се @урушава,@ откривајући #yгомилу #yзлата. Зграбиш све што можеш, настављајући даље.",
      "Статуа ти изазива неку ~нелагоду.~ Настављаш даље мимо ње."
    ],
    "NAME": "Статуа крила",
    "OPTIONS": [
      "[Помоли се] #gУклони #gкарту #gиз #gшпила. #rИзгуби #r",
      " #rж. #rп.",
      "[Уништи] #gЗадоби #g",
      "-",
      " #gзлата.",
      "[Закључано] Захтева: карту са ",
      " или више штете.",
      "[Пођи]",
      "[Настави]",
      "Изабери карту коју хоћеш да уклониш."
    ]
  },
  "Knowing Skull": {
    "DESCRIPTIONS": [
      "Нашао си се у древној, украшеној одаји. У средини собе, велика лобања стоји на китњастом педесталу. Прилазиш јој, а она #g@букне@ #g@у@ #g@пламен@ и окрене се ка теби.",
      "\"ШТА ЈЕ ТО ШТО ТРАЖИШ? ШТА ЈЕ ТО ШТО НУДИШ?\" NL Завршно са њеним последњим речима, врата иза тебе се @залупе.@",
      " NL NL \"ЈОШ НЕШТО?\"",
      " ",
      "\"ПИЈ!\" NL Задобио си напитак.",
      "\"МОЖДА ЋЕ ОВО ПОМОЋИ?\" NL Задобио си карту.",
      "\"ВИ СМРТНИЦИ СЕ НИКАД НЕ МЕЊАТЕ. УЧИЊЕНО ЈЕ.\" NL #yЗлато пљушти по теби!",
      "\"ИЗА ТЕБЕ, СМРТНИЧЕ.\" NL Завириш иза лобање. Заиста, ту су врата."
    ],
    "NAME": "Зналачка лобања",
    "OPTIONS": [
      "[Настави]",
      " #rж. #rп.",
      "[Информације?] #gОткри #gвожда. #rИзгуби #r",
      "[Успех?] #gЗадоби #gбезбојну #gкарту. #rИзгуби #r",
      "[Освежење?] #gЗадоби #gнапитак. #rИзгуби #r",
      "[Благо?] #gЗадоби #g",
      " #gзлата. #rИзгуби #r",
      "[Како да изађем?] #rИзгуби #r",
      "[Пођи]"
    ]
  },
  "Lab": {
    "DESCRIPTIONS": [
      "Налазиш се у соби са полицама испуњеним пробним тубама, чашама, боцама, форцепсима, стезаљкама, штапићима за мешање, машицама, заштитним наочарима, левцима, пипетима, цилиндрима, кондензаторима, и чак једном ретком спиралном тубом од стакла. NL NL Зашто знаш имена свих ових помагала? Није битно. Бациш поглед наоколо."
    ],
    "NAME": "Лабораторија",
    "OPTIONS": [
      "[Претражи] #gПронађи #gнешто #gнапитака!"
    ]
  },
  "Liars Game": {
    "DESCRIPTIONS": [
      "Улазиш у собу и наилазиш на велику рупу у поду. Прилазиш рупи, а у том се огромно змијолико створење измигољи из ње. NL NL ~\"Хо~ ~хооо!~ ~Здраво~ ~здраво!~ ~Шта~ ~то~ ~имамо~ ~овде?~ Поздрав путниче, питам једноставно питање. NL Најиспуњенији животи су они у којима можеш да #y~купиш~ #y~било~ #y~шта!~ NL Слажеш ли се?\"",
      "~\"Дддаааааааааааа!~ NL ~Ссссвеее~ ~ће~ ~се~ ~исссплатити.~ NL ~..ссССс.....~ ~сс...~ ~ссссс....!\"~",
      "Гуја пиљи у тебе погледом неописивог разочарења.",
      "Гуја подигне своју главу у вис и почне да бљује млаз #yзлата! NL Запањујуће је и застрашујуће у исто време. NL Скупиш сво #yзлато, захвалиш се змији, па пођеш даље."
    ],
    "NAME": "Гууууујјјаааа",
    "OPTIONS": [
      "[Слажем се] #gЗадоби #g",
      " #gзлата. #rОбухвата #rте #rсумња.",
      "[Не слажем се]",
      "[Настави]",
      "[Пођи]"
    ]
  },
  "Living Wall": {
    "DESCRIPTIONS": [
      "Стигао си до ћорсокака. Окренеш се не би ли кренуо назад, али се са плафона @обруше@ зидови, заробљавајући те! NL NL Три лица се матерализују из зидова, говорећи. NL #b\"Заборави #bоно #bшто #bзнаш, #bи #bја #bћу #bте #bпустити.\" NL #p\"Ја #pзахтевам #pпромену #pкако #pбих #pвидео #pнови #pпростор.\" NL #y\"Ако #yжелиш #yда #yпрођеш #yпоред #yмене, #yонда #yмораш #yда #yрастеш.\"",
      "Задовољни, зидови пред тебом се споје назад са плафоном, остављајући пут напред."
    ],
    "NAME": "Живи зид",
    "OPTIONS": [
      "[Заборави] #gУклони #gкарту #gиз #gшпила.",
      "[Промени се] #gПреобрази #gкарту #gиз #gшпила.",
      "[Порасти] #gПобољшај #gкарту #gиз #gшпила.",
      "Изабери карту коју хоћеш да уклониш.",
      "Изабери карту коју хоћеш да преобразиш.",
      "Изабери карту коју хоћеш да побољшаш.",
      "[Пођи]",
      "[Закључано] Захтева: карту која се може побољшати"
    ]
  },
  "Masked Bandits": {
    "DESCRIPTIONS": [
      "Хехехе.. Хвала за #yзлато! NL О, волим #yзлато. Тако је лепо. NL #y~Цаклећи~ #y~шљаштећи~ новчићи!",
      "Хеј #bМедо, хеј! NL Овај тип нам је дао сво своје #yзлато! Која наивчина, а? NL Пази ово, само је требало лепо да га питам. Ко би рекао?! NL Не ја! Који пацер!",
      "Бандо, хајмо сви да се фино насмејемо овој чудесној згоди! NL @Хахаах@ NL @Хо@ @ХОХ@ ~хохо!~ NL ~Хох!~",
      "О? И даље си овде? NL Је си ли пречуо нешто? Нисам ни мислио. NL #r@*хмпфт*@ ~...губитник....~ @Хахаха@ ~хааах~",
      "Наишао си на групу бандита са великим #rцрвеним #rмаскама. NL \"Здраво, пролаз мора да се плати... разумна накнада која износи @СВЕ@ твоје #yзлато ће бити сасвим довољна! Хех хех!\""
    ],
    "NAME": "Маскирани бандити",
    "OPTIONS": [
      "[Плати] #rИзгуби #rСВЕ своје #yзлато.",
      "[Бори се!]",
      "[Настави]",
      "[Пођи]"
    ]
  },
  "Match and Keep!": {
    "DESCRIPTIONS": [
      "\" #bДванаест карата! Упари, задржи! #bПет покушаја, без поправног. NL Спреман? Почнимо!\"",
      "Завршио си гремлинову игру. Подижеш поглед. NL Нема га?",
      "Видиш гремлина како седи за столом и лудачки меша карте. Изгледа безопасно. Прилазиш му из радозналости."
    ],
    "NAME": "Запамти и задржи!",
    "OPTIONS": [
      "[Даље]",
      "[Пођи]",
      "[Заиграј]",
      "Преостало покушаја: #y"
    ]
  },
  "MindBloom": {
    "DESCRIPTIONS": [
      "Сналазећи се кроз хаос Торња, мисли наједаред почну да ти се чине веома... #p~стварним...~ NL NL Слике #rчудовишта и #yблага почињу да се манифестују у стварности. NL Осећај брзо измиче. Шта чиниш?",
      "Да ли је могуће да је тако лако?",
      "Сада све има смисла. NL Недостатак сећања, успињање, #yДревна. NL NL Овако је увек било. NL Овако ће увек бити. NL Ускоро ће све поново бити заборављено..."
    ],
    "NAME": "Жива машта",
    "OPTIONS": [
      "[У рату сам] #rСуочи #rсе #rса #rвождом #rиз #rпрвог #rчина. #gОсвоји #gретку #gреликвију.",
      "[Богат сам] #gЗадоби #g999 #gзлата. #rПостани #rдвоструко #rсвезан.",
      "[Здрав сам] #gУ #gпотпуности #gсе #gзалечи. #rПочињеш #rда #rсумњаш.",
      "[Будан сам] #gПобољшај #gсве #gкарте. #rВише #rне #rможеш #rда #rсе #rлечиш.",
      "[Пођи]"
    ]
  },
  "Mushrooms": {
    "DESCRIPTIONS": [
      "Попустиш неприродној жељи да поједеш. Док једеш печурку за печурком, осећаш како упадаш у отупљеност, а убрзо потом губиш свест. Будиш се, и осећаш се врло чудно. NL #gЗалечио си #b25% ж. п., али си такође #rинфициран.",
      "#r@Заседа!!@ NL Одједном се ниоткуда појављују пацови прожети гљивама!",
      "Зашао си у ходник пун #b~хипнотишуће~ #b~обојених~ #b~печурки.~ NL Због мањка специјализације у микологији ниси у могућности да идентификујеш примерке. NL Желиш да побегнеш, али се осећаш чудно присиљеним да поједеш коју #b~печурку...~"
    ],
    "NAME": "Печурке",
    "OPTIONS": [
      "[Изгази] #rНаљути #rпечурке.",
      "[Поједи] #gЗалечи #g",
      " #gж. #gп. #rПостајеш #rинфициран #rпаразитом.",
      "[Бори се]",
      "[Пођи]"
    ]
  },
  "Mysterious Sphere": {
    "DESCRIPTIONS": [
      "Штрчећи из хаотичног рељефа око тебе, кошчата сфера обухвата мистериозни светлећи објекат изнутра. NL Иако си знатижељан шта је унутра, примећујеш неколико чувара који је држе на оку.",
      "Удараш у сферу, а у истом трену чувари око тебе оживљавају!",
      "Нема вајде од похлепе."
    ],
    "NAME": "Мистериозна сфера",
    "OPTIONS": [
      "[Отвори сферу] #rБори #rсе. #gНаграда: #gретка #gреликвија.",
      "[Продужи даље]",
      "[Бори се]"
    ]
  },
  "N'loth": {
    "DESCRIPTIONS": [
      "Чудно створење са погуреним леђима и неколико пипака чепрка по гомили смећа и шута пред тобом. Прилазиш му. Он се окрене, и непретећи се довуче до тебе. NL \"Нлот гладан. Нахрани Нлот.\"",
      "Држиш #yреликвију пред њим. Нлот је пипцима зграби из твојих руку, ишчаши своју вилицу, и усиса твоју понуду у једном брзом залогају. NL Осмехне се својим широким, зубатим осмехом. Из његовог огртача се појављује још пипака, држећи нестварно лепу кутију. Гура је према теби док је не узмеш.",
      "Одмахнеш главом. Нлот се још више погрби и уздахне, потом кратким корацима некуд одшета."
    ],
    "NAME": "Нлот",
    "OPTIONS": [
      "#r[Изгуби: ",
      "] #gЗадоби #gспецијалну #gреликвију.",
      "[Пођи]"
    ]
  },
  "Nest": {
    "DESCRIPTIONS": [
      "Дуг ред #b~заоденутих~ #b~прилика~ улази у NL у #yскромну #yкатедралу.",
      "Наравски, придружиш се реду и брзо биваш окружен #rкултистима! NL Игноришу те док весело @скандирају@ и ~машу~ својим оружјима. NL NL #r@\"УБИ!!@ #r@УБИ@ #r@УБИ!!\"@ NL #b~\"КА~ #b~КА~ #b~КААААА!\"~ NL #r@\"УБИ!@ #r@УБИ@ #r@УБИ!!\"@ NL #b~\"КАА~ #b~КА~ #b~КАААААА!!\"~ NL NL Угледаш #yкутију #yза #yприлоге...",
      "Задржиш се у реду (из страха) да видиш шта ће да се деси. NL NL Напослетку, лицем у лице си са вођом. Фино обучени култиста ти преда #yукрашени #yбодеж. Као и други пре тебе, засечеш своју подлактицу и пустиш да крв истече у одвратни пехар. NL NL Култисти ти другарски @ускликују@ и @узвикују!@ NL NL #b~\"КАА~ #b~КА~ #b~КАААААА!!\"~ NL NL Ти такође кренеш да кличеш. Што да не?",
      "Нису уопште ни приметили.",
      "",
      ""
    ],
    "NAME": "Гнездо",
    "OPTIONS": [
      "[Задржи се у реду] #gЗадоби #gОбредни #gбодеж. #rИзгуби #r",
      " #rж. #rп.",
      "[Послужи се] #gЗадоби #g",
      " #gзлата.",
      "[Пођи]",
      "[Настави]"
    ]
  },
  "NoteForYourself": {
    "DESCRIPTIONS": [
      "Приметиш одваљену циглу у неком стубу.",
      "Унутра налазиш пресавијен папирић и #yкарту. Каже, NL \"Срце очекује.\" NL NL Рукопис је твој.",
      "Изабери карту коју ћеш да штекнеш.",
      "Шта се дешава?"
    ],
    "NAME": "Подсетник самом себи",
    "OPTIONS": [
      "[Даље]",
      "[Узми и дај] #gЗадоби ",
      " #gи #gуштекај #gкарту.",
      "[Игнориши]",
      "[Пођи]"
    ]
  },
  "Proceed Screen": {
    "DESCRIPTIONS": [
      "[Пођи]"
    ]
  },
  "Purifier": {
    "DESCRIPTIONS": [
      "Пред тобом стоји интрикантно светилиште посвећено заборављеном духу.",
      "Клекнеш с дивљењем. Осећаш као да ти је пао камен са срца.",
      "Игноришеш светилиште."
    ],
    "NAME": "Чистилиште",
    "OPTIONS": [
      "[Помоли се] #gУклони #gкарту #gиз #gшпила.",
      "[Пођи]",
      "Изабери карту коју хоћеш да уклониш."
    ]
  },
  "Scrap Ooze": {
    "DESCRIPTIONS": [
      "Улазећи у собу чујеш ~гргољање~ и @шкрипу@ метала. Пред тобом је слузасто створење које је појело превише отпада за своје добро. Из центра створења видиш одбљеске чудног светла, можда нечег магијског? Чини се да би могао наћи неко #yблаго ако би само допрео до унутрашњег... отвора. Ипак, киселина и оштри предмети би могли да те #rповреде.",
      "#r@Јао!@ NL Све што налазиш је полураспаднути метал и #r@горући@ #r@бол.@ NL Ипак, и даље си убеђен да је унутра #yреликвија...",
      "#gУспех! NL После копања по металу и кроз нагризајућу киселину, коначно грабиш #yреликвију и вадиш је напоље. NL Извукао си се из слузи #rповређен али са наградом.",
      "Одлучујеш да идеш одавде. NL Слуз не обраћа пажњу, задовољна својим оброком."
    ],
    "NAME": "Ђубретарска слуз",
    "OPTIONS": [
      "[Прочепркај] #rИзгуби #r",
      " #rж. #rп. #g",
      "% #gда #gнађеш #gреликвију.",
      "[Пођи]",
      "[Настави] #rИзгуби #r"
    ]
  },
  "SecretPortal": {
    "DESCRIPTIONS": [
      "Пред тобом је призор који одскаче од страног пејзажа који те окружује. Чудно уграђена у један од живих зидова Вани јесте камена поставка налик улазу, испуњена #p~ковитлајућим~ #p~магичним~ #p~порталом.~ NL NL Ниси сигуран куда води, али можда може да ти убрза пут кроз Торањ.",
      "Скачеш кроз портал, а твој осећај за време и простор бива апсолутно расточен. NL NL Док се навикаваш на ново окружење, схваташ да је одмах пред тобом страховита борба.",
      "Пажљив и опрезан начин се чини као најбољи за стизање до врха Торња. Игноришеш портал и настављаш даље."
    ],
    "NAME": "Тајни портал",
    "OPTIONS": [
      "[Уђи у портал] Стигни до вожда ОДМАХ.",
      "[Игнориши]"
    ]
  },
  "SensoryStone": {
    "DESCRIPTIONS": [
      "Тумарајући кроз Вани, откриваш #bсветлећи @ротирајући@ #bтесеракт који се нежно ~њише~ у ваздуху.",
      "Додирнеш га. NL NL У трену те сасече #r@пробадајући@ #r@бол,@ праћен живописним приказима удаљених сећања. NL ...чија су ово сећања?",
      "#r~СТРАХ.~ NL NL Демонско створење се надвија над тобом, крилима широко раширеним, завијајући од смеха. Око тебе су мртва тела припадника твог племена, а село је прогутано ужасном #p~црном~ #p~ватром.~ NL NL Демон те дозива, ругајући те се. NL NL \" #r@САДА@ #r@СТВАРНО@ #r@ЈЕСИ@ #r@НАЈЈАЧИ!@ #r@Хаха..@ #r@ХЕХЕ...@ #r@ХАХАХААААХ!!@ \" NL NL Тај смех одзвања заувек... ",
      "#g~ТРИЈУМФ.~ NL NL Остаци #p~аветињског~ #p~створења~ лагано тону у блато испред тебе, једва видљиви под месечином. Доказала си се међу својим сестрама. NL NL Стојећи победнички, чекаш у тишини док ти оне церемонијално постављају #yлобању #yстворења на главу. Обред је завршен. NL NL Упућујеш се ка Торњу...",
      "#b~КОНФУЗИЈА.~ NL NL #y[ЗАДАТАК] #gРАВНОТЕЖА #gсе #gмора #gОДРЖАТИ NL #y[ДЕФИНИШИ] #gРАВНОТЕЖА NL #y[ГРЕШКА] #gРАВНОТЕЖА #gНИЈЕ #gНАЂЕНА NL #y[ДЕФИНИШИ] #gРАВНОТЕЖА NL #y[ГРЕШКА] #gРАВНОТЕЖА #gНИЈЕ #gНАЂЕНА NL #y[УПОЗОРЕЊЕ] #rВелики #rобјекат #rприлази NL NL ~\"Ја...~ ~..сам~ ~....Њова..\"~",
      "#p~СПОКОЈ.~ NL NL Два примитивна створа се боре око лешине са стране пута. Посматраш, без икаквих емоција. NL #yБди. #yПамти. #yЖиви. Ово је циљ Будних. NL NL У последње време, један од Будних је престао да извештава. Његов задатак: Торањ непознатог порекла. NL NL Како је борба готова, настављаш даље, недотакнута крвавим призором који се збио."
    ],
    "NAME": "Чулни камен",
    "OPTIONS": [
      "[Присети се] #gДодај #gједну #gбезбојну #gкарту #gу #gсвој #gшпил.",
      "[Присети се] #gДодај #gдве #gбезбојне #gкарте #gу #gсвој #gшпил. #rИзгуби #r",
      "[Присети се] #gДодај #gтри #gбезбојне #gкарте #gу #gсвој #gшпил. #rИзгуби #r",
      " #rж. #rп.",
      "[Пођи]",
      "[Додирни]"
    ]
  },
  "Shining Light": {
    "DESCRIPTIONS": [
      "Улазиш у собу чији центар испуњава блистава #yмаса #yсветлости. NL NL Њен ~топли~ ~сјај~ и ~очаравајуће~ ~пулсирање~ те дозивају.",
      "Ходиш ка светлу, а оно те потпуно обухвата. NL Њена #r@врелина@ #rте #r@пржи@ ! Па ипак, бол се брзо повлачи. NL Осећаш се #bосвежено, као да си примио добро заслужену шамарчину.",
      "Заобилазиш је, чудећи се шта је то."
    ],
    "NAME": "Блистава светлост",
    "OPTIONS": [
      "[Приђи јој] #gПобољшај #gдве #gнасумичне #gкарте. #rИзгуби #r",
      " #rж. #rп.",
      "[Пођи]",
      "[Закључано] Захтева: Карте које се могу побољшати"
    ]
  },
  "Spire Heart": {
    "DESCRIPTIONS": [
      "@ду-дум@ ... @ду-дум@ ... @ду-дун@ ... NL Дубоко пулсирајући ужас се може осетити у целој просторији... NL Да ли је ово #r~срце~ Торња? Извор овог зла?",
      "Задајеш #b",
      " штете! NL Срце се #r@мигољи@ и #r~крвари~ ...али на крају ипак и даље куца. NL Да ли су твоји најмоћнији напади недовољни?",
      "Питаш се, ~\"Јесам~ ~ли~ ~већ~ ~био~ ~овде?\"~ NL Осећаш да си нанео укупно #b",
      " штете срцу.",
      " NL Укупно #b",
      " штете су нанели сви који су се суочили са њим.",
      " NL Срце пулсира све јаче и јаче, а твоја #y~свест~ #y~измиче...~",
      "NL Припремаш свој мач...",
      "NL Припремаш своје бодеже...",
      "NL Пуниш своје језгро до максимума...",
      "Питаш се, ~\"Јесам~ ~ли~ ~већ~ ~био~ ~овде?\"~",
      " NL Срце пулсира све јаче и јаче, а твоја #y~свест~ #y~почиње~ #y~да~ #y~измиче...~",
      " NL Из унутар тебе крене да куља нагли налет #y@енергије@ , #b@трзајући@ те назад на јаву.",
      " NL Срце се #gповлачи горе! На његовом месту видиш велика врата.",
      "NL Припремаш свој штап божанском енергијом..."
    ],
    "NAME": "Срце Торња",
    "OPTIONS": [
      "[Настави]",
      "[Нападни] #b???",
      "[Спавај]",
      "[Приђи вратима]"
    ]
  },
  "The Cleric": {
    "DESCRIPTIONS": [
      "Прилази ти чудни плави човеколики створ са златним шлемом(?) и осмехом од уха до уха. NL @\"Здраво@ @другар!@ Ја сам #bПопа! Да ли си заинтересован за моје услуге?!\" створење виче, веома гласно.",
      "Топло златно светло ти прожме цело тело, а потом ишчезне. NL Створење се накези. \"Попа најдобрији исцелитељ. @Добар@ @ти@ @дан!\"@",
      "Хладан плави пламен ти прожме цело тело, а потом ишчезне. NL Створење се накези. \"Попа таленат. @Добар@ @ти@ @дан!\"@",
      "Не верујеш овом #b\"Попи\", тако да одлазиш."
    ],
    "NAME": "Попа",
    "OPTIONS": [
      "[Залечење] #y35 #yзлата: #gзалечи #g",
      "[Закључано] Захтева: ",
      " злата.",
      "[Прочишћење] #y",
      " #yзлата: #gуклони #gкарту #gиз #gшпила.",
      "[Закључано] Захтева: 50 злата.",
      "[Пођи]",
      "Изабери карту коју хоћеш да уклониш.",
      " #gж. #gп."
    ]
  },
  "The Joust": {
    "DESCRIPTIONS": [
      "Ходећи између некаквих огромних грађевина, наилазиш на дуг, узак мост, на чијем једном крају видиш витеза, а на другом крају још једног; одмеравају се. Прилазиш... NL @\"Стој!\"@ NL NL Витез ти насилно гестикулира својим копљем да станеш.",
      "\"Данас је дан када морам да се обрачунам са #rубицом мог вољеног љубимца, #yНудлице. До тад, не можеш проћи. NL NL Добри сведоче, зашто се не #bопкладиш на то ко ће изаћи као победник?\"",
      "\"Не могу да верујем да се кладиш против #yНудлице!\" NL NL Разјарен, спушта свој визир, јуришајући према свом крвнику.",
      "\"Дај ми снаге, #yНудлице!\" NL NL Спуштајући свој визир, витез појури напред.",
      "NL #y@*ПШШШЧ!!!*@ #r@*ДЕЕЕЕНГ!*@ NL NL #g@*ПАМ!*@",
      "Крвник је покошен. NL NL ",
      "Власник је умро. NL NL ",
      "#gДобио си опкладу. Несигуран шта да мислиш, узимаш свој добитак и одлазиш.",
      "#rИзгубио си опкладу, али барем ниси био натакнут на копље."
    ],
    "NAME": "Витешка борба",
    "OPTIONS": [
      "[Настави]",
      "[Убица] #yУложи #y",
      " #yзлата - #g70% #gда #gосвојиш #g",
      " #gзлата.",
      "[Власник] #yУложи #y",
      " #yзлата - #g30% #gда #gосвојиш #g",
      "[Гледај]",
      "[Пођи]"
    ]
  },
  "The Library": {
    "DESCRIPTIONS": [
      "Наилазиш на веома украшену грађевину која изгледа напуштено. NL Таблица која је била на зиду је одваљена и на поду. На њој пише #b\"БИБЛИОТЕКА\". NL Унутра, налазиш безброј редова свитака, списа, и књига. NL Зграбиш једну и ушушкаш се у неку столицу, у покушају да нађеш мало мира.",
      "Читање је за губитнике. NL Уместо тога задремаш у удобној столици. NL ~Хрк...~ ~хрр...~ ~..хх....~ NL Будиш се освежен.",
      "Прича је о тинејџерки која контролише инсекте, са жељом да постане херој. Књига је испуњена креативним коришћењем моћи, борбеним стратегијама, и разним гледиштима. NL Задовољавајуће.",
      "Прича је о човеку који је пропутовао преко звезда и остао заглављен на непознатој, пустој планети. Сналажљивост, срећа, издржљивост, и хумор, не би ли задржао здрав разум, су биле његове алатке за враћање кући. NL Фасцинантно.",
      "Прича се дешава у џиновској изолованој грађевини под земљом, док су спољни услови постали неиздрживи. Роман је испуљен заверама, пропагандом, и неправдом. Размишљаш да ли се слична динамика одвија унутар Торња. NL Узнемирујуће."
    ],
    "NAME": "Библиотека",
    "OPTIONS": [
      "[Прочитај] #gИзабери #gједну #gод #g20 #gкарата #gда #gдодаш #gу #gсвој #gшпил.",
      "[Одспавај] #gЗалечи #g",
      " #gж. #gп.",
      "[Пођи]",
      "Додај карту у свој шпил."
    ]
  },
  "The Mausoleum": {
    "DESCRIPTIONS": [
      "Пролазиш поред гробница. После неког времена уђеш у једну кружну собу у чијој се средини налази велики саркофаг ~начичкан~ ~драгим~ ~камењем.~ NL Не разумеш шта је написано на сандуку, па ипак, примећујеш #p~црну~ #p~маглу~ која сипи из њега.",
      "Отвараш сандук. Из њега нагло крене да бљује #p~црна~ #p~магла~ која покрива целу собу! Унутра нема тела, само #y~реликвија.~ Узимаш је и настављаш даље. Почињу да те спопадају #r@неконтролисани@ #r@напади@ #r@кашља.@",
      "Отвараш сандук. Магла се безопасно расипа. Унутра, налазиш мртвачке остатке орденованог војника који се хвата за #yреликвију. Мазнеш је. Настављаш даље.",
      "Настављаш својим путем, остављајући заборављене мртве на миру."
    ],
    "NAME": "Маузолеј",
    "OPTIONS": [
      "[Отвори сандук] #gЗадоби #gреликвију. #r",
      "% #rда #rће #rте #rспопасти #rгрчеви.",
      "[Пођи]"
    ]
  },
  "The Moai Head": {
    "DESCRIPTIONS": [
      "Наилазиш на нешто што изгледа као да *уопште* не припада овом месту. Пред тобом, огромна камена глава штрчи из великог сегмента зида који не измиче и не вијуга се као други у овој области. NL Уста главе су широм отворена, указујући на велике застрашујуће зубе умрљане крвљу. Површина статуе је начичкана пиктограмима који, чини се, приказују људе који се бацају у уста ове главе, бивајући прождрани. Зашто би ико то урадио?",
      "Закорачио у уста статуе. Ништа не дешава. Баш кад си почео да се осећаш помало будаласто, џиновски кутњаци се залупе, целог те дробећи. NL @Тама.@ NL Неодређено време касније, увидиш трачак светлости из мрака, и чујеш нешто. Схваташ да је то звук камених зуба који се полако подижу. NL NL NL Одлазиш, једва успевши да не сиђеш са ума.",
      "Џиновски кутњаци самељу идола у прашину. Одскочиш мало уназад. Зуби поново почну да се дижу, а са њима крене да шикља #yзлато из отвора, засипајући те читавим богатством.",
      "Одлазиш, чудећи се шта је то могло да буде."
    ],
    "NAME": "Моаи глава",
    "OPTIONS": [
      "[Ускочи] #gПотпуно #gсе #gзалечи. #rИзгуби #r",
      " #rмакс. #rж. #rп.",
      "[Принеси: Златног идола] #gПокупи #g333 #gзлата. #rИзгуби #rЗлатног #rидола.",
      "[Закључано] Захтева: Златног идола.",
      "[Пођи]"
    ]
  },
  "The Woman in Blue": {
    "DESCRIPTIONS": [
      "Нека рука из мрака те повуче у малу радњу. Привикнеш се на таму, потом видиш бледу, оштро обучену жену како гестикулира ка зиду са напицима. NL \"Купи напитак. Одмах!\" изјављује.",
      "\"Добро. Сада иди.\" NL Опрезно напустиш радњу.",
      "#r@ПЉАС@ NL Њена песница завршава на твом лицу, скоро те обарајући с ногу. NL \"Иди одавде пре него што ти разбацам изнутрице по поду.\" Верујеш јој на реч, тако да излазиш са својим изнутрицама и даље сигурно ушушканим."
    ],
    "NAME": "Жена у плавом",
    "OPTIONS": [
      "[Купи један напитак] #y",
      "[Купи два напитка] #y",
      "[Купи три напитка] #y",
      " #yзлата.",
      "[Пођи]",
      "[Пођи] #rПрими #r",
      " #rштете."
    ]
  },
  "Thinking with Puddles": {
    "DESCRIPTIONS": [
      "",
      "",
      ""
    ],
    "NAME": "",
    "OPTIONS": [
      "",
      "",
      "",
      ""
    ]
  },
  "Tomb of Lord Red Mask": {
    "DESCRIPTIONS": [
      "С друге стране лебдеће стазе се може видети врло окићена гробница. Стижеш до гробнице и примећујеш отвор за #yзлатнике са натписом изнад њега.",
      "Поставивши маску, гробница почиње да се ~размиче...~ тајни пролаз! NL NL Кроз цео пролаз су постављена крадена добра и гомилице #yзлата!",
      "На гробници се појави отвор из ког потом исклизне мала црвена маска са прикаченом поруком. \"Отимај од других као што сам ја отимао од тебе!\""
    ],
    "NAME": "Гробница Лорда Црвена Маска",
    "OPTIONS": [
      "[Постави Црвену маску] #gЗадоби #g222 #gзлата.",
      "[Закључано] Захтева: Црвену маску.",
      "[Дај злато: ",
      "] #rИзгуби #rсво #rзлато. #gЗадоби #gреликвију.",
      "[Пођи]"
    ]
  },
  "Transmorgrifier": {
    "DESCRIPTIONS": [
      "Пред тобом стоји интрикантно светилиште посвећено заборављеном духу.",
      "Осећаш како ти се ум мења док енергије светилишта струје кроз тебе.",
      "Игноришеш светилиште."
    ],
    "NAME": "Преобразилште",
    "OPTIONS": [
      "[Помоли се] #gПреобрази #gкарту.",
      "[Пођи]",
      "Изабери карту коју хоћеш да преобразиш."
    ]
  },
  "Upgrade Shrine": {
    "DESCRIPTIONS": [
      "Пред тобом стоји интрикантно светилиште посвећено заборављеном духу.",
      "Енергија светилишта се улива у тебе, чинећи те јачим.",
      "Игнориши светилиште."
    ],
    "NAME": "Светилиште побољшања",
    "OPTIONS": [
      "[Помоли се] #gПобољшај #gкарту.",
      "[Пођи]",
      "Изабери карту коју хоћеш да побољшаш.",
      "[Закључано] Захтева: карту која се може побољшати"
    ]
  },
  "Vampires": {
    "DESCRIPTIONS": [
      "Ходећи неосветљеним улицама, набасаш на неколико покривених фигура у сред неког мрачног обреда. Док им прилазиш, они се окрену ка теби у језивом складу. Највиши међу њима открије своје очњаке, пружајући дугу, бледу шаку према теби. NL ~\"Придружи~ ~нам~ ~се~ ~брате,~ ~и~ ~осети~ ~топлину~ ~Торња.\"~",
      "Ходећи неосветљеним улицама, набасаш на неколико покривених фигура у сред неког мрачног обреда. Док им прилазиш, они се окрену ка теби у језивом складу. Највиши међу њима открије своје очњаке, пружајући дугу, бледу шаку према теби. NL ~\"Придружи~ ~нам~ ~се~ ~сестро,~ ~и~ ~осети~ ~топлину~ ~Торња.\"~",
      "Висока фигура те зграби за руку и повуче ка себи, заривајући у тебе своје очњаке. Осећаш @мрачну@ @силу@ како ти се слива кроз врат и @јурца@ кроз цело тело. NL ... NL Будиш се нешто касније, сам. Осећаш како ти трбух бриди од ~глади.~ #rМораш #rсе #rхранити...",
      "Закорачиш уназад и пркосно подигнеш своје оружје. Висока фигура уздахне, па проговори. \"У реду.\" Цела група покривених сенки се претвори у густу црну маглу која се распрши око тебе. NL Поново си сам.",
      "Висока фигура баци поглед на #yБочицу #yкрви, и оста без даха. Крене да говори, једва: NL ~\"Господарева~ ~крв...~ ~господарева~ ~крв!~ @ГОСПОДАРЕВА@ @КРВ!\"@ NL Сви срдачно ускликују, а високи ти се дубоко поклони. \"Пиј од Његове крви, и постани једно с #y~Њим.\"~ NL Док усклици постају све јачи, испијаш садржину бочице. Вид ти се моментално ~искриви,~ па се замути у црнило. NL NL Будиш се нешто касније, сам. Осећаш како ти трбух бриди од ~глади.~ #rМораш #rсе #rхранити.",
      "Ходећи неосветљеним улицама, набасаш на неколико покривених фигура у сред неког мрачног обреда. Док им прилазиш, они се окрену ка теби у језивом складу. Највиши међу њима открије своје очњаке, пружајући дугу, бледу шаку према теби. NL ~\"Придружи~ ~нам~ ~се~ ~одбачени,~ ~и~ ~осети~ ~топлину~ ~Торња.\"~"
    ],
    "NAME": "Вампири(?)",
    "OPTIONS": [
      "[Прихвати] #gУклони #gсве Ударце. #gЗадоби #gпет Уједа. #rИзгуби #r",
      " #rмакс. #rж. #rп.",
      "[Одби]",
      "[Изгуби реликвију: ",
      "] #gУклони #gсве Ударце. #gЗадоби #gпет Уједа.",
      "[Пођи]"
    ]
  },
  "WeMeetAgain": {
    "DESCRIPTIONS": [
      "\"Срећемо се поново!\" NL Живахан, разбарушен човек ти весело прилази. Не познајеш га. NL NL \"Ја сам, #yРануид! Имаш нешто за мене данас? Уобичајено? Лик као што сам ја не може овде на своју руку, знаш?\" NL Сумњичаво га проучаваш, разматрајући своје опције...",
      "\"Изврсно! Баш сам дехидрирао.\" NL #b~Глу~ #b~глу~ #b~глу~ NL NL Попије напитак из једног цуга и испусти задовољан @подриг.@",
      "\"Величанствено! Ово ће свакако послужити ако будем поново налетео на оне #rмаскиране #rбитанге.\"",
      "\"Идеално! Простудираћу ово у својим одајама.\"",
      "\" @Аааааггхх!!@ Понекад си стварно кретен!\" NL Побегао је.",
      "  NL NL Копа по својим разноразним џеповима... NL \"Ево, види шта данас имам за тебе! Узми узми!\""
    ],
    "NAME": "Срећемо се поново!",
    "OPTIONS": [
      "[Дај напитак] #rИзгуби #rнапитак: ",
      "[Закључано] Захтева: Напитак.",
      "[Дај злато] #rИзгуби #r",
      "[Закључано] Захтева: Барем 50 злата.",
      "[Дај карту] #rИзгуби карту ",
      "[Закључано] Захтева: Карту.",
      ". #gЗадоби #gреликвију.",
      "[Нападни]",
      "[Пођи]",
      " #rзлата"
    ]
  },
  "Wheel of Change": {
    "DESCRIPTIONS": [
      "Пред тобом је живахни гремлин у кицошком оделу. NL \"Време је да се точак заврти! Да ли си ~С~ ~П~ ~Р~ ~Е~ ~М~ ~А~ ~Н~ ~?~ Наравно да јеси!\"",
      "\"Освојио си #yЗЛАТО! NL УРА!!!!\"",
      "\"А, #gпоклон! NL Уживај!\"",
      "\"Оо, бесплатно #gлечење за тебе!\"",
      "\"Изгледа да си освојио #pклетву! NL То не ваља. NL О, па добро! Више среће наредни пут!\"",
      "\"Охх, моћ #r~таме...~ NL Изабери карту коју ћеш уклонити из шпила!\"",
      "\"О-о! NL Изгубио си!\" NL Видиш га како вади нож...",
      "Замахнеш ка лудом гремлину али је просто пребрз! NL Успе пар пута да те закачи неким грубим сечивом. NL \"Цена је плаћена!!\" NL и с тим, гремлин и његов точак несташе у диму."
    ],
    "NAME": "Точак промене",
    "OPTIONS": [
      "[Заиграј]",
      "[Награда!] ТО!!!!",
      "[Награда!] #gЗадоби #gреликвију.",
      "[Награда!] #gПотпуно #gсе #gзалечи.",
      "[Награда?] #rПочињеш #rда #rсе #rраспадаш.",
      "[Награда!] #gУклони #gкарту #gиз #gшпила.",
      "[Награда?] #rИзгуби #r",
      " #rж. #rп.",
      "[Пођи]",
      "Одабери карту коју хоћеш да уклониш."
    ]
  },
  "Winding Halls": {
    "DESCRIPTIONS": [
      "Већ неко време идеш кривудавим стазама, и стално хваташ себе како губиш пут. Патос и зидови необјашњиво измичу пред твојим очима. NL NL Непрестани #p~шапутави~ #p~гласови~ који допиру негде иза твог потиљка уопште не помажу ситуацији.",
      "Пролазиш поред некакве структуре. Убеђен си да си већ прошао поред ње. Поставља се питање да ли си заиста почео да лудиш, или несхватљиви рељеф овог места коначно узима свој данак. Нешто мора да се промени, и то ускоро. NL NL #p~Гласови~ то свакако предлажу, а зашто би они лагали?",
      "Прс'о си. NL NL Само истински луди могу да разумеју место као што је ово. Одлучујеш да се препустиш брбљајућим гласовима, настављајући даље са #p~\"новом\"~ перспективом. NL Ствари сада заиста имају више смисла.",
      "Застанеш на трен како би опрезно осмотрио таласасти рељеф око себе. Назнаке уређености почињу да израњају из насумичности. Сваки пут када би поремећени гласови покушали да ти прекину ток мисли, успео би да их игноришеш, уз голем ментални напор. NL NL Евентуално, успеш да мапираш пут напред. Настављаш, сада отпоран на злокобну природу овог настраног места.",
      "Чини ти се као да си протраћио читаву вечност у овом лавиринту. Полако али сигурно назиреш пут назад, реоријентишући се ка излазу из ових вијугавих ходника. NL NL Осећаш се #r~исцрпљено~ од целокупног искуства."
    ],
    "NAME": "Вијугаве дворане",
    "OPTIONS": [
      "...",
      "[Пригрли лудило] #gЗадоби #gдва Лудила. #rИзгуби #r",
      " #rж. #rп.",
      "[Сабери се] #rСпопадају #rте #rгрчеви. #gЗалечи #g",
      "[Пођи]",
      " #gж. #gп.",
      "[Врати се назад] #rИзгуби #r",
      " #rмакс. #rж. #rп."
    ]
  },
  "World of Goop": {
    "DESCRIPTIONS": [
      "Упао си у бару начињену од... NL #g@СЛУЗАВЕ@ #g@ГЛИБИ!!@ NL Успаничено се избатргаш из ње током наредних неколико минута, док те глиб све време пржи. NL Имаш глиб у ушима, глиб у носу, глиб свуда. NL NL Устајући из барице, примећујеш да ти недостаје нешто #yзлата. Гледајући ка барици, видиш у њој своје изгубљене новчиће измешане са #yзлатом неких несрећника.",
      "Предуго излагање слузи почиње да ти нагриза кожу, али успеваш да испецаш своје #yзлато, плус нешто преко.",
      "Одлучујеш да тај неред није вредан тога."
    ],
    "NAME": "Свет глиби",
    "OPTIONS": [
      "[Покупи Злато] #gЗадоби #g",
      " #gзлата. #rИзгуби #r",
      " #rж. #rп.",
      "[Не дирај] #rИзгуби #r",
      " #rзлата.",
      "[Пођи]"
    ]
  }
}