{
  "Ambrosia": {
    "DESCRIPTIONS": [
      "#yОбожи се."
    ],
    "NAME": "Амброзија"
  },
  "Ancient Potion": {
    "DESCRIPTIONS": [
      "Задоби #yзаштиту: #b",
      "."
    ],
    "NAME": "Древни напитак"
  },
  "AttackPotion": {
    "DESCRIPTIONS": [
      "Додај у руку #bједан од #bтри насумична напада. #bБесплатан је овај потез.",
      "Изабери #bједан од #bтри насумична #yнапада и додај #bдве копије у руку. #bБесплатне су овај потез."
    ],
    "NAME": "Напитак напада"
  },
  "BlessingOfTheForge": {
    "DESCRIPTIONS": [
      "Побољшај све карте у руци до краја борбе."
    ],
    "NAME": "Благослов ковачнице"
  },
  "Block Potion": {
    "DESCRIPTIONS": [
      "Задоби #b",
      " #yодбране."
    ],
    "NAME": "Напитак одбране"
  },
  "BloodPotion": {
    "DESCRIPTIONS": [
      "Залечи #b",
      "% својих макс. з. п."
    ],
    "NAME": "Напитак крви"
  },
  "BottledMiracle": {
    "DESCRIPTIONS": [
      "Додај #b",
      " #yЧуда у руку."
    ],
    "NAME": "Чудо у тегли"
  },
  "ColorlessPotion": {
    "DESCRIPTIONS": [
      "Одабери #bједну од #bтри насумичне #yбезбојне карте и додај је у руку. #bБесплатна је овај потез.",
      "Одабери #bједну од #bтри насумичне #yбезбојне карте и додај #bдве копије у руку. #bБесплатне су овај потез."
    ],
    "NAME": "Безбојни напитак"
  },
  "CultistPotion": {
    "DESCRIPTIONS": [
      "Задоби #b",
      " #yобред."
    ],
    "NAME": "Обредни напитак"
  },
  "CunningPotion": {
    "DESCRIPTIONS": [
      "Додај #b",
      " #yБодежа+ у руку."
    ],
    "NAME": "Напитак лукавства"
  },
  "Dexterity Potion": {
    "DESCRIPTIONS": [
      "Задоби #b",
      " #yокретности."
    ],
    "NAME": "Напитак окретности"
  },
  "DistilledChaos": {
    "DESCRIPTIONS": [
      "Одиграј #b",
      " карте са врха гомиле за вучење."
    ],
    "NAME": "Дестиловани хаос"
  },
  "DuplicationPotion": {
    "DESCRIPTIONS": [
      "Овај потез, твоја следећа карта ће бити одиграна двапут.",
      "Овај потез, твоје следеће #bдве карте ће бити одигране двапут."
    ],
    "NAME": "Двоструки напитак"
  },
  "Elixir": {
    "DESCRIPTIONS": [
      "",
      "",
      "",
      "",
      ""
    ],
    "NAME": "Еликсир"
  },
  "ElixirPotion": {
    "DESCRIPTIONS": [
      "#yИсцрпи било који број карата из руке."
    ],
    "NAME": "Еликсир"
  },
  "Energy Potion": {
    "DESCRIPTIONS": [
      "Задоби #b",
      " енергије."
    ],
    "NAME": "Енергетски напитак"
  },
  "EntropicBrew": {
    "DESCRIPTIONS": [
      "Испуни појас за напитке насумичним напицима."
    ],
    "NAME": "Ентропијска смеша"
  },
  "EssenceOfDarkness": {
    "DESCRIPTIONS": [
      "#yПризови #b",
      " #yтаму за свако сферно поље."
    ],
    "NAME": "Суштина таме"
  },
  "EssenceOfSteel": {
    "DESCRIPTIONS": [
      "Задоби #b",
      " #yопточеног #yоклопа."
    ],
    "NAME": "Есенције челика"
  },
  "Explosive Potion": {
    "DESCRIPTIONS": [
      "Задај #b",
      " штете СВИМ непријатељима."
    ],
    "NAME": "Експлозивни напитак"
  },
  "FairyPotion": {
    "DESCRIPTIONS": [
      "Уместо да умреш, залечи #b",
      "% својих макс. ж. п. и одбаци овај напитак."
    ],
    "NAME": "Вила у тегли"
  },
  "FearPotion": {
    "DESCRIPTIONS": [
      "Нанеси #b",
      " #yрањивости."
    ],
    "NAME": "Напитак страха"
  },
  "Fire Potion": {
    "DESCRIPTIONS": [
      "Задај #b",
      " штете."
    ],
    "NAME": "Ватрени напитак"
  },
  "FocusPotion": {
    "DESCRIPTIONS": [
      "Задоби #b",
      " #yпотентности."
    ],
    "NAME": "Напитак потентности"
  },
  "Fruit Juice": {
    "DESCRIPTIONS": [
      "Задоби #b",
      " макс. з.п."
    ],
    "NAME": "Ђус"
  },
  "GamblersBrew": {
    "DESCRIPTIONS": [
      "Одбаци било који број карата, потом вуци исто толико."
    ],
    "NAME": "Карташки коктел"
  },
  "GhostInAJar": {
    "DESCRIPTIONS": [
      "Задоби #b",
      " #yнедодирљивост."
    ],
    "NAME": "Дух у тегли"
  },
  "Health Potion": {
    "DESCRIPTIONS": [
      "",
      ""
    ],
    "NAME": "Еликсир живота"
  },
  "HeartOfIron": {
    "DESCRIPTIONS": [
      "Задоби #b",
      " #yочеличења."
    ],
    "NAME": "Железно срце"
  },
  "LiquidBronze": {
    "DESCRIPTIONS": [
      "Задоби #b",
      " #yбодљикавости."
    ],
    "NAME": "Течна бронза"
  },
  "LiquidMemories": {
    "DESCRIPTIONS": [
      "Одабери карту из гомиле за одбацивање и врати је у руку. #bБесплатна је овај потез.",
      "Одабери #b",
      " карте из гомиле за одбацивање и врати их у руку. #bБесплатне су овај потез."
    ],
    "NAME": "Течна сећања"
  },
  "Poison Potion": {
    "DESCRIPTIONS": [
      "Нанеси #b",
      " #yотрова."
    ],
    "NAME": "Отровни напитак"
  },
  "Potion Slot": {
    "DESCRIPTIONS": [
      "Током борбе се напицима #gпобољшај или #rомети непријатеље.",
      "Место за напитак"
    ],
    "NAME": "Место за напитак"
  },
  "PotionOfCapacity": {
    "DESCRIPTIONS": [
      "Задоби #b",
      " сферна поља."
    ],
    "NAME": "Напитак капацитета"
  },
  "PowerPotion": {
    "DESCRIPTIONS": [
      "Додај у руку #bједну од #bтри насумичне моћи. #bБесплатна је овај потез.",
      "Изабери #bједну од #bтри насумичне #yмоћи и додај #bдве копије у руку. #bБесплатне су овај потез."
    ],
    "NAME": "Напитак моћи"
  },
  "Regen Potion": {
    "DESCRIPTIONS": [
      "Задоби #b",
      " #yлечења.",
      ""
    ],
    "NAME": "Лековити напитак"
  },
  "SkillPotion": {
    "DESCRIPTIONS": [
      "Додај у руку #bједну од #bтри насумичне вештине. #bБесплатна је овај потез.",
      "Изабери #bједну од #bтри насумичне #yвештине и додај #bдве копије у руку. #bБесплатне су овај потез."
    ],
    "NAME": "Напитак умећа"
  },
  "SmokeBomb": {
    "DESCRIPTIONS": [
      "Побегни из не-вождовске борбе. Не добијаш никакве награде.",
      "Опколили су ме!"
    ],
    "NAME": "Димна бомба"
  },
  "SneckoOil": {
    "DESCRIPTIONS": [
      "Вуци #b",
      " карата. Потрошња енергије свих карата у руци постаје насумична.",
      ""
    ],
    "NAME": "Змијково уље"
  },
  "SpeedPotion": {
    "DESCRIPTIONS": [
      "Повећај своју #yокретност за #b",
      ". Смањи је за #b",
      " на крају потеза."
    ],
    "NAME": "Напитак брзине"
  },
  "StancePotion": {
    "DESCRIPTIONS": [
      "#yСмири се или #yразбесни."
    ],
    "NAME": "Манастирски напитак"
  },
  "SteroidPotion": {
    "DESCRIPTIONS": [
      "Повећај своју #yснагу за #b",
      ". Смањи је за #b",
      " на крају потеза."
    ],
    "NAME": "Стероидска мућка"
  },
  "Strength Potion": {
    "DESCRIPTIONS": [
      "Задоби #b",
      " #yснаге."
    ],
    "NAME": "Напитак снаге"
  },
  "Swift Potion": {
    "DESCRIPTIONS": [
      "",
      "Вуци #b",
      " карте."
    ],
    "NAME": "Напитак хитрости"
  },
  "Weak Potion": {
    "DESCRIPTIONS": [
      "Нанеси #b",
      " #yслабости."
    ],
    "NAME": "Напитак слабости"
  }
}