{
  "Akabeko": {
    "DESCRIPTIONS": [
      "Твој први напад сваке борбе задаје #b",
      " више штете."
    ],
    "FLAVOR": "\"Мууу~\"",
    "NAME": "Акабеко"
  },
  "Anchor": {
    "DESCRIPTIONS": [
      "Започни сваку борбу са #b",
      " #yодбране."
    ],
    "FLAVOR": "Држећи ову минијатурну дрангулију, осећаш се теже и стабилније.",
    "NAME": "Сидро"
  },
  "Ancient Tea Set": {
    "DESCRIPTIONS": [
      "Сваки пут када уђеш у одмаралиште, започни следећу борбу са [E] [E] ."
    ],
    "FLAVOR": "Кључ доброг сна.",
    "NAME": "Древни чајни прибор"
  },
  "Art of War": {
    "DESCRIPTIONS": [
      "Ако не одиграш ниједан #yнапад током свог потеза, задоби ",
      "[E] следећи потез."
    ],
    "FLAVOR": "Овај древни рукопис садржи мудрости из минулих времена.",
    "NAME": "Умеће ратовања"
  },
  "Astrolabe": {
    "DESCRIPTIONS": [
      "По узимању #yпреобрази и #yпобољшај #bтри карте.",
      "Изабери три карте за "
    ],
    "FLAVOR": "Алатка којом се од звезда дознаје непроцењиво знање.",
    "NAME": "Астролаб"
  },
  "Bag of Marbles": {
    "DESCRIPTIONS": [
      "На почетку сваке борбе, нанеси #b",
      " #yрањивост СВИМ непријатељима."
    ],
    "FLAVOR": "Некад популарна играчка у Граду. Корисна као елемент изненађења у борби.",
    "NAME": "Врећа кликера"
  },
  "Bag of Preparation": {
    "DESCRIPTIONS": [
      "На почетку сваке борбе, вуци #b",
      " додатне карте."
    ],
    "FLAVOR": "Превелики путни ранац. Начичкан џеповима и каишевима.",
    "NAME": "Торба припремљености"
  },
  "Bird Faced Urn": {
    "DESCRIPTIONS": [
      "Сваки пут када одиграш #yмоћ, залечи #b",
      " ж. п."
    ],
    "FLAVOR": "Ова урна приказује врану-бога Мазалета у враголастом расположењу.",
    "NAME": "Птицолика урна"
  },
  "Black Blood": {
    "DESCRIPTIONS": [
      "Замењује #rгорућу #rкрв. На крају борбе, залечи #b",
      " ж. п."
    ],
    "FLAVOR": "Бес затамљује душу.",
    "NAME": "Црна крв"
  },
  "Black Star": {
    "DESCRIPTIONS": [
      "Челници сада испуштају додатну реликвију."
    ],
    "FLAVOR": "Првобитно откривена у Гујином граду, поред усамљене свеће.",
    "NAME": "Црна звезда"
  },
  "Blood Vial": {
    "DESCRIPTIONS": [
      "На почетку сваке борбе, залечи #b",
      " ж. п."
    ],
    "FLAVOR": "Садржи крв чистог и древног вампира.",
    "NAME": "Бочица крви"
  },
  "Bloody Idol": {
    "DESCRIPTIONS": [
      "Сваки пут када задобијеш #yзлато, залечи #b",
      " ж. п."
    ],
    "FLAVOR": "Из идола сада лије непрестана бујица крви.",
    "NAME": "Крвави идол"
  },
  "Blue Candle": {
    "DESCRIPTIONS": [
      "#yНеодигриве #yклетве се сада могу одиграти. NL NL Сваки пут када одиграш #yклетву, изгуби #b",
      " ж. п. и #yисцрпи је."
    ],
    "FLAVOR": "Пламен ове свеће може да заживи само у мрклој тмини.",
    "NAME": "Плава свећа"
  },
  "Boot": {
    "DESCRIPTIONS": [
      "Сваки пут када би #yнападом задао #b",
      " или мање неодбрањене штете, повећај је на #bпет."
    ],
    "FLAVOR": "Расте у величини када се натегне.",
    "NAME": "Чизма"
  },
  "Bottled Flame": {
    "DESCRIPTIONS": [
      "По узимању, изабери #yнапад. Сваку борбу започињеш са том картом у руци.",
      "Изабери карту за ",
      "Сваку борбу започињеш са картом ",
      " у руци."
    ],
    "FLAVOR": "У тегли пребива пламен који гори занавек.",
    "NAME": "Пламен у тегли"
  },
  "Bottled Lightning": {
    "DESCRIPTIONS": [
      "По узимању, изабери #yумеће. Сваку борбу започињеш са том картом у руци.",
      "Изабери карту за ",
      "Сваку борбу започињеш са картом ",
      " у руци."
    ],
    "FLAVOR": "Завиркивањем у ковитлајућу олују, примећујеш део себе како узвраћа поглед.",
    "NAME": "Муња у тегли"
  },
  "Bottled Tornado": {
    "DESCRIPTIONS": [
      "По узимању, изабери #yмоћ. Сваку борбу започињеш са том картом у руци.",
      "Изабери карту за ",
      "Сваку борбу започињеш са картом ",
      " у руци."
    ],
    "FLAVOR": "Тегла нежно шуми и вибрира.",
    "NAME": "Торнадо у тегли"
  },
  "Brimstone": {
    "DESCRIPTIONS": [
      "На почетку свог потеза, повећај своју #yснагу за #b",
      ". Такође се СВИМ непријатељима #yснага повећава за #b",
      "."
    ],
    "FLAVOR": "Исијава паклену топлоту.",
    "NAME": "Сумпор"
  },
  "Bronze Scales": {
    "DESCRIPTIONS": [
      "На почетку сваке борбе, задоби #b",
      " бодље."
    ],
    "FLAVOR": "Оштра Чуварева крљушт. Самообликује се не би ли заштитила свог корисника.",
    "NAME": "Бронзана крљушт"
  },
  "Burning Blood": {
    "DESCRIPTIONS": [
      "На крају борбе, залечи #b",
      " ж. п."
    ],
    "FLAVOR": "Крв твог самог тела гори неугасивим бесом.",
    "NAME": "Горућа крв"
  },
  "Busted Crown": {
    "DESCRIPTIONS": [
      " на почетку сваког потеза. При одабиру наградне карте, имаш #bдве мање карте у избору.",
      "Задоби [E]"
    ],
    "FLAVOR": "Шампионова круна... или бледа имитација?",
    "NAME": "Поломљена круна"
  },
  "Cables": {
    "DESCRIPTIONS": [
      "Твоја најдешња сфера извршава своју пасивну способност још један додатни пут."
    ],
    "FLAVOR": "\"Интересантно! Чак су и аутоматони подложни плацебу.\" - Рануид",
    "NAME": "Златни каблови"
  },
  "Calipers": {
    "DESCRIPTIONS": [
      "На почетку потеза, губиш #b",
      " #yодбране уместо све своје #yодбране."
    ],
    "FLAVOR": "\"Механичка прецизност води до величанствености\" - Архитекта",
    "NAME": "Шестар"
  },
  "Calling Bell": {
    "DESCRIPTIONS": [
      "По узимању, задоби јединствену #rклетву и #bтри #yреликвије.",
      "Звоно одзвоњава...",
      "Прескочи награде",
      "Затвори"
    ],
    "FLAVOR": "Ово мрачно гвоздено звоно је зазвонило три пута када си га нашао, али је сада потпуно умукло.",
    "NAME": "Злокобно звоно"
  },
  "CaptainsWheel": {
    "DESCRIPTIONS": [
      "На почетку свог трећег потеза, задоби #b",
      " #yодбране."
    ],
    "FLAVOR": "Дрвена дрангулија изрезбарена деликатном прецизношћу. Урезано је име у њу, али је језик стран.",
    "NAME": "Кормило"
  },
  "Cauldron": {
    "DESCRIPTIONS": [
      "По узимању, задоби #bпет насумичних напитака.",
      "Бућ бљућ бућ...!"
    ],
    "FLAVOR": "Трговац је заправо врло вешт у кувању напитака. Купи четири, добијаш један џабе.",
    "NAME": "Котао"
  },
  "Centennial Puzzle": {
    "DESCRIPTIONS": [
      "Први пут када изгубиш ж. п. у борби, вуци #b",
      " карте."
    ],
    "FLAVOR": "Осећаш интензивну топлоту у грудима при решавању ове слагалице.",
    "NAME": "Стогодишња загонетка"
  },
  "CeramicFish": {
    "DESCRIPTIONS": [
      "Сваки пут када додаш карту у шпил, задоби #b",
      " #yзлата."
    ],
    "FLAVOR": "Мукотрпно обојене, за ове рибе се веровало да доносе велика богаства.",
    "NAME": "Керамичка риба"
  },
  "Chameleon Ring": {
    "DESCRIPTIONS": [
      "You can now #yBrew at Rest Sites."
    ],
    "FLAVOR": "Deprecated",
    "NAME": "Chameleon Ring"
  },
  "Champion Belt": {
    "DESCRIPTIONS": [
      "Сваки пут када нанесеш #yрањивост, нанеси #b",
      " #yслабост."
    ],
    "FLAVOR": "Само најбољи могу да носе овај појас.",
    "NAME": "Шампионски појас"
  },
  "Charon's Ashes": {
    "DESCRIPTIONS": [
      "Сваки пут када #yисцрпиш карту, задај #b",
      " штете СВИМ непријатељима."
    ],
    "FLAVOR": "За Харона је речено да је бог поновног рађања, онај који вечно умире и васкрсава у пламеној буктињи.",
    "NAME": "Харонов пепео"
  },
  "Chemical X": {
    "DESCRIPTIONS": [
      "Сваки пут када одиграш карту која кошта #bX, њени ефекти су повећани за #b",
      "."
    ],
    "FLAVOR": "УПОЗОРЕЊЕ: Не комбиновати са шећером, зачином, и сваком лепом стварчицом.",
    "NAME": "Хемикалија X"
  },
  "Circlet": {
    "DESCRIPTIONS": [
      "Изгледа лепо."
    ],
    "FLAVOR": "Пронашао си све реликвије. Импресивно!",
    "NAME": "Дијадема"
  },
  "CloakClasp": {
    "DESCRIPTIONS": [
      "На крају свог потеза, задоби #b",
      " #yодбрану за сваку карту у руци."
    ],
    "FLAVOR": "Једноставан али солидан дизајн.",
    "NAME": "Копча за огртач"
  },
  "ClockworkSouvenir": {
    "DESCRIPTIONS": [
      "Започни сваку борбу са #bједном #yзаштитом."
    ],
    "FLAVOR": "\"Тако пуно испреплетаних механизама.\"",
    "NAME": "Механички сувенир"
  },
  "Coffee Dripper": {
    "DESCRIPTIONS": [
      " на почетку сваког потеза. Више не можеш да се #yодмараш на одмаралиштима.",
      "Задоби [E]"
    ],
    "FLAVOR": "\"Да, још једна шољица молим. Назад на посао. Назад на посао!\" - Архитекта",
    "NAME": "Кафомат"
  },
  "Cracked Core": {
    "DESCRIPTIONS": [
      "На почетку сваке борбе, #yпризови #bједну #yмуњу."
    ],
    "FLAVOR": "Мистериозна животна сила која напаја Аутоматоне унутар Торња. Чини се да је напукнуто.",
    "NAME": "Напукнуто језгро"
  },
  "CultistMask": {
    "DESCRIPTIONS": [
      "Осећаш се причљиво.",
      "@КА!@ NL @КААА@"
    ],
    "FLAVOR": "Део јата!",
    "NAME": "Ритуална маска"
  },
  "Cursed Key": {
    "DESCRIPTIONS": [
      " на почетку свог потеза. Сваки пут када отвориш не-вождовски ковчег, биваш #rуклет.",
      "Задоби [E]"
    ],
    "FLAVOR": "Осећаш како из кључа зрачи злокобна енергија. Моћ увек има неку цену.",
    "NAME": "Уклети кључ"
  },
  "Damaru": {
    "DESCRIPTIONS": [
      "На почетку свог потеза, задоби #b",
      " #yмолитву."
    ],
    "FLAVOR": "Звук овог малог бубња ти држи ум будним, откривајући пут напред.",
    "NAME": "Дамару"
  },
  "Darkstone Periapt": {
    "DESCRIPTIONS": [
      "Сваки пут када задобијеш #rклетву, повећај своје макс. ж. п. за #b"
    ],
    "FLAVOR": "Камен који исисава снагу из мрачних сила, претварајући је у животну енергију за носиоца.",
    "NAME": "Тамнокамен амајлија"
  },
  "DataDisk": {
    "DESCRIPTIONS": [
      "Започни сваку борбу са #yпотентношћу повећаном за #b",
      "."
    ],
    "FLAVOR": "Овај диск садржи драгоцене податке о птицама и змијама.",
    "NAME": "Диск"
  },
  "Dead Branch": {
    "DESCRIPTIONS": [
      "Сваки пут када #yисцрпиш карту, додај насумичну карту у руку."
    ],
    "FLAVOR": "Грана дрвета из заборављене ере.",
    "NAME": "Мртва грана"
  },
  "Derp Rock": {
    "DESCRIPTIONS": [
      "At the start of your turn, gain #b",
      " Charge. NL (Cannot be removed or transformed.)"
    ],
    "FLAVOR": "Placeholder",
    "NAME": "Derp Rock"
  },
  "Discerning Monocle": {
    "DESCRIPTIONS": [
      "Трговчеве цене су умањене за #b20%"
    ],
    "FLAVOR": "Збиља један помодан монокл.",
    "NAME": "Проницљиви монокл"
  },
  "Dodecahedron": {
    "DESCRIPTIONS": [
      "",
      ""
    ],
    "FLAVOR": "",
    "NAME": ""
  },
  "DollysMirror": {
    "DESCRIPTIONS": [
      "По узимању, задоби додатну копију карте из шпила.",
      "Изабери једну карту коју ћеш да копираш."
    ],
    "FLAVOR": "\"Изгледам смешно у овоме.\"",
    "NAME": "Долино огледало"
  },
  "Dream Catcher": {
    "DESCRIPTIONS": [
      "При сваком #yодмарању, можеш додати једну карту у шпил."
    ],
    "FLAVOR": "Северна племена би често ноћу користила хватаче снова, верујући да воде самопобољшању.",
    "NAME": "Хватач снова"
  },
  "Du-Vu Doll": {
    "DESCRIPTIONS": [
      "За сваку #rклетву у шпилу, започни борбу са #yснагом повећаном за додатних #b",
      ".",
      " Немаш #rклетве.",
      " Имаш #rклетви: #b",
      "."
    ],
    "FLAVOR": "Луткица осмишљена тако да црпи снагу из злокобне енергије.",
    "NAME": "Ду-ву луткица"
  },
  "Ectoplasm": {
    "DESCRIPTIONS": [
      " Више не можеш да задобијаш #yзлато.",
      "Задоби [E] на почетку сваког потеза."
    ],
    "FLAVOR": "Чини се да ова гомила слузи и енергије пулсира животом.",
    "NAME": "Ектоплазма"
  },
  "Emotion Chip": {
    "DESCRIPTIONS": [
      "Ако си претходни потез изгубио ж. п., искористи пасивне способности свих својих сфера на почетку потеза."
    ],
    "FLAVOR": "...<3...?",
    "NAME": "Чип за емоције"
  },
  "Empty Cage": {
    "DESCRIPTIONS": [
      "По узимању, уклони #bдве карте из шпила.",
      "Изабери две карте које ћеш да уклониш."
    ],
    "FLAVOR": "\"Није ли чудно заробити оно што обожаваш?\" - Рануид",
    "NAME": "Празан кавез"
  },
  "Enchiridion": {
    "DESCRIPTIONS": [
      "На почетку борбе, додај насумичну #yмоћ у руку. #bБесплатна је тај потез."
    ],
    "FLAVOR": "Легендардни дневник једног древног лича.",
    "NAME": "Енхиридион"
  },
  "Eternal Feather": {
    "DESCRIPTIONS": [
      "За сваких #b",
      " карата у шпилу, залечи #b",
      " ж. п. сваки пут када уђеш у одмаралиште."
    ],
    "FLAVOR": "Ово перо је изгледа потпуно неуништиво. Од какве врсте птице би уопште могло да потекне?",
    "NAME": "Вечно перо"
  },
  "FaceOfCleric": {
    "DESCRIPTIONS": [
      "На крају борбе, повећај своје макс. ж. п. за #bједан."
    ],
    "FLAVOR": "Сви воле Попу.",
    "NAME": "Лице Попе"
  },
  "FossilizedHelix": {
    "DESCRIPTIONS": [
      "Спречи прво губљење ж. п. у свакој борби."
    ],
    "FLAVOR": "Наизглед неуништиво, питаш се ком је ово створењу могло да припада.",
    "NAME": "Фосилизовани хеликс"
  },
  "Frozen Egg 2": {
    "DESCRIPTIONS": [
      "Сваки пут када додаш #yмоћ у шпил, #yпобољшај је."
    ],
    "FLAVOR": "Јаје стоји инертно и залеђено, никад да се излегне.",
    "NAME": "Зелеђено јаје"
  },
  "Frozen Eye": {
    "DESCRIPTIONS": [
      "Карте у #yгомили #yза #yвучење су сада приказане по реду."
    ],
    "FLAVOR": "Гледајући у око, видиш наговештаје своје будућности.",
    "NAME": "Залеђено око"
  },
  "FrozenCore": {
    "DESCRIPTIONS": [
      "Замењује #bНапукнуто #bјезгро. Ако завршиш потез са празним местима за сфере, #yпризови #bједан #yмраз."
    ],
    "FLAVOR": "Напукнуће у твом језгру је испуњено пулсирајућом леденом енергијом.",
    "NAME": "Залеђено језгро"
  },
  "Fusion Hammer": {
    "DESCRIPTIONS": [
      " на почетку свог потеза. Више не можеш да #yкујеш да одмаралиштима.",
      "Задоби [E]"
    ],
    "FLAVOR": "Једном узет, власник више никад не може да га пусти.",
    "NAME": "Чекић стапања"
  },
  "Gambling Chip": {
    "DESCRIPTIONS": [
      "На почетку сваке борбе, одбаци било који број карата, потом вуци исто толико карата."
    ],
    "FLAVOR": "Можеш да видиш мали запис на једној од страна. Каже: \"Медин талични чип!\"",
    "NAME": "Коцкарски чип"
  },
  "Ginger": {
    "DESCRIPTIONS": [
      "Више не можеш бити #yослабљен."
    ],
    "FLAVOR": "Потентан састојак многих тоника.",
    "NAME": "Ђумбир"
  },
  "Girya": {
    "DESCRIPTIONS": [
      "Са овим на одмаралиштима можеш да повећаш своју #yснагу (до највише три пута)."
    ],
    "FLAVOR": "Ова гирја је незамисливо тешка. Тренинг овим би могао значајно да те ојача.",
    "NAME": "Гирја"
  },
  "Golden Idol": {
    "DESCRIPTIONS": [
      "Непријатељи испуштају #b25% више #yзлата."
    ],
    "FLAVOR": "Начињен од сувог злата. Само држећи га се већ осећаш богатије.",
    "NAME": "Златни идол"
  },
  "GoldenEye": {
    "DESCRIPTIONS": [
      "Сваки пут када #yпроричеш, види #b",
      " додатне карте."
    ],
    "FLAVOR": "Завири у умове свих у близини, предвиђајући њихове будуће потезе.",
    "NAME": "Златно око"
  },
  "Gremlin Horn": {
    "DESCRIPTIONS": [
      "Сваки пут када непријатељ умре, задоби ",
      "[E] и вуци #bједну карту."
    ],
    "FLAVOR": "\"Алфа гремлини могу да расту све до смрти. Изузетно.\" - Рануид",
    "NAME": "Гремлински рог"
  },
  "GremlinMask": {
    "DESCRIPTIONS": [
      "Започни сваку борбу са #bједном #yслабошћу."
    ],
    "FLAVOR": "Време је за бежање.",
    "NAME": "Гремлинова гримаса"
  },
  "HandDrill": {
    "DESCRIPTIONS": [
      "Сваки пут када разбијеш #yодбрану непријатеља, нанеси #bдве #yрањивости."
    ],
    "FLAVOR": "\"Спирале су опасне.\"",
    "NAME": "Бушилица"
  },
  "Happy Flower": {
    "DESCRIPTIONS": [
      "Свака #b",
      " круга, задоби [E] ."
    ],
    "FLAVOR": "Ова вазда весела биљка је врло популарна новотарија међу племићима.",
    "NAME": "Срећни цвет"
  },
  "HolyWater": {
    "DESCRIPTIONS": [
      "Замењује #pПрочишћену #pводу. На почетку сваке борбе, додај #bтри #yЧуда у руку."
    ],
    "FLAVOR": "Сакупљена у време пре Торња.",
    "NAME": "Света водица"
  },
  "HornCleat": {
    "DESCRIPTIONS": [
      "На почетку свог другог потеза, задоби #b",
      " #yодбране."
    ],
    "FLAVOR": "Фин осећај кад се држи у шаци. Чему ли је служило?",
    "NAME": "Клин"
  },
  "HoveringKite": {
    "DESCRIPTIONS": [
      "Први пут када одбациш карту сваки потез, задоби [E] ."
    ],
    "FLAVOR": "Змај лебди око тебе у борби, покретен мистериозном силом.",
    "NAME": "Лебдећи змај"
  },
  "Ice Cream": {
    "DESCRIPTIONS": [
      "Енергија се сада преноси између потеза."
    ],
    "FLAVOR": "\"Преукусно!\"",
    "NAME": "Сладолед"
  },
  "Incense Burner": {
    "DESCRIPTIONS": [
      "Сваких #bшест кругова, задоби #bједну #yнедодирљивост."
    ],
    "FLAVOR": "Дим испуњава носиоца спаљеним духом.",
    "NAME": "Кандило"
  },
  "InkBottle": {
    "DESCRIPTIONS": [
      "Сваки пут када одиграш #bдесет карата, вуци #bједну карту."
    ],
    "FLAVOR": "Чим се испразни, чини се да се у истом трену напуни другом бојом.",
    "NAME": "Бочица за мастило"
  },
  "Inserter": {
    "DESCRIPTIONS": [
      "Свака #bдва круга, задоби #bједно сферно поље."
    ],
    "FLAVOR": "Гурај. Вуци. Нижи. Понављај.",
    "NAME": "Манипулатор"
  },
  "Juzu Bracelet": {
    "DESCRIPTIONS": [
      "Обични непријатељи се више не срећу у #y? собама."
    ],
    "FLAVOR": "Заштита од непознатог.",
    "NAME": "Јузу бројаница"
  },
  "Kunai": {
    "DESCRIPTIONS": [
      "Сваки пут када одиграш #b",
      " #yнапада у једном потезу, задоби #b",
      " #yокретност."
    ],
    "FLAVOR": "Нож омиљен међу убицама због своје практичности на даљину.",
    "NAME": "Кунаи"
  },
  "Lantern": {
    "DESCRIPTIONS": [
      "Сваку борбу започни са ",
      "[E] више",
      ""
    ],
    "FLAVOR": "Језиви фењер који светли само свом носиоцу.",
    "NAME": "Фењер"
  },
  "Lee's Waffle": {
    "DESCRIPTIONS": [
      "По узимању, повећај своје макс. ж. п. за #b",
      " и потпуно се залечи."
    ],
    "FLAVOR": "\"Најукуснија посластица коју ћете наћи у Торњу! Умешена данас само за вас.\"",
    "NAME": "Лијев вафл"
  },
  "Letter Opener": {
    "DESCRIPTIONS": [
      "Сваки пут када одиграш #bтри #yумећа у једном потезу, задај #b",
      " штете СВИМ непријатељима."
    ],
    "FLAVOR": "Неприродно оштар.",
    "NAME": "Отварач за писма"
  },
  "Living Blade": {
    "DESCRIPTIONS": [
      ""
    ],
    "FLAVOR": "",
    "NAME": ""
  },
  "Lizard Tail": {
    "DESCRIPTIONS": [
      "Следећи пут када би требало да умреш, залечи се на #b50% својих макс. ж. п. (ради само једанпут)."
    ],
    "FLAVOR": "Лажни реп за замајавање непријатеља у борби.",
    "NAME": "Гуштеров реп"
  },
  "Magic Flower": {
    "DESCRIPTIONS": [
      "Залечивање је #b50% делотворније током борбе."
    ],
    "FLAVOR": "Цвет за који се мислило да је одавно изумро. Овај је неким чудом савршено очуван.",
    "NAME": "Магични цвет"
  },
  "Mango": {
    "DESCRIPTIONS": [
      "По узимању, повећај своје макс. ж. п. за #b"
    ],
    "FLAVOR": "Најтраженије заборављено воће. Беспрекорно сачуван, без знакова Буђи.",
    "NAME": "Манго"
  },
  "Mark of Pain": {
    "DESCRIPTIONS": [
      "Задоби [R] на почетку свог круга. На почетку борбе убаци #bдве #rране у гомилу за вучење."
    ],
    "FLAVOR": "Овај знак је био коришћен међу северним племенима за обележивање ратника који су овладали болом у борби.",
    "NAME": "Жиг бола"
  },
  "Mark of the Bloom": {
    "DESCRIPTIONS": [
      "Више не можеш да се лечиш."
    ],
    "FLAVOR": "У Вани, мисли и стварност су једно те исто.",
    "NAME": "Белег Вани"
  },
  "Matryoshka": {
    "DESCRIPTIONS": [
      "Следећа #bдва не-вождовска ковчега која отвориш садрже #bдве #yреликвије.",
      "Следећи не-вождовски ковчег који отвориш садржи #bдве #yреликвије.",
      "Ова реликвија је потрошена."
    ],
    "FLAVOR": "Комплет обојених луткица које се стављају једна у другу. Украс представља непознату птицу са белим очима и плавим перјем.",
    "NAME": "Бабушка"
  },
  "MawBank": {
    "DESCRIPTIONS": [
      "Сваки пут када се попнеш уз спрат, задоби #b",
      " #yзлата. Престаје да ради чим потрошиш било коју количину #yзлата на тржници.",
      "Ова реликвија је потрошена."
    ],
    "FLAVOR": "Изненађујуће популарна, упркос томе што су напади шељушчара редовна појава.",
    "NAME": "Касица-чељушчара"
  },
  "MealTicket": {
    "DESCRIPTIONS": [
      "Сваки пут када посетиш тржницу, залечи #b",
      " ж. п."
    ],
    "FLAVOR": "\"Ћуфте са сваком посетом!\"",
    "NAME": "Бон за оброк"
  },
  "Meat on the Bone": {
    "DESCRIPTIONS": [
      "Ако су ти ж. п. на или испод #b50% на крају борбе, залечи #b",
      " ж. п."
    ],
    "FLAVOR": "Месо се вазда обнавља око кости, и чини се да му нема краја.",
    "NAME": "Кост и кожура"
  },
  "Medical Kit": {
    "DESCRIPTIONS": [
      "#yНеодигрива #yстања се сада могу одиграти. Сваки пут када одиграш #yстање, #yисцрпи га."
    ],
    "FLAVOR": "\"Садржи све што вам је потребно! Спрејеви против свраба, опекотина, отрова, и још!\"",
    "NAME": "Комплет за прву помоћ"
  },
  "Melange": {
    "DESCRIPTIONS": [
      "Сваки пут када промешаш гомилу за вучење, #yпрореци #b",
      " карте."
    ],
    "FLAVOR": "Мистериозни песак непознатог порекла. Мирише на цимет.",
    "NAME": "Меланж"
  },
  "Membership Card": {
    "DESCRIPTIONS": [
      "#b50% попуста на све производе!"
    ],
    "FLAVOR": "\"Ексклузивне чланске понуде за моје највредније муштерије!\"",
    "NAME": "Чланска картица"
  },
  "Mercury Hourglass": {
    "DESCRIPTIONS": [
      "На почетку свог потеза, задај #b",
      " штете СВИМ непријатељима."
    ],
    "FLAVOR": "Омађијани пешчаник који бескрајно тече.",
    "NAME": "Пешчаник са живом"
  },
  "Molten Egg 2": {
    "DESCRIPTIONS": [
      "Сваки пут када додаш #yнапад у шпил, #yпобољшај га."
    ],
    "FLAVOR": "Јаје феникса. Растопљена лава сија врелом црвеном бојом.",
    "NAME": "Ужарено јаје"
  },
  "Mummified Hand": {
    "DESCRIPTIONS": [
      "Сваки пут када одиграш #yмоћ, насумична карта из руке постаје #bбесплатна тај потеза."
    ],
    "FLAVOR": "Често се трза, поготово када ти је пулс висок.",
    "NAME": "Мумифицирана шака"
  },
  "MutagenicStrength": {
    "DESCRIPTIONS": [
      "Започни сваку борбу са #yснагом повећаном за #b",
      ". На крају свог првог потеза, смањи своју #yснагу за #b",
      "."
    ],
    "FLAVOR": "\"Резултати се чине непоузданим, показујући се само када је субјект у опасности.\" - Непознати аутор",
    "NAME": "Мутагенска снага"
  },
  "Necronomicon": {
    "DESCRIPTIONS": [
      "Први одигран #yнапад у сваком потезу са ценом од #b",
      " или више се одиграва двапут. По узимању ове реликвије, постајеш посебно #rуклет.",
      " или више се одиграва двапут."
    ],
    "FLAVOR": "Само би будала покушала да искористи ову злу моћ. Ноћу си у сновима ухођен призорима где ти ова књига прождире ум.",
    "NAME": "Некрономикон"
  },
  "NeowsBlessing": {
    "DESCRIPTIONS": [
      "Непријатељи у прве #bтри борбе имају један #bж. #bп.",
      "Реликвија је потрошена."
    ],
    "FLAVOR": "Благослов плача дарован од Њове.",
    "NAME": "Њовин плач"
  },
  "Nilry's Codex": {
    "DESCRIPTIONS": [
      "На крају сваког потеза, можеш да убациш #bједну од #bтри насумичне карте у гомилу за вучење."
    ],
    "FLAVOR": "Сачинио га је озлоглашени господар игара лично. Сматра се да проширује ум.",
    "NAME": "Нилријев кодекс"
  },
  "Ninja Scroll": {
    "DESCRIPTIONS": [
      "На почетку сваке борбе, додај #b",
      " #yНожа у руку."
    ],
    "FLAVOR": "Садржи тајне атентирања.",
    "NAME": "Нинџа списи"
  },
  "Nloth's Gift": {
    "DESCRIPTIONS": [
      "Утростручује шансу за добијање ретке карте као награде за борбу."
    ],
    "FLAVOR": "Чудан поклон од Нлота. Сваки пут када покушаш да га отвориш, унутра лежи још једна упакована кутија исте величине.",
    "NAME": "Нлотов поклон"
  },
  "NlothsMask": {
    "DESCRIPTIONS": [
      "Следећи не-вождовски ковчег који отвориш је празан.",
      ""
    ],
    "FLAVOR": "Гладан си.",
    "NAME": "Нлотова маска"
  },
  "Nuclear Battery": {
    "DESCRIPTIONS": [
      "На почетку сваке борбе, #yпризови #bједну #yплазму."
    ],
    "FLAVOR": "Ооооо...",
    "NAME": "Нуклеарна батерија"
  },
  "Nullstone Periapt": {
    "DESCRIPTIONS": [
      ""
    ],
    "FLAVOR": ".",
    "NAME": "Nullstone Periapt"
  },
  "Nunchaku": {
    "DESCRIPTIONS": [
      "Сваки пут када одиграш #b",
      " #yнапада, задоби [E] ."
    ],
    "FLAVOR": "Добро тренажно помагало. Побољшава држање и окретност носиоца.",
    "NAME": "Нунчаке"
  },
  "Odd Mushroom": {
    "DESCRIPTIONS": [
      "Када си #yрањив, примаш само #b25% више штете од напада уместо #b50%."
    ],
    "FLAVOR": "\"Након једења trichella parastius осећао сам се гломазније и мање... подложно.\" - Рануид ",
    "NAME": "Чудна печурка"
  },
  "Oddly Smooth Stone": {
    "DESCRIPTIONS": [
      "Започни сваку борбу са #yокретношћу повећаном за #b",
      "."
    ],
    "FLAVOR": "Никад ниси видео нешто тако глатко и беспрекорно. Ово мора да је дело Древних.",
    "NAME": "Запањујуће гладак камен"
  },
  "Old Coin": {
    "DESCRIPTIONS": [
      "По узимању, задоби #b300 #yзлата."
    ],
    "FLAVOR": "Трговци високо цене јединствене новчиће због њихове историјске вредности и ретких металних особина.",
    "NAME": "Стари новчић"
  },
  "Omamori": {
    "DESCRIPTIONS": [
      "Негирај следеће #bдве #rклетве.",
      "Негирај следећу #rклетву.",
      "Ова реликвија је потрошена."
    ],
    "FLAVOR": "Учестала амајлија у одбрани против мрачних духова. Чини се да ова има искру божанске енергије.",
    "NAME": "Омамори"
  },
  "OrangePellets": {
    "DESCRIPTIONS": [
      "Сваки пут када одиграш #yмоћ, #yнапад и #yвештину у истом потезу, уклони сва негативна стања са себе."
    ],
    "FLAVOR": "\"Направљене од разних гљива нађених по целом Торњу. Држе подаље сваку бољку.\"",
    "NAME": "Наранџасте куглице"
  },
  "Orichalcum": {
    "DESCRIPTIONS": [
      "Ако завршиш свој потез без #yодбране, задоби #b",
      " #yодбране."
    ],
    "FLAVOR": "Метал зелених нијанси непознатог порекла. Наизглед неуништив.",
    "NAME": "Орихалк"
  },
  "Ornamental Fan": {
    "DESCRIPTIONS": [
      "Сваки пут када одиграш #bтри #yнапада у једном потезу, задоби #b",
      " #yодбране."
    ],
    "FLAVOR": "Као да се све више отвара и постаје тврђа са сваком проливеном капи крви.",
    "NAME": "Украсна лепеза"
  },
  "Orrery": {
    "DESCRIPTIONS": [
      "По узимању, изабери и додај #bпет карата у шпил.",
      "Знање!"
    ],
    "FLAVOR": "\"Једном када схватиш васиону...\" - Зорот",
    "NAME": "Планетеријум"
  },
  "Pandora's Box": {
    "DESCRIPTIONS": [
      "По узимању, #bпреобрази све Ударац и О​дбрана карте.",
      "Пандорина кутија је отворена..."
    ],
    "FLAVOR": "Имаш лош предосећај око отварања овога.",
    "NAME": "Пандорина кутија"
  },
  "Pantograph": {
    "DESCRIPTIONS": [
      "На почетку борби против вождова, залечи #b",
      " ж. п."
    ],
    "FLAVOR": "\"Чврсти темељи нису случајни. Алати за планирање су нужни.\" - Архитекта",
    "NAME": "Пантограф"
  },
  "Paper Crane": {
    "DESCRIPTIONS": [
      "#yОслабљени непријатељи задају #b40% мање штете уместо #b25%."
    ],
    "FLAVOR": "Оригами по лику неког створа из прошлог доба.",
    "NAME": "Папирни ждрал"
  },
  "Paper Frog": {
    "DESCRIPTIONS": [
      "#yРањиви непријатељи уместо #b50% више штете, сада примају #b75%."
    ],
    "FLAVOR": "Папир се стално увија и одвија према облику неког малог створења.",
    "NAME": "Папирна шжаба"
  },
  "Peace Pipe": {
    "DESCRIPTIONS": [
      "На одмаралиштима сада можеш да уклониш карту из шпила."
    ],
    "FLAVOR": "Разбиструје ум и прочишћава душу.",
    "NAME": "Лула мира"
  },
  "Pear": {
    "DESCRIPTIONS": [
      "По узимању, повећај своје макс. ж. п. за #b"
    ],
    "FLAVOR": "Честа воћка пре Буђи.",
    "NAME": "Крушка"
  },
  "Pen Nib": {
    "DESCRIPTIONS": [
      "Сваки #b10. #yнапад који одиграш задаје двоструку штету."
    ],
    "FLAVOR": "Држећи врх, можеш да видиш све које је прошли власник икада убио. Насилна прошлост.",
    "NAME": "Врх пенкала"
  },
  "Philosopher's Stone": {
    "DESCRIPTIONS": [
      "Задоби [E] на почетку свог потеза. СВИ непријатељи почињу борбу са #yснагом повећаном за #b",
      "."
    ],
    "FLAVOR": "Из камена исијава чиста енергија, напајајући све око себе.",
    "NAME": "Камен мудрости"
  },
  "Pocketwatch": {
    "DESCRIPTIONS": [
      "Сваки пут када одиграш #bтри или мање карата током свог потеза, вуци #bтри додатне карте на почетку свог следећег потеза."
    ],
    "FLAVOR": "Чини се да су казаљке заглављене на трећем часу.",
    "NAME": "Џепни сат"
  },
  "Potion Belt": {
    "DESCRIPTIONS": [
      "По узимању, задоби #bдва места за напитке."
    ],
    "FLAVOR": "Уз помоћ овог појаса могу да носим још напитака!",
    "NAME": "Појас за напитке"
  },
  "Prayer Wheel": {
    "DESCRIPTIONS": [
      "Нормални непријатељи испуштају још једну додатну наградну карту."
    ],
    "FLAVOR": "Точак се окреће, без престанка.",
    "NAME": "Молитвени точак"
  },
  "PreservedInsect": {
    "DESCRIPTIONS": [
      "Непријатељи у челничким борбама имају #b",
      "% мање ж. п."
    ],
    "FLAVOR": "Инсект ствара ауру смањивања која циља нарочито велике непријатеље.",
    "NAME": "Препарирани инсект"
  },
  "PrismaticShard": {
    "DESCRIPTIONS": [
      "Наградне карте сада могу да буду безбојне и других боја."
    ],
    "FLAVOR": "Гледајући кроз фрагмент, можеш да видиш потпуно нове перспективе.",
    "NAME": "Призматични фрагмент"
  },
  "PureWater": {
    "DESCRIPTIONS": [
      "На почетку сваке борбе, додај #yЧудо у руку."
    ],
    "FLAVOR": "Филтрирана кроз фин песак, без икаквих нечистоћа.",
    "NAME": "Прочишћена вода"
  },
  "Question Card": {
    "DESCRIPTIONS": [
      "У будућност ћеш при одабиру наградне карте имати још #bједну додатну карту у избору."
    ],
    "FLAVOR": "\"Они са више избора умањују негативне аспекте хаоса.\" - Кублај Велики",
    "NAME": "Упитна карта"
  },
  "Red Circlet": {
    "DESCRIPTIONS": [
      "Изгледа божанствено."
    ],
    "FLAVOR": "Понестало је реликвија. Импресивно!",
    "NAME": "Црвена тијара"
  },
  "Red Mask": {
    "DESCRIPTIONS": [
      "На почетку сваке борбе, нанеси #b",
      " #yслабост СВИМ непријатељима."
    ],
    "FLAVOR": "Ова кицошка маска припада вођи Црвеномаскираних Бандита. Технички, то сада тебе чини њиховим вођом?",
    "NAME": "Црвена маска"
  },
  "Red Skull": {
    "DESCRIPTIONS": [
      "Све док су ти ж. п. на или испод #b50%, #yснага ти је повећана за #b",
      "."
    ],
    "FLAVOR": "Мала лобања покривена украсном бојом.",
    "NAME": "Црвена лобања"
  },
  "Regal Pillow": {
    "DESCRIPTIONS": [
      "Сваки пут када се #yодмараш, залечи додатних #b",
      " ж. п."
    ],
    "FLAVOR": "Сада можеш прописно да се одмориш.",
    "NAME": "Регални јастук"
  },
  "Ring of the Serpent": {
    "DESCRIPTIONS": [
      "Замењује #gПрстен #gзмије. ",
      "На почетку свог потеза, вуци #bједну додатну карту."
    ],
    "FLAVOR": "Твој прстен је променио форму.",
    "NAME": "Прстен гује"
  },
  "Ring of the Snake": {
    "DESCRIPTIONS": [
      "На почетку сваке борбе, вуци #b",
      " додатне карте."
    ],
    "FLAVOR": "Начињен од фосилизоване змије. Симболизује велику вештину ловца.",
    "NAME": "Прстен змије"
  },
  "Runic Capacitor": {
    "DESCRIPTIONS": [
      "Започни сваку борбу са #bтри додатна сферна поља."
    ],
    "FLAVOR": "Више је боље.",
    "NAME": "Рунски кондензатор"
  },
  "Runic Cube": {
    "DESCRIPTIONS": [
      "Сваки пут када изгубиш ж. п., вуци #b",
      " карту.",
      ""
    ],
    "FLAVOR": "Руне су потпуно неразумљиве.",
    "NAME": "Рунска коцка"
  },
  "Runic Dome": {
    "DESCRIPTIONS": [
      "на почетку свог потеза. Више не можеш да видиш намере непријатеља.",
      "Задоби [E] "
    ],
    "FLAVOR": "Руне су потпуно неразумљиве.",
    "NAME": "Рунска купола"
  },
  "Runic Pyramid": {
    "DESCRIPTIONS": [
      "Више не одбацујеш руку на крају свог потеза.",
      ""
    ],
    "FLAVOR": "Руне су потпуно неразумљиве.",
    "NAME": "Рунска пирамида"
  },
  "SacredBark": {
    "DESCRIPTIONS": [
      "Напици су двоструко делотворни."
    ],
    "FLAVOR": "Кора за коју се прича да је потекла са дрвета живота.",
    "NAME": "Света кора"
  },
  "Self Forming Clay": {
    "DESCRIPTIONS": [
      "Сваки пут када изгубиш ж. п., задоби #b",
      " #yодбране следећи потез."
    ],
    "FLAVOR": "\"Врло необично! Изгледа као да се обликује према мојим мислима! Теле-глина?\" - Рануид",
    "NAME": "Самообликујућа глина"
  },
  "Shovel": {
    "DESCRIPTIONS": [
      "Сада можеш да #yископаваш реликвије на одмаралиштима."
    ],
    "FLAVOR": "Торањ садржи реликвије од давних цивилизација и пустолова, све изгубљено у прошлости. Време је да се ископају!",
    "NAME": "Лопата"
  },
  "Shuriken": {
    "DESCRIPTIONS": [
      "Сваки пут када одиграш #b",
      " #yнапада у једном потезу, повећај своју #yснагу за #b",
      "."
    ],
    "FLAVOR": "Лагано оружје за бацање. Предлаже се циљање у очи.",
    "NAME": "Шурикен"
  },
  "Singing Bowl": {
    "DESCRIPTIONS": [
      "Уместо додавања карте у шпил, можеш да повећаш своје макс. ж. п. за #b2."
    ],
    "FLAVOR": "Ово добрано коришћено помагало звони прелепом мелодијом при ударцу.",
    "NAME": "Певајућа чинија"
  },
  "SlaversCollar": {
    "DESCRIPTIONS": [
      "Током борби са вождовима и челницима, задоби [E] на крају свог потеза."
    ],
    "FLAVOR": "Рђави мизерни ланци.",
    "NAME": "Робовласников оковратник"
  },
  "Sling": {
    "DESCRIPTIONS": [
      "Сваку борбу против челника започни са #yснагом повећаном за #b",
      "."
    ],
    "FLAVOR": "\"Корисна алатка за ношење са посебно жилавим непријатељима.\"",
    "NAME": "Праћка одважности"
  },
  "Smiling Mask": {
    "DESCRIPTIONS": [
      "Трговчева услуга уклањања карата сада увек кошта #b",
      " #yзлата."
    ],
    "FLAVOR": "Маска коју носи Трговац. Мора да има резервне...",
    "NAME": "Насмејана маска"
  },
  "Snake Skull": {
    "DESCRIPTIONS": [
      "Сваки пут када нанесеш #yотров, нанеси #b",
      " додатан #yотров."
    ],
    "FLAVOR": "Беспрекорна лобања змијка. Чудновато чиста и глатка, прљавштина и прашина необјашњиво спадају са ње.",
    "NAME": "Змијкова лобања"
  },
  "Snecko Eye": {
    "DESCRIPTIONS": [
      "На почетку свог потеза, вуци #bдве додатне карте. Сваку борбу почињеш #yзбуњен."
    ],
    "FLAVOR": "Око палог змијка. Веће него што си мислио.",
    "NAME": "Змијково око"
  },
  "Sozu": {
    "DESCRIPTIONS": [
      " на почетку сваког потеза. Више не можеш да задобијаш напитке. ",
      "Задоби [E]"
    ],
    "FLAVOR": "Примећујеш да магичне течности губе своја својства у близини ове реликвије.",
    "NAME": "Содзу"
  },
  "Spirit Poop": {
    "DESCRIPTIONS": [
      "Не изгледа лепо."
    ],
    "FLAVOR": "Угљенисани остаци твог приноса вилењацима.",
    "NAME": "Вилењачко гованце"
  },
  "SsserpentHead": {
    "DESCRIPTIONS": [
      "Сваки пут када уђеш у #y? собу, задоби #b",
      " #yзлата."
    ],
    "FLAVOR": "Најиспуњенији животи су они у којима можеш да купиш било шта!",
    "NAME": "Глава гууууујјјееее"
  },
  "StoneCalendar": {
    "DESCRIPTIONS": [
      "На крају #b",
      ". потеза, задај #b",
      " штете СВИМ непријатељима."
    ],
    "FLAVOR": "Одмицање времена је неприметно у Торњу.",
    "NAME": "Камени календар"
  },
  "Strange Spoon": {
    "DESCRIPTIONS": [
      "Када би требало да #yисцрпиш карту, постоји #b50% шансе да ћеш је уместо тога само одбацити."
    ],
    "FLAVOR": "Зурећи у кашику, чини ти се да се криви и гиба пред твојим очима.",
    "NAME": "Чудновата кашика"
  },
  "Strawberry": {
    "DESCRIPTIONS": [
      "По узимању, повећај своје макс. ж. п. за #b"
    ],
    "FLAVOR": "\"Преукусно! Ни на једну нисам наишао још од почетка Буђи.\" - Рануид",
    "NAME": "Јагода"
  },
  "StrikeDummy": {
    "DESCRIPTIONS": [
      "Карте које садрже \"ударац\" задају #b",
      " више штете."
    ],
    "FLAVOR": "Сва је претучена.",
    "NAME": "Тренинг лутка"
  },
  "Sundial": {
    "DESCRIPTIONS": [
      "Свака #b",
      " пута када измешаш гомилу за вучење, задоби [E] [E] ."
    ],
    "FLAVOR": "\"Будаласта опсесија раних људи временом их је терала да упере своје погледе ка небу, надајући се нечем непролазном.\" - Зорот",
    "NAME": "Сунчани часовник"
  },
  "Symbiotic Virus": {
    "DESCRIPTIONS": [
      "На почетку сваке борбе, #yпризови #bједну #yтаму."
    ],
    "FLAVOR": "Мало лошег може да учини много добра...",
    "NAME": "Симбиотички вирус"
  },
  "TeardropLocket": {
    "DESCRIPTIONS": [
      "Започни сваку борбу #yсмирен."
    ],
    "FLAVOR": "Његов власник слеп, садржај никад виђен.",
    "NAME": "Медаљон суза"
  },
  "Test 1": {
    "DESCRIPTIONS": [
      "",
      "",
      "",
      ""
    ],
    "FLAVOR": "",
    "NAME": ""
  },
  "Test 2": {
    "DESCRIPTIONS": [
      ""
    ],
    "FLAVOR": "",
    "NAME": ""
  },
  "Test 3": {
    "DESCRIPTIONS": [
      ""
    ],
    "FLAVOR": "",
    "NAME": ""
  },
  "Test 4": {
    "DESCRIPTIONS": [
      ""
    ],
    "FLAVOR": "",
    "NAME": ""
  },
  "Test 5": {
    "DESCRIPTIONS": [
      "",
      ""
    ],
    "FLAVOR": "",
    "NAME": ""
  },
  "Test 6": {
    "DESCRIPTIONS": [
      "",
      "",
      ""
    ],
    "FLAVOR": "",
    "NAME": ""
  },
  "Test 7": {
    "DESCRIPTIONS": [
      ""
    ],
    "FLAVOR": "",
    "NAME": ""
  },
  "Test 8": {
    "DESCRIPTIONS": [
      ""
    ],
    "FLAVOR": "",
    "NAME": ""
  },
  "The Courier": {
    "DESCRIPTIONS": [
      "Трговац не остаје без карата, реликвија, и напитака. Све цене су снижене за #b20%."
    ],
    "FLAVOR": "Трговчев лични љубимац!",
    "NAME": "Курир"
  },
  "The Specimen": {
    "DESCRIPTIONS": [
      "Сваки пут када непријатељ умре, пребаци сав #yотров који је имао на насумичног непријатеља."
    ],
    "FLAVOR": "\"Фасцинантно! Нашао сам мутирано створење које је запањујуће отровно. Чувам узорак за касније испитивање.\" - Рануид",
    "NAME": "Примерак"
  },
  "TheAbacus": {
    "DESCRIPTIONS": [
      "Сваки пут када промешаш гомилу за вучење, задоби #b",
      " #yодбране."
    ],
    "FLAVOR": "\"Један...два...три...\"",
    "NAME": "Абакус"
  },
  "Thread and Needle": {
    "DESCRIPTIONS": [
      "Започни сваку борбу са #b",
      " #yопточеног #yоклопа."
    ],
    "FLAVOR": "Обавијањем магичног конца око свог тела, чиниш га чвршћим на додир.",
    "NAME": "Конац и игла"
  },
  "Tingsha": {
    "DESCRIPTIONS": [
      "Сваки пут када одбациш карту током свог потеза, задај #b",
      " штете насумичном непријатељу."
    ],
    "FLAVOR": "Звук који овај инструмент прави уме да јечи до болних нивоа буке.",
    "NAME": "Тингша"
  },
  "Tiny Chest": {
    "DESCRIPTIONS": [
      "Свака #b",
      ". #y? соба се претвара у #yризницу.",
      ""
    ],
    "FLAVOR": "\"Фин прототип.\" - Архитекта",
    "NAME": "Ковчежић"
  },
  "Tiny House": {
    "DESCRIPTIONS": [
      "По узимању, задоби #bједан напитак. NL Задоби #b",
      " #yзлата. NL Повећај своје макс. ж. п. за #b",
      ". NL Задоби #bједну карту. NL Побољшај #bједну насумичну карту.",
      "Кућица!"
    ],
    "FLAVOR": "\"Скоро савршена имплементација минијатуризације. Моје најфиније дело до сад, али и даље неадекватно.\" - Архитекта",
    "NAME": "Кућица"
  },
  "Toolbox": {
    "DESCRIPTIONS": [
      "На почетку сваке борбе, изабери #bједну од #bтри насумичне безбојне карте и додај је у руку."
    ],
    "FLAVOR": "Алат за сваки посао.",
    "NAME": "Кутија са алатом"
  },
  "Torii": {
    "DESCRIPTIONS": [
      "Сваки пут када би примио #b",
      " или мање неодбрањене штете од напада, смањи је на #b1."
    ],
    "FLAVOR": "Држећи мали тории, осећаш како ти ум плови преко океана мира и сигурности.",
    "NAME": "Тории"
  },
  "Tough Bandages": {
    "DESCRIPTIONS": [
      "Сваки пут када одбациш карту током свог потеза, задоби #b",
      " #yодбране."
    ],
    "FLAVOR": "Бол ти даје снагу.",
    "NAME": "Опаки завоји"
  },
  "Toxic Egg 2": {
    "DESCRIPTIONS": [
      "Сваки пут када додаш #yумеће у шпил, #yпобољшај га."
    ],
    "FLAVOR": "\"Какво величанствено откриће! Ово изгледа да је инертно јаје неког магичног створења. Ко или шта га је створило?\" - Рануид",
    "NAME": "Отровно јаје"
  },
  "Toy Ornithopter": {
    "DESCRIPTIONS": [
      "Сваки пут када искористиш напитак, залечи #b",
      " ж. п."
    ],
    "FLAVOR": "\"Ова мала играчка је савршени пратилац усамљеном путнику!\"",
    "NAME": "Играчка махокрилац"
  },
  "TungstenRod": {
    "DESCRIPTIONS": [
      "Сваки пут кад би изгубио ж. п., изгуби #b",
      " мање."
    ],
    "FLAVOR": "Веома, веома је тешка.",
    "NAME": "Шипка од тунгстена"
  },
  "Turnip": {
    "DESCRIPTIONS": [
      "Више не можеш бити #yкрхак."
    ],
    "FLAVOR": "Најбоље иде са ђумбиром.",
    "NAME": "Репа"
  },
  "TwistedFunnel": {
    "DESCRIPTIONS": [
      "На почетку сваке борбе, нанеси #bчетири #yотрова СВИМ непријатељима."
    ],
    "FLAVOR": "\"Не бих пио из тога.\"",
    "NAME": "Искривљени левак"
  },
  "Unceasing Top": {
    "DESCRIPTIONS": [
      "Сваки пут када останеш без карата у свом потезу, вуци карту."
    ],
    "FLAVOR": "Чигра наставља да се врти без икаквог напора, као да си у сну.",
    "NAME": "Непрестана чигра"
  },
  "Vajra": {
    "DESCRIPTIONS": [
      "Започни сваку борбу са #yснагом повећаном за #b",
      "."
    ],
    "FLAVOR": "Украсна реликвија дарована ратницима који су се прославили у бици.",
    "NAME": "Вајра"
  },
  "Velvet Choker": {
    "DESCRIPTIONS": [
      " на почетку сваког потеза. Не можеш да одиграш више од #b",
      " карата по потезу.",
      "Задоби [E]",
      "Могу да одиграм само NL #r"
    ],
    "FLAVOR": "\"Невероватна моћ, али превише ограничена.\" - Кублај Велики",
    "NAME": "Сомотни оковратник"
  },
  "VioletLotus": {
    "DESCRIPTIONS": [
      "Сваки пут када изађеш из #yмира, задоби [E] више."
    ],
    "FLAVOR": "Стари текстови описују како су површине \"мана локви\" биле посуте овим цвећем.",
    "NAME": "Љубичасти лотус"
  },
  "War Paint": {
    "DESCRIPTIONS": [
      "По узимању, #yпобошљај #b",
      " насумична #yумећа."
    ],
    "FLAVOR": "У прошлости, Железни би се духовно штитили користећи магијску ратну боју пре јуриша у битку.",
    "NAME": "Ратна боја"
  },
  "WarpedTongs": {
    "DESCRIPTIONS": [
      "На почетку свог потеза, #yпобољшај насумичну карту из руке до краја борбе."
    ],
    "FLAVOR": "Проклете машице изискују снажну жељу да се врате тамо одакле су украдене.",
    "NAME": "Извитоперене машице"
  },
  "Whetstone": {
    "DESCRIPTIONS": [
      "По узимању, #yпобољшај #b",
      " насумична #yнапада."
    ],
    "FLAVOR": "\"Тело никад не побеђује челик.\" - Кублај Велики",
    "NAME": "Тоцило"
  },
  "White Beast Statue": {
    "DESCRIPTIONS": [
      "Напици се сада увек појављују као део плена после борбе."
    ],
    "FLAVOR": "Бела статуица створења које никада раније ниси видео.",
    "NAME": "Статуа беле звери"
  },
  "WingedGreaves": {
    "DESCRIPTIONS": [
      "Можеш да игноришеш путање при одабиру следеће собе, до #bтри пута."
    ],
    "FLAVOR": "Фенси.",
    "NAME": "Крилате чизме"
  },
  "WristBlade": {
    "DESCRIPTIONS": [
      "#bБесплатни #yнапади задају #bчетири додатне штете."
    ],
    "FLAVOR": "Корисно у атентатима.",
    "NAME": "Чакија"
  },
  "Yang": {
    "DESCRIPTIONS": [
      "Сваки пут када одиграш #yнапад, привремено повећај своју #yокретност за #bједан."
    ],
    "FLAVOR": "\"И сунце беше угашено заувек, као да завеса паде пред њим.\" - Зорот",
    "NAME": "Дуалност"
  },
  "Yin": {
    "DESCRIPTIONS": [
      ""
    ],
    "FLAVOR": "",
    "NAME": ""
  }
}