{
  "Allstar": {
    "DESCRIPTION": "Почињеш са пет безбојних карата.",
    "NAME": "Ас"
  },
  "Binary": {
    "DESCRIPTION": "При бирању награде у избору имаш само две карте.",
    "NAME": "Бинарност"
  },
  "Blight Chests": {
    "DESCRIPTION": "Играјући У недоглед, вождовски ковчези садрже буђи након преласка трећег чина.",
    "NAME": "Буђави ковчези"
  },
  "Blue Cards": {
    "DESCRIPTION": "Плаве карте се сада појављују међу наградама и на тржници.",
    "NAME": "Плаве карте"
  },
  "Brewmaster": {
    "DESCRIPTION": "",
    "NAME": ""
  },
  "Careless": {
    "DESCRIPTION": "На почетку сваког потеза, одбаци горњу карту са гомиле за вучење.",
    "NAME": "Бахатост"
  },
  "Chimera": {
    "DESCRIPTION": "Твој почетни шпил је фузија свих ликова.",
    "NAME": "Химера"
  },
  "Colorless Cards": {
    "DESCRIPTION": "Безбојне карте се сада појављују међу наградама и на тржници.",
    "NAME": "Безбојне карте"
  },
  "ControlledChaos": {
    "DESCRIPTION": "Почињеш са Залеђеним оком. На почетку свог потеза, додај 10 насумичних карата на дно гомиле за вучење.",
    "NAME": "Контролисани хаос"
  },
  "Cursed Run": {
    "DESCRIPTION": "Сваки пут када поразиш вожда, постајеш уклет. Твоја почетна реликвија је замењена Уклетим кључем, Тамнокамен амајлијом, и Ду-ву луткицом.",
    "NAME": "Уклети поход"
  },
  "Daily Mods": {
    "DESCRIPTION": "Крени на поход са тачно три насумичне Дневне измене.",
    "NAME": "Смртоносне измене"
  },
  "DeadlyEvents": {
    "DESCRIPTION": "? собе сада могу да садрже челнике али такође чешће садрже блага.",
    "NAME": "Живот на ивици"
  },
  "Diverse": {
    "DESCRIPTION": "Ниси ограничен само на карте свог лика.",
    "NAME": "Разноврсност"
  },
  "Draft": {
    "DESCRIPTION": "Састави почетни шпил од понуђених карата.",
    "NAME": "Нацрт"
  },
  "Elite Swarm": {
    "DESCRIPTION": "Челници су преплавили Торањ, и сада испуштају боље награде.",
    "NAME": "Крупна дивљач"
  },
  "Endless": {
    "DESCRIPTION": "Победа те враћа у Прелудијум са истим шпилом. Имај на уму, Буђ евентуално гута све...",
    "NAME": "У недоглед"
  },
  "Flight": {
    "DESCRIPTION": "Можеш да игноришеш путеве при путовању до следеће собе.",
    "NAME": "Лет"
  },
  "Green Cards": {
    "DESCRIPTION": "Зелене карте се сада појављују међу наградама и на тржници.",
    "NAME": "Зелене карте"
  },
  "Heirloom": {
    "DESCRIPTION": "Почињеш са једном ретком реликвијом.",
    "NAME": "Наследство"
  },
  "Hoarder": {
    "DESCRIPTION": "Сваки пут када додаш карту у шпил, убаци још две копије. Трговац више не пружа услугу уклањања карата.",
    "NAME": "Гомилање"
  },
  "Inception": {
    "DESCRIPTION": "Мења почетну реликвију са Непрестаном чигром.",
    "NAME": "Вазда"
  },
  "Insanity": {
    "DESCRIPTION": "Почињеш са шпилом од 50 насумичних карата.",
    "NAME": "Лудило"
  },
  "IntelligentEnemies": {
    "DESCRIPTION": "Сви непријатељи користе напредније потезе и имају боље способности.",
    "NAME": "Интелигентни непријатељи"
  },
  "Lethality": {
    "DESCRIPTION": "Сваку борбу започињеш са снагом повећаном за три. Исто важи и за непријатеље.",
    "NAME": "Убојитост"
  },
  "Midas": {
    "DESCRIPTION": "Непријатељи испуштају 200% више злата, али више не можеш да #yкујеш на одмаралиштима.",
    "NAME": "Мида"
  },
  "MonsterHunter": {
    "DESCRIPTION": "",
    "NAME": ""
  },
  "My True Form": {
    "DESCRIPTION": "Почињеш са копијом Ђавоиманости, Утваре, Ехо форме и Анђеоске форме.",
    "NAME": "Мој истински облик"
  },
  "NeowTime": {
    "DESCRIPTION": "Прими три благослова и једну пошаст од Њове.",
    "NAME": "Време Њове"
  },
  "Night Terrors": {
    "DESCRIPTION": "Одмарање у потпуности лечи, али кошта пет макс. ж. п.",
    "NAME": "Ноћни страхови"
  },
  "One Hit Wonder": {
    "DESCRIPTION": "Почињеш игру са једним макс. ж. п.",
    "NAME": "Последњи атом снаге"
  },
  "Praise Snecko": {
    "DESCRIPTION": "Мења почетну реликвију са Змијковим оком.",
    "NAME": "Слава Змијку"
  },
  "Purple Cards": {
    "DESCRIPTION": "Љубичасте карте се сада појављују међу наградама и на тржници.",
    "NAME": "Љубичасте карте"
  },
  "Red Cards": {
    "DESCRIPTION": "Црвене карте се сада појављују међу наградама и на тржници.",
    "NAME": "Црвене карте"
  },
  "SealedDeck": {
    "DESCRIPTION": "Састави шпил од 30 насумичних карата.",
    "NAME": "Турнирски шпил"
  },
  "Shiny": {
    "DESCRIPTION": "Почетни шпил је замењен са по једном од сваке ретке карте.",
    "NAME": "Шљашт"
  },
  "Specialized": {
    "DESCRIPTION": "Почињеш са пет копија једне карте.",
    "NAME": "Специјализован"
  },
  "Starter Deck": {
    "DESCRIPTION": "Почињеш са Поломљеном круном и Бинарношћу, тако да непријатељи више не испуштају карте.",
    "NAME": "То ти је што ти је"
  },
  "Stunted Growth": {
    "DESCRIPTION": "Играјући У недоглед, nепријатељи више не испуштају наградне карте након трећег чина.",
    "NAME": "Успорен раст"
  },
  "Terminal": {
    "DESCRIPTION": "Сваки пут када уђеш у нову собу, губиш један макс. ж. п. Сваку борбу почињеш са пет опточеног оклопа.",
    "NAME": "Једном ногом у гробу"
  },
  "The Ending": {
    "DESCRIPTION": "Омогућава финални чин.",
    "NAME": "Крај"
  },
  "Time Dilation": {
    "DESCRIPTION": "Сви непријатељи почињу борбу успорени.",
    "NAME": "Временска дилатација"
  },
  "Uncertain Future": {
    "DESCRIPTION": "Мапа садржи само једну путању.",
    "NAME": "Сигурна будућност"
  },
  "Vintage": {
    "DESCRIPTION": "Нормални непријатељи испуштају реликвије уместо карата.",
    "NAME": "Старина"
  }
}