{
  "Discard Tip": {
    "LABEL": [
      "Гомила за одбацивање"
    ],
    "TEXT": [
      "Ако је твоја гомила за вучење празна, гомила за одбацивање се меша у нову гомилу за вучење. NL NL Притисни да прегледаш карте у својој гомили за одбацивање.",
      "Ако је твоја гомила за вучење празна, гомила за одбацивање се меша у нову гомилу за вучење. NL NL Прегледај карте у својој гомили за одбацивање."
    ]
  },
  "Draw Tip": {
    "LABEL": [
      "Гомила за вучење"
    ],
    "TEXT": [
      "На почетку сваког потеза, NL #b",
      " карата се вуче одавде. NL NL Притисни да прегледаш карте у својој гомили за вучење (измешане).",
      " карата се вуче одавде. NL NL Притисни да прегледаш карте у својој гомили за вучење.",
      " карата се вуче одавде. NL NL Прегледај карте у својој гомили за вучење (измешане).",
      " карата се вуче одавде. NL NL Прегледај карте у својој гомили за вучење."
    ]
  },
  "End Turn Tip": {
    "LABEL": [
      "Заврши потез"
    ],
    "TEXT": [
      "Притиском на овај тастер завршаваш свој потез. NL NL Одбацујеш своју руку, непријатељи играју свој потез, вучеш ",
      " карата, и онда поново долазиш на ред."
    ]
  },
  "Energy Panel Tip": {
    "LABEL": [
      "Енергија"
    ],
    "TEXT": [
      "Твоја тренутна количина енергије. Карте захтевају енергију за одигравање."
    ]
  },
  "Energy Tip": {
    "LABEL": [
      "трошак енергије"
    ],
    "TEXT": [
      "Карте захтевају енергију за одигравање! NL Ова сфера доле лево показује колико ти је у овом потезу преостало енергије."
    ]
  },
  "Exhaust Tip": {
    "LABEL": [
      "Гомила за исцрпљене"
    ],
    "TEXT": [
      "Притисни да видиш карте исцрпљене током ове борбе.",
      "Прегледај карте исцрпљене током ове борбе."
    ]
  },
  "FTUE Tips": {
    "LABEL": [
      "Савет: ",
      "Схватам"
    ],
    "TEXT": []
  },
  "Main Tutorial": {
    "LABEL": [
      "Даље",
      "Среман сам!",
      "Водич",
      "(страна ",
      " од 3)"
    ],
    "TEXT": [
      "Порази непријатеље одигравањем карата из руке! NL NL Карте захтевају #yенергију како би се одиграле. NL Када останеш без, заврши потез. NL NL На почетку свог потеза, вучеш нове карте и #yенергија се обнавља.",
      "Када непријатељи намеравају да те нападну, играј дефанзиве карте како би задобио #yодбрану. NL NL #yОдбрана умањује надолазећу штету али NL #rистиче на почетку твог следећег потеза.",
      "Током твог потеза, можеш да опазиш #yнамеру непријатеља изнад њега. NL NL Ако непријатељ намерава да нападне, осигурај се са барем нешто #yодбране!"
    ]
  },
  "Options Tip": {
    "LABEL": [
      "Метрика",
      "Пун екран",
      "Безоквирни пун прозор",
      "Макс. слика у секунди",
      "Монитор за пун екран"
    ],
    "TEXT": [
      "Подаци играња и записи грешака се шаљу Мега Криту зарад балансирања игре. NL NL Личне информације се НЕ скупљају.",
      "Поход на Торањ најбрже ради у пуном екрану. Препоручљиво за мекОС с обзиром да су док и менибар скривени. NL НАПОМЕНА: На PC-у, алт-табовање назад у Поход на Торањ у пуном екрану неће увек радити.",
      "С обзиром да Поход на Торањ није захтевна игра, предлажемо безоквирни пун прозор за брже функионисање алт-таба. Најбоље ради на PC-у.",
      "Напомена: Ако је вертикална синхронизација упаљена, број макс. слика у секунди не може да превазиђе фреквенцију освежавања монитора.",
      "Подршка за џојстик је непотпуна за овај мени.",
      "Мења који монитор се користи за пун екран."
    ]
  },
  "PC Tips": {
    "LABEL": [],
    "TEXT": [
      "десним кликом на наградну карту при одабиру можеш да видиш додатне информације.",
      "могу се открити корисне информације прелажењем преко већине предмета.",
      "десни клик пушта све карте које тренутно вучеш.",
      "пређи преко непријатеља да видиш његово име и способности.",
      "користи точкић или кликни и вуци по екрану да листаш.",
      "у случају да можеш да испиташ предмет, миш на екрану ће постати лупа.",
      "користи точкић или притисни и вуци како би прегледао мапе, приказе карата, и друго."
    ]
  },
  "Player Tips": {
    "LABEL": [
      "моћи",
      "трошак енергије"
    ],
    "TEXT": [
      "Ова карта ти даје моћ када се одигра. NL Моћи су способности које су активне током целе борбе.",
      "Карте захтевају енергију за одигравање! NL Ова сфера доле лево показује колико ти је преостало енергије у овом потезу.",
      "Рука ми је #rпуна!",
      "#rКапацитет сферних поља је попуњен.",
      "Немам сферних поља."
    ]
  },
  "Potion Panel Tip": {
    "LABEL": [
      "Баци",
      "Испи",
      "Одбаци"
    ],
    "TEXT": [
      "Баци овај напитак на непријатеља.",
      "Испи овај напитак.",
      "Одбаци овај напитак NL #r(не #rможеш #rда #rга #rповратиш)."
    ]
  },
  "Potion Tip": {
    "LABEL": [
      "напици"
    ],
    "TEXT": [
      "Испи или бацај напитке током борбе! NL Напици остају са тобом између соба."
    ]
  },
  "Random Tips": {
    "LABEL": [
      "Можеш да одбациш напитак како би направио места за други."
    ],
    "TEXT": [
      "повежи се са другим играчима како би открио нове и ефиксане стратегије.",
      "пре борбе са вождом је увек одмаралиште.",
      "потроши злато на тржници! (Овај савет вам је донео: Трговац)",
      "слободно се одмори са времена на време.",
      "проценутална рачунања се на крају увек заокружују на доле.",
      "током борбе, можеш да прегледаш карте из својих гомила за вучење и одбацивање.",
      "не постоји ограничење у количини реликвија које можеш да носиш.",
      "кочвези увек садрже реликвију.",
      "свака путања на коју се денеш ће увек имати барем једно благо.",
      "челници увек испуштају реликвију.",
      "никад нећеш видети исту реликвију двапут у једном походу.",
      "неуобичајене карте имају плави оквир и заглавље.",
      "ретке карте имају златни оквир и заглавље.",
      "раритет карте је видљив на самој карти.",
      "није увек мудро додавати карте у шпил.",
      "карте исцрпљене током борбе нису уклоњене из шпила.",
      "можеш имати само до 10 карата у руци одјендом.",
      "стања нестају на крају борбе.",
      "клетве не можеш да побољшаш. Зашто би то уопште хтео?",
      "побољшане карте се појављују после првог чина.",
      "непознате собе могу садржати блага, чудовишта, тржнице, или догађаје.",
      "трговац не нуди повраћај. Кретен.",
      "цена сервиса за уклањање карата се повећава са сваким коришћењем.",
      "сервис за уклањање карата се може искористити само једном по тржници.",
      "штета од напитака, реликвија, и моћи се не сматра штетом од напада.",
      "ефекти који генеришу насумичне карте током борбе те никад неће залечити."
    ]
  },
  "Relic Tip": {
    "LABEL": [
      "Реликвије",
      "Непознато",
      "Ову реликвију тек треба откључати.",
      "Закључано"
    ],
    "TEXT": [
      "Реликвије се налазе по целом Торњу и дају јединствене бонусе, остајући са тобом кроз цео поход. NL Могу се наћи побеђивањем моћних непријатеља или у ковчезима.",
      "На ову реликвију тек треба да наиђеш.",
      "Ова реликвија је потрошена."
    ]
  },
  "Rewards Tip": {
    "LABEL": [
      "награде"
    ],
    "TEXT": [
      "Не заборави своје награде! NL Само притисни на њих да би их покупио.",
      "Не заборави своје награде!"
    ]
  },
  "Shop Tip": {
    "LABEL": [
      "Сервис уклањања карата"
    ],
    "TEXT": [
      "Уклони карту из шпила. Цена ове услуге се повећава за #b",
      " до краја овог похода."
    ]
  },
  "Shuffle Tip": {
    "LABEL": [
      "нема више карата?"
    ],
    "TEXT": [
      "NL Ако нема више карата за вучење, карте из гомиле за одбацивање се мешају како би формирале нову гомилу за вучење."
    ]
  },
  "Top Panel Tips": {
    "LABEL": [
      "Поставке",
      "Шпил",
      "Мапа",
      "Животни поени (ж. п.)",
      "Торбица за новац",
      "Похођење"
    ],
    "TEXT": [
      "Отвара мени игре. NL NL Овде промени графику, аудио, и друге опције.",
      "Прегледај све карте у свом шпилу.",
      "Прегледај мапу тренутног чина.",
      "Ако останеш без ж. п., умиреш.",
      "Приказује колико злата носиш. Злато је валута у Торњу.",
      "",
      "",
      "Време од почетка тренутног похода."
    ]
  }
}