{
  "AbandonRunButton": {
    "TEXT": [
      "Одустани од похода"
    ]
  },
  "AbstractCard": {
    "TEXT": [
      "Закључано",
      "Непознато"
    ]
  },
  "AbstractChest": {
    "TEXT": [
      "Настави"
    ]
  },
  "AbstractCreature": {
    "TEXT": [
      "Мртав",
      "Штета одбрањена",
      "Макс. ж. п. +",
      "Ошамућен!",
      "Прекинут!",
      "Реликвије"
    ]
  },
  "AbstractDungeon": {
    "TEXT": [
      "Настави",
      "Пошасти:"
    ]
  },
  "AbstractMonster": {
    "TEXT": [
      "Агресиван",
      "Овај непријатељ намерава NL да #yнападне за #b",
      " штеше #b",
      " пута.",
      "Овај непријатељ намерава NL да #yнападне за #b",
      " штете.",
      "Агресиван",
      "Овај непријатељ намерава да #yсе #yприпреми и #yнападне за #b",
      " пута.",
      "Овај непријатељ намерава да #yсе #yприпреми и #yнападне за #b",
      "Стратегичар",
      "Овај непријатељ намерава да ти нанесе #yнегативан #yефекат и #yнападне за #b",
      "Овај непријатељ намерава да #yсе #yбрани и #yнападне за #b",
      "Дефанзиван",
      "Кукавичан",
      "Магичан",
      "Успаван",
      "Ошамућен",
      "Непознато",
      "Овај непријатељ намерава да #yсе #yприпреми.",
      "Овај непријатељ намерава да ти нанесе #yнегативан #yефекат.",
      "Овај непријатељ намерава да ти нанесе снажан #yнегативан #yефакат.",
      "Овај непријатељ намерава да #yсе #yбрани током свог потеза.",
      "Овај непријатељ намерава да #yсе #yбрани и да ти нанесе #yнегативан #yефекат.",
      "Овај непријатељ намерава да #yсе #yбрани и да #yсе #yприпреми.",
      "Овај непријатељ намерава да #yпобегне.",
      "Овај непријатељ намерава да искористи мистериозну #yмагију на свом потезу.",
      "Овај непријатељ спава.",
      "Овај непријатељ је #yошамућен током свог потеза.",
      "Осим тога што сигурно не напада, намере овог непријатеља су иначе #yнепознате.",
      "Напад одбрањен"
    ]
  },
  "AbstractPlayer": {
    "TEXT": [
      "Штета одбрањена",
      "Железни",
      "Нема",
      "Промашај",
      "Будна"
    ]
  },
  "AbstractPotion": {
    "TEXT": [
      "Не могу да носим NL више напитака."
    ]
  },
  "AbstractRoom": {
    "TEXT": [
      "Опљачкан...",
      "Побегао..."
    ]
  },
  "AnyCardFromDeckToHandAction": {
    "TEXT": [
      "Изабери карту коју ћеш додати у руку.",
      "Изабере карте које ћеш додати у руку."
    ]
  },
  "ApplyPowerAction": {
    "TEXT": [
      "Негирано",
      "Имун",
      "Поништено",
      "\n - смањена"
    ]
  },
  "ArmamentsAction": {
    "TEXT": [
      "побошљати"
    ]
  },
  "AscensionModeDescriptions": {
    "TEXT": [
      "1. Челници се чешће појављују.",
      "2. Нормални непријатељи су смртоноснији.",
      "3. Челници су смртоноснији.",
      "4. Вождови су смртоноснији.",
      "5. Мање се лечиш после битака са вождовима.",
      "6. Почињеш сваки поход већ озлеђен.",
      "7. Нормални непријатељи су издржљивији.",
      "8. Челници су издржљивији.",
      "9. Вождови су издржљивији.",
      "10. Сваки поход почињеш уклет.",
      "11. Мање места за напитке.",
      "12. Побољшане карте се ређе појављују.",
      "13. Сиромашни вождови.",
      "14. Нижи макс. ж. п.",
      "15. Неповољни догађаји.",
      "16. Тржнице су скупље.",
      "17. Обични непријатељи користе напредније потезе и имају боље способности.",
      "18. Челници користе напредније потезе и имају боље способности.",
      "19. Вождови користе напредније потезе и имају боље способности.",
      "20. (Макс. ниво) Двоструки вождови."
    ]
  },
  "AscensionTextEffect": {
    "TEXT": [
      "Откључан ",
      ". ниво Успињања!"
    ]
  },
  "AscensionUnlockEffect": {
    "TEXT": [
      "Успињање откучано!"
    ]
  },
  "AttackFromDeckToHandAction": {
    "TEXT": [
      "Изабери напад који ћеш додати у руку."
    ]
  },
  "BattleStartEffect": {
    "TEXT": [
      "Битка почиње",
      "Ти си на потезу",
      "Непријатељ је на потезу",
      ". круг"
    ]
  },
  "BetaArtUnlockEffect": {
    "TEXT": [
      "Бета графика за карте откључана за Железног!",
      "Бета графика за карте откључана за Нему!",
      "Бета графика за карте откључана за Промашај!",
      "Бета графика за карте откључана за све!",
      "Бета графика за карте откључана за Будну!"
    ]
  },
  "BetterToHandAction": {
    "TEXT": [
      "Изабери карту коју ћеш да ставиш у руку.",
      "Изабери ",
      " карте које ћеш да ставиш у руку."
    ]
  },
  "BossChest": {
    "TEXT": [
      "Настави"
    ]
  },
  "BossRelicSelectScreen": {
    "TEXT": [
      "Потврди",
      "Потврди одабир",
      "Изабери реликвију",
      "Прескочи",
      "ГЛАСАЈ: ",
      "с преостало.",
      "Суочи се са пошасти"
    ]
  },
  "CacheAction": {
    "TEXT": [
      "Изабери карту коју ћеш ставити на врх гомиле за вучење.",
      "Изабери карте које ћеш ставити на врх гомиле за вучење."
    ]
  },
  "CampfireSleepEffect": {
    "TEXT": [
      "Сањам?"
    ]
  },
  "CampfireSmithEffect": {
    "TEXT": [
      "Изабери карту коју ћеш побољшати"
    ]
  },
  "CampfireTokeEffect": {
    "TEXT": [
      "Изабери карту коју ћеш уклонити."
    ]
  },
  "CampfireUI": {
    "TEXT": [
      "Шта ћу да чиним?",
      "Хмм...",
      "Шта ми је чинити?",
      "Време је за предах",
      "Толико опција...",
      "Требало би да се одморим",
      "Тако уморан..."
    ]
  },
  "Cancel Button": {
    "TEXT": [
      "Избриши поход"
    ]
  },
  "CardLibSortHeader": {
    "TEXT": [
      "Реткост",
      "Тип",
      "Име",
      "Енергија",
      "Скочи на",
      "Нађено"
    ]
  },
  "CardLibraryScreen": {
    "TEXT": [
      "Назад",
      "Црвене",
      "Зелене",
      "Плаве",
      "Безбојне",
      "Клетве",
      "Стања",
      "Прикажи побољшања",
      "Љубичасте"
    ]
  },
  "CardRewardScreen": {
    "TEXT": [
      "Прескочи",
      "Изабери карту",
      "+2 макс. ж. п.",
      "ГЛАСАЈ: ",
      "с преостало.",
      "Погледај побољшање",
      "Изабери једну"
    ]
  },
  "CharacterOption": {
    "TEXT": [
      "Закључано",
      "Овај лик се откључава завршавањем једног похода.",
      "Овај лик и даље није доступан у раном приступу.",
      "Овај лик се откључава завршавањем једног похода као Нема.",
      "ж. п.: ",
      "злата: ",
      " – број преосталих откључавања",
      "Непознато",
      "???",
      " до следећег откључавања",
      "Овај лик се откључава побеђивањем уобичајеног похода, са откључаним трећим ликом."
    ]
  },
  "CharacterSelectScreen": {
    "TEXT": [
      "Изабери лика",
      "Отисни се",
      "Железни",
      "Нема",
      "Промашај",
      "Назад",
      "Успињање",
      "Ниво ",
      "Успињање",
      "Походи постају тежи са сваком победом... (не утиче на низ узастопних победа)",
      "Шифра ",
      "Насумична шифра",
      "Почетна шифра одлучује насумичне аспекте похода.",
      "Подеси шифру",
      "Будна"
    ]
  },
  "ChooseOneScreen": {
    "TEXT": [
      "Изабери једно"
    ]
  },
  "ClarityAction": {
    "TEXT": [
      "Изабери једну карту коју ћеш задржати. Остале ће бити исцрпљене."
    ]
  },
  "CombatRewardScreen": {
    "TEXT": [
      "Настави",
      "Прескочи карту",
      "Прескочи злато",
      "Прескочи напитак",
      "Прескочи реликвију",
      "Прескочи награде",
      "Затвори",
      "Благо!",
      "Шта ли је унутра?",
      "Награда!",
      "Плен!",
      "Дрангулије!",
      "Савет: "
    ]
  },
  "Confirm Button": {
    "TEXT": [
      "Потврди"
    ]
  },
  "ConfirmPopup": {
    "TEXT": [
      "Назад",
      "Избриши поход",
      "Да",
      "Не"
    ]
  },
  "CopyAction": {
    "TEXT": [
      "копирати"
    ]
  },
  "CreditsScreen": {
    "TEXT": [
      "Притисни поново да изађеш",
      "да изађеш",
      "Притисни поново да изађеш"
    ]
  },
  "CustomModeScreen": {
    "TEXT": [
      "Произвољан режим",
      "Достигнућа и табела су недоступни.",
      "Лик",
      "Успињање",
      "Ниво ",
      "Успињање",
      "Измене",
      "Шифра",
      "Подеси шифру",
      "Трофеји и табеле су угашени."
    ]
  },
  "DailyScreen": {
    "TEXT": [
      "Дневни поход",
      "Успостављање везе са сервером за време...",
      "#yНАПОМЕНА: одрадио си данашњи изазов. NL Поени се игноришу за наредне покушаје.",
      "Назад",
      "Отисни се",
      "Данашњи лик: ",
      "dd. MM. yyyy. HH.mm.ss",
      "Преостало још: ",
      "#yДостигнут #yспрат: NL  ",
      " NL NL  #yШпил: NL ",
      " NL NL  #yРеликвије: NL  ",
      " NL Данашњи изазов: NL TAB #yЛик: NL TAB ",
      " NL #yИзмене: ",
      "Измене: ",
      "Табела",
      "*Достигнућа су онемогућена у дневном походу.",
      "  [РЕЖИМ БЕЗ ИНТЕРНЕТА]",
      "dd. MMMM yyyy.",
      "*Трофеји су искључени за Дневни поход."
    ]
  },
  "DeathScreen": {
    "EXTRA_TEXT": [
      "Убијених челника – Вани",
      "Убијених челника – Град",
      "Убиј. челника – Прелудијум",
      "Брзиша",
      "Светлостном брзином",
      "Брђанин",
      "Колекција",
      "Сет",
      "Сиромах",
      "Библиотекар",
      "Енциклопедија",
      "Нахрањен",
      "Наждран",
      "Судбо клета!",
      "По своме",
      "Шампион",
      "Савршен",
      "Пресавршен",
      "Прекољ",
      "К-к-к-комбо",
      ""
    ],
    "TEXT": [
      "Настави",
      "Победа?",
      "Посећених спратова",
      "Побеђених вождова",
      "Време",
      "Време",
      "Укупно поена",
      "Похаран",
      "Смрт...",
      "Пораз",
      "Поражен си!",
      "Оскрнављен",
      "Пустош",
      "Избијен",
      "Заклан!",
      "Врло познат осећај.",
      "Дремка звучи примамљиво.",
      "Како сејеш, тако ћеш и жњати.",
      "Одох у ћорсокак.",
      "Недовољно припреме.",
      "Сутра ћу покушати поново.",
      "Требаће ми нова мапа.",
      "Неадекватно примпремљен.",
      "Непојмљиво!",
      "Да ли је ово мој пун потенцијал?",
      "Баш моја срећа...",
      "Не овако...",
      "Тик пред врхом.",
      "Торањ прождире још једног...",
      "Твоја свест ишчежњава...",
      "Пораз",
      "Прихватање",
      "Настави",
      "Покушај поново",
      "Назад на мени",
      "Настави",
      "Откључај",
      "Назад на мени",
      "Покушај поново",
      "Настави",
      "Откључај",
      "Откључавања преостало: ",
      "Откључавања преостало: ",
      "Убијених непријатеља",
      "Убијених челника",
      "Непотрошеног злата",
      "Преостали ж. п."
    ]
  },
  "DeathScreenUi": {
    "TEXT": [
      "Откључан ",
      ". ниво Успињања!"
    ]
  },
  "DeletePopup": {
    "TEXT": [
      "Избриши овај профил?",
      "Да",
      "Не",
      "УПОЗОРЕЊЕ: Ова радња је неповратна."
    ]
  },
  "Dig Option": {
    "TEXT": [
      "Копај",
      "Ископај насумичну реликвију."
    ]
  },
  "DiscardAction": {
    "TEXT": [
      "одбацити"
    ]
  },
  "DiscardPilePanel": {
    "TEXT": [
      "Гомила за одбацивање је #rпразна."
    ]
  },
  "DiscardPileToHandAction": {
    "TEXT": [
      "Изабери карту коју ћеш вратити у руку."
    ]
  },
  "DiscardPileToTopOfDeckAction": {
    "TEXT": [
      "Изабери карту коју ћеш ставити на врх гомиле за вучење."
    ]
  },
  "DiscardPileViewScreen": {
    "TEXT": [
      "Карте које се овде налазе се мешају и од њих се образује нова гомила за вучење када се иста испразни.",
      "Назад",
      "Гомила за одбац."
    ]
  },
  "DrawPilePanel": {
    "TEXT": [
      "Гомила за одбацивање је #rпразна."
    ]
  },
  "DrawPileViewScreen": {
    "TEXT": [
      "Одавде вучеш карте на почетку сваког потеза.",
      "(Карте су поређане по вредности)",
      "Назад",
      "Гомила за вучење"
    ]
  },
  "DualWieldAction": {
    "TEXT": [
      "дуплирати"
    ]
  },
  "DungeonMapScreen": {
    "TEXT": [
      "Изабери почетну собу",
      "Назад"
    ]
  },
  "DungeonTransitionScreen": {
    "TEXT": [
      "Водич",
      "Да ли желиш саветовање током играња?",
      "Чин први",
      "Прелудијум",
      "Чин други",
      "Град",
      "Чин трећи",
      "Вани",
      "Финални чин",
      "Крај",
      "Притисни било где да наставиш"
    ]
  },
  "EarlyAccessPopup": {
    "TEXT": [
      "Шта је рани приступ?",
      "Шта је отворена бета?",
      "Поход на Торањ је и даље у активном развоју! NL Многе карте, непријатељи и други аспекти игре су у сталној промени. NL NL Ако налетиш на проблеме или ако имаш неке примедбе или идеје, слободно нам их стави до знања на #bСтим #bстраници #bза #bдискусију. NL NL Доста читања, торањ те чека!",
      "Поход на Торањ је и даље у активном развоју! NL Поврх тога, тренутно играш бета верзију игре. NL NL Слободно нас извести о било каквим проблемима током играња, мада немој бити изненађен привременим графичким елементима намењеним за надолазећи садржај. NL NL Доста читања, торањ те чека!",
      "Притисни било где да почнеш",
      "Настави"
    ]
  },
  "End Turn Button": {
    "TEXT": [
      "Заврши потез",
      "Браниш се!"
    ]
  },
  "ExhaustAction": {
    "TEXT": [
      "исцрпиш"
    ]
  },
  "ExhaustViewScreen": {
    "TEXT": [
      "Овде су све карте које су исцрпљене током тренутне борбе.",
      "Назад"
    ]
  },
  "ExhumeAction": {
    "TEXT": [
      "Изабери карту коју ћеш вратити у руку"
    ]
  },
  "ExitGameButton": {
    "TEXT": [
      "Изађи из игре"
    ]
  },
  "Exordium": {
    "TEXT": [
      "Прелудијум"
    ]
  },
  "ForethoughtAction": {
    "TEXT": [
      "коју ћеш ставити на врх гомиле за вучење."
    ]
  },
  "GainGoldTextEffect": {
    "TEXT": [
      " злата"
    ]
  },
  "GamblingChipAction": {
    "TEXT": [
      "(Коцкарски чип)",
      ""
    ]
  },
  "GameSavedEffect": {
    "TEXT": [
      "#y~Поход~ #y~запамћен~"
    ]
  },
  "GridCardSelectScreen": {
    "TEXT": [
      "Потврди",
      "Откажи",
      "Потврди одабир",
      "Пођи"
    ]
  },
  "HandCardSelectScreen": {
    "TEXT": [
      "Потврди коју ћеш карту ",
      "Потврди које ћеш карте ",
      "Изабери ",
      " карте које ћеш ",
      "Замени било који број карата ",
      "Изабери карту коју ћеш ",
      "копирати"
    ]
  },
  "HiddenChamberAction": {
    "TEXT": [
      ""
    ]
  },
  "ImmolateAction": {
    "TEXT": [
      "Исцрпи"
    ]
  },
  "InputKeyNames": {
    "TEXT_DICT": {
      "Delete": "Backspace",
      "Escape": "ESC",
      "Forward Delete": "Delete"
    }
  },
  "InputSettingsScreen": {
    "TEXT": [
      "Контроле",
      "Поставке",
      "Назад",
      "Команда",
      "Тастатура",
      "Контролер",
      "Врати на оригинална подешавања",
      "Потврди карту",
      "Откажи / Изађи",
      "Мапа",
      "Погледај шпил",
      "Гомила за вучење",
      "Гомила за одбацивање",
      "Гомила за исцрпљене",
      "Заврши потез",
      "Лево",
      "Десно",
      "Одабери карту #1",
      "Одабери карту #2",
      "Одабери карту #3",
      "Одабери карту #4",
      "Одабери карту #5",
      "Одабери карту #6",
      "Одабери карту #7",
      "Одабери карту #8",
      "Одабери карту #9",
      "Одабери карту #10",
      "Пусти карту",
      "Изабери*",
      "Откажи*",
      "Горњи панел*",
      "Настави / Заврши потез*",
      "Приказ лево / Прегледај шпил*",
      "Приказ десно / Гомила за исцрпљене*",
      "Мапа*",
      "Поставке*",
      "Гомила за вучење*",
      "Гомила за одбацивање*",
      "Горе*",
      "Доле*",
      "Лево*",
      "Десно*",
      "Горе (др.)*",
      "Доле (др.)*",
      "Лево (др.)*",
      "Десно (др.)*",
      "Горе",
      "Доле",
      "Контролер је омогућен",
      "Режим на додир",
      "Завири"
    ]
  },
  "LanguageDropdown": {
    "TEXT": [
      "Бразилски португалски",
      "Кинески (поједностављен)",
      "Кинески (традиционални)",
      "Енглески",
      "Француски",
      "Немачки",
      "Италијански",
      "Јапански",
      "Корејски",
      "Пољски",
      "Руски",
      "Шпански",
      "Хебрејски",
      "Турски",
      "Шведски",
      "Норвешки",
      "Тајландски",
      "Српски (ћирилица)",
      "Украјински",
      "Вијетнамски",
      "Мађарски",
      "Српски (латиница)",
      "Каталонски",
      "Грчки",
      "Индонежански",
      "Есперанто",
      "Холандски",
      "Фински"
    ]
  },
  "LeaderboardFilters": {
    "TEXT": [
      "Железни",
      "Нема",
      "Промашај",
      "Просечан последњи спрат (последњих 20 покушаја)",
      "Просечан резултат (последњих 20 покушаја)",
      "Највише узастопних победа",
      "Најбржа победа",
      "Најбољи резултат",
      "",
      "Пријатељи",
      "Сви",
      "Будна"
    ]
  },
  "LeaderboardsScreen": {
    "TEXT": [
      "Назад",
      "Филтери",
      "Лик",
      "Ко",
      "Категорија",
      "Иди на мој резултат",
      "Ранг",
      "Име",
      "Резултат",
      "Преузимам податке...",
      "Табела",
      "Steam није повезан",
      "Нема резултата \n Крени у Поход на Торањ!"
    ]
  },
  "Legend": {
    "TEXT": [
      "Непознато",
      "???",
      "Мистерија. NL NL Може да крије чудовишта, блага, тржницу, или нешто потпуно четврто.",
      "Трговац",
      "Тржнице",
      "Место где загонетни Трговац продаје своју робу. NL NL Овде потроши своје крвљу зарађено #yзлато!",
      "Благо",
      "Ризнице",
      "У овим врло траженим собама се могу наћи #yреликвије и #yзлато.",
      "Одмор",
      "Одмаралиште",
      "Наврати до ових соба да #gзалечиш нешто ж. п. или #yпобољшаш карту.",
      "Непријатељ",
      "Непријатељи",
      "У овим собама пребивају непријатељи.",
      "Челник",
      "Челници",
      "Моћни противници се налазе у овим собама. NL NL Порази их и бићеш награђен реликвијом.",
      "Легенда"
    ]
  },
  "Lift Option": {
    "TEXT": [
      "Вежбај",
      "Повећај своју почетну снагу за један. (До највише три)",
      ""
    ]
  },
  "MainMenuScreen": {
    "TEXT": [
      "#yВерзија: ",
      "Отисни се",
      "Назад",
      "Притисни да промениш",
      "да промениш",
      "притисни да промениш"
    ]
  },
  "MasterDeckViewScreen": {
    "TEXT": [
      "Сваку битку почињеш са овим картама.",
      "Назад"
    ]
  },
  "MenuButton": {
    "TEXT": [
      "",
      "Играј",
      "",
      "",
      "Настави",
      "",
      "Архива",
      "",
      "Изађи",
      "Белешке о закрпама",
      "Напусти поход",
      "",
      "Подешавања",
      "",
      "Колекција"
    ]
  },
  "MenuPanels": {
    "TEXT": [
      "Уобичајено",
      "",
      "Отисни се у Поход на Торањ.",
      "Дневни поход",
      "",
      "Нови поход је доступан једном дневно.\n\nНадмећи се са другим играчима за најбољи резултат!",
      "Успињање",
      "",
      "Торањ јача са сваком победом.\n\nОпробај границе својих најснажнијих стратегија.",
      "Библиотека",
      "",
      "Прегледај све карте на које си наишао тумарајући по Торњу.",
      "Музеј",
      "",
      "Баци поглед на разне дрангулије и артефакте прикупљене током похода.",
      "Бестиаријум",
      "",
      "Овај део је недоступан.",
      "Статистике",
      "",
      "Овде можеш да видиш напредак и статистике за сваког лика.",
      "Табеле",
      "",
      "Погледај и упореди своје резултате са пријатељима и другим играчима.",
      "Походи",
      "",
      "Подсети се својих претходних покушаја у походу на Торањ.",
      "Поставке",
      "",
      "Промени резолуцију и угаси или упали разне опције.",
      "Контроле",
      "",
      "Подеси своје контроле и тастере за брзи одабир.",
      "Заслуге",
      "",
      "Погледај ко је све допринео Походу на Торањ!",
      "Непознато",
      "Одиграј дневни поход да откључаш овај режим.",
      "Овај део је недоступан.",
      "Произвољно",
      "Зачини свој поход јединственим изменама.",
      "Промени своје контроле.",
      "Промени своју графику, аудио, и подешавања.",
      "Лабораторија",
      "Погледај мноштво нађених напитака у пењању кроз Торањ"
    ]
  },
  "MerchantImageTextNotInGame": {
    "TEXT": [
      "Сервис за уклањање карата",
      "ПОПУСТ",
      "Није на продају",
      "Распродато",
      "O не!"
    ]
  },
  "MiscConsoleStrings": {
    "TEXT": [
      "Притисни ",
      " да почнеш",
      "Промени профил",
      "Видљива област",
      "Десила се промена са пријављивањем налога. Пријави се поново или се врати на почетак.",
      "Одјави се",
      "Изађи"
    ]
  },
  "OpeningAction": {
    "TEXT": [
      "Непријатељ не намерава да нападне!"
    ]
  },
  "OptionsPanel": {
    "TEXT": [
      "",
      "Поставке",
      "Графика",
      "Резолуција: NL Макс. слика у секунди:",
      "Пун екран NL Безоквирни пун прозор (препоручљиво) NL Дрмање екрана",
      "Звук",
      "Главна јачина NL Јачина музике NL Јачина ефеката",
      "Амбијентални ефекти NL Угаси звук док је игра у позадини",
      "Опције",
      "Прикажи укупну штету златном бојом NL Прикажи одбрањену штету плавом бојом NL Искључи потврду при одабиру једне карте",
      "Брзи режим",
      "",
      "Остало",
      "Језик:",
      "Шаљи податке о походима #b(?)",
      "Изађи из игре",
      "Запамти & изађи",
      "NL NL Вертикална синх.",
      "Режим са пробним графичким елементима",
      "Прикажи типке за брзи одабир на картама",
      "Контроле",
      "Угаси додатне ефекте",
      "Резолуција:",
      "Резолуција: NL Монитор за пун екран:",
      "Мења који се монитор користи за пун екран.",
      "Потврђивање дугим притиском",
      "Већи текст"
    ]
  },
  "PatchNotesScreen": {
    "TEXT": [
      "Назад",
      "#yБелешке #yо #yзакрпама",
      " NL (ПРИВРЕМЕНО: користи стрелице да би чешљао кроз старије записе)"
    ]
  },
  "Period": {
    "TEXT": [
      "."
    ]
  },
  "PotionPopUp": {
    "TEXT": [
      "Баци",
      "Испи",
      "Одбаци",
      "Не могу да користим напитке!",
      "Не у сред битке!"
    ]
  },
  "PotionViewScreen": {
    "TEXT": [
      "Назад",
      "Обични:",
      "Најчешћи напици нађени у Торњу.",
      "Неуобичајени:",
      "Јачи напици који се налазе ређе од обичних.",
      "Ретки:",
      "Јединствени и моћни напици који су ретко виђени."
    ]
  },
  "PowerExpireTextEffect": {
    "TEXT": [
      "~ статус је истекао ~"
    ]
  },
  "Proceed Button": {
    "TEXT": [
      "Настави"
    ]
  },
  "PutOnDeckAction": {
    "TEXT": [
      "стави на врх гомиле за вучење"
    ]
  },
  "Recall Option": {
    "TEXT": [
      "Призови",
      "Задоби Рубински кључ."
    ]
  },
  "RecycleAction": {
    "TEXT": [
      "Исцрпи"
    ]
  },
  "RelicViewScreen": {
    "TEXT": [
      "Назад",
      "Почетне:",
      "Реликвије са којима ликови почињу.",
      "Обичне:",
      "Слабе реликвије које се често срећу.",
      "Неуобичајене:",
      "Јаче реликвије које се ређе срећу од обичних.",
      "Ретке:",
      "Јединствене и моћне реликвије, ретко виђене.",
      "Вождовске:",
      "Реликвије које се налазе само у вождовским ковчезима.",
      "Из догађаја:",
      "Реликвије до којих се може доћи само кроз неки догађај.",
      "Тржишне:",
      "До ових реликвија се може доћи само куповином од трговца."
    ]
  },
  "RenamePanel": {
    "TEXT": [
      "<нема имена>",
      "Унеси име",
      "Потврди",
      "Откажи"
    ]
  },
  "ReprieveAction": {
    "TEXT": [
      "Непријатељ не намерава да нападне!"
    ]
  },
  "ReprogramAction": {
    "TEXT": [
      "Одбаци било који број карата."
    ]
  },
  "Rest Option": {
    "TEXT": [
      "Одмори",
      "Залечи се за 100% макс. ж. п. (",
      " ж. п. даје ",
      "Залечи се за 30% макс. ж. п. (",
      ""
    ]
  },
  "RestartForChangesEffect": {
    "TEXT": [
      "Поново покрени игру да би се опције везане за графику примениле."
    ]
  },
  "RetainCardsAction": {
    "TEXT": [
      "задржати"
    ]
  },
  "RewardItem": {
    "TEXT": [
      " злата (повраћеног)",
      " злата",
      "Додај карту у шпил",
      "",
      "Изабери карту",
      "Смарагдни кључ",
      "Сафирни кључ",
      "Свезано",
      "Узимање овога ће одбацити реликвију ",
      "."
    ]
  },
  "RichPresence": {
    "TEXT": [
      "Дневни - спрат %s",
      "Произвољно - спрат %s",
      " - спрат %s",
      "Главни мени",
      "У%s "
    ]
  },
  "RunHistoryMonsterNames": {
    "TEXT": [
      "Банда гремлина",
      "Велика слуз",
      "Вански бандити",
      "Ванска дивљач",
      "Рој слузи",
      "Мале слузи",
      "Градски пљачкаши",
      "Три птица",
      "Четири птица",
      "Три култиста",
      "Јато изабраних",
      "Стражар и сферични стражар",
      "Центурион и мистик",
      "Паразит и гљивна звер",
      "Група маскираних бандита",
      "Колосеумски алфа гремлини",
      "Колосеумски робовласници",
      "Три фигуре",
      "Хорда чељушчара",
      "Четири фигуре",
      "Сферични стражар са фигурама",
      "Двоструке ходајуће сфере",
      "Крофно и Каедра",
      "Стражари",
      "Изабрани и култиста",
      "",
      "",
      "",
      "Штит и копље"
    ]
  },
  "RunHistoryPathNodes": {
    "TEXT": [
      "Непознато",
      "Непријатељ",
      "Челник",
      "Догађај",
      "Вожд",
      "Благо",
      "Вождовско благо",
      "Одмор",
      "Трговац",
      "Непознато (непријатељ)",
      "Непознато (трговац)",
      "Непознато (благо)",
      "Спрат %1$s - %2$s",
      "Спрат %s",
      "#r%s штете",
      "#r%s кругова",
      "#r%s #r/ #r%s #rж. #rп.",
      "#y%s #yзлата",
      "Покупио: ",
      "Прескочио:",
      "Недостаје информација",
      "+2 макс. ж. п.",
      "[C]",
      "[T]",
      "[P]",
      "[S]",
      "#bОдморио",
      "#bПобољшао карту %s",
      "#bУклонио карту %s",
      "#bИскопао реликвију",
      "#bИзвежбао %s/%s",
      "#Купио:",
      "#rПотрошио ",
      "#rУзео ",
      "#rИзгубо ",
      "%s макс. ж. п.",
      "#bЗалечио ",
      "#bЗадобио ",
      "#bИгнорисао ",
      "%s ж. п.",
      "#bЗадобио %s",
      "#rПроклет #rса #r%s",
      "%s штете",
      "#bПобољшао %s",
      "#bПреобразио %s",
      "#rИзгубио %s",
      "#bПризвао"
    ]
  },
  "RunHistoryScreen": {
    "TEXT": [
      "Железни",
      "Нема",
      "Промашај",
      "Назад",
      "Нема пређашњих похода. NL Крени у Поход на Торањ!",
      "ниво Успињања: ",
      "Погинуо на %1$d. спрату. Убица: %2$s",
      "Поход напуштен на %d. спрату",
      "Победа!",
      "Карте",
      "Реликвије",
      "– почетна",
      "– обична",
      "– неуобичајена",
      "– ретка",
      "– специјална",
      "– клетва",
      "– вождовска",
      "- тржишна",
      "Непознато",
      "%1$d %2$s",
      "%1$s (%2$d):",
      "Поена: %d",
      "Сви ликови",
      "Победе и губици",
      "Победе",
      "Губици",
      "Дневни поход",
      "Све врсте похода",
      "Уобичајени походи",
      "Успињање",
      "Дневни походи",
      "Шифра похода: %s",
      "Произвољна шифра похода: %s",
      "d. M. yyyy, h:mm a",
      "Будна"
    ]
  },
  "SaveSlot": {
    "TEXT": [
      "Време играња ",
      "Празно место"
    ]
  },
  "SaveSlotScreen": {
    "TEXT": [
      "Изабери профил",
      "Преименуј",
      "Избриши овај профил"
    ]
  },
  "SeedPanel": {
    "TEXT": [
      "0000000000",
      "Унеси шифру по избору",
      "Потврди",
      "Откажи",
      "*Достигнућа и табела су онемогућени са када се користи произвољна шифра за поход.",
      "*Трофеји и табела су онемогућени са када се користи произвољна шифра за поход."
    ]
  },
  "SettingsScreen": {
    "TEXT": [
      "Сигурно?",
      "Напредак похода се памти аутоматски.",
      "Напуштањем похода ће бити забележен губитак.",
      "УПОЗОРЕЊЕ:\nНапредак НИЈЕ запамћен.\n\nСтигни до следећег спрата да запамтиш овај поход.",
      "Назад",
      "Напредак се НЕ ПАМТИ за дневне походе."
    ]
  },
  "SetupAction": {
    "TEXT": [
      "коју ћеш ставити на врх гомиле за вучење."
    ]
  },
  "ShopRoom": {
    "TEXT": [
      "Прескочи трговца"
    ]
  },
  "SignatureMoveMessage": {
    "TEXT": [
      "Ово мора да буде мој једини #rнапад!"
    ]
  },
  "SingleCardViewPopup": {
    "TEXT": [
      "Напад",
      "Умеће",
      "Моћ",
      "Клетва",
      "Закључано",
      "Непознато",
      "Погледај побољшање",
      "Стање",
      "",
      "Карте могу да одиграм само током свог потеза.",
      "#rУпетљан сам! NL Не могу да одиграм нападе",
      "Немам довољно #rенергије.",
      "Немам довољно #rнапона.",
      "Не могу да одиграм NL ову карту.",
      "Бета графика"
    ]
  },
  "SingleViewRelicPopup": {
    "TEXT": [
      "Вождовска реликвија",
      "Обична реликвија",
      "Избачена реликвија",
      "Ретка реликвија",
      "Тржишна реликвија",
      "Реликвија из догађаја",
      "Почетна реликвија",
      "Неуобичајена реликвија",
      "Закључано",
      "Непознато",
      "",
      "Ова реликвија тек треба да се откључа.",
      "Ова реликвија и даље није виђена."
    ]
  },
  "SkillFromDeckToHandAction": {
    "TEXT": [
      "Изабери умеће које ћеш додати у руку"
    ]
  },
  "Smith Option": {
    "TEXT": [
      "Искуј",
      "Побољшај карту из шпила.",
      "Нема карата које би се могле побољшати."
    ]
  },
  "StorePotion": {
    "TEXT": [
      "Немаш довољно места"
    ]
  },
  "SyncMessage": {
    "TEXT": [
      "Синхронизовање података..."
    ]
  },
  "TheBeyond": {
    "TEXT": [
      "Вани"
    ]
  },
  "TheCity": {
    "TEXT": [
      "Град"
    ]
  },
  "TheEnding": {
    "TEXT": [
      "Крај"
    ]
  },
  "TipHelper": {
    "TEXT": [
      "Енергија"
    ]
  },
  "Toke Option": {
    "TEXT": [
      "Испућкај",
      "Уклони карту из шпила."
    ]
  },
  "TopPanel": {
    "TEXT": [
      ". спрат",
      " - Успињање ",
      " (макс. ниво)"
    ]
  },
  "TreasureRoom": {
    "TEXT": [
      "Прескочи ковчег"
    ]
  },
  "TreasureRoomBoss": {
    "TEXT": [
      "Прескочи ковчег"
    ]
  },
  "TwitchVoter": {
    "TEXT": [
      "ГЛАСАЈ: "
    ]
  },
  "Unlock Confirm Button": {
    "TEXT": [
      "Настави"
    ]
  },
  "UnlockCharacterScreen": {
    "TEXT": [
      "Откључане карте!",
      "",
      "Откључане реликвије!",
      "Нови лик",
      "Напомена: откључане карте се појављују у будућим походима.",
      "Напомена: откључане реликвије се појављују у будућим походима."
    ]
  },
  "UnlockScreen": {
    "TEXT": [
      "Откључане карте!",
      "Откључане реликвије!",
      "Нови лик",
      "Напомена: откључане карте се појављују у будућим походима.",
      "Напомена: откључане реликвије се појављују у будућим походима."
    ]
  },
  "UnlockTextEffect": {
    "TEXT": [
      "Нешто си откључао!"
    ]
  },
  "VictoryScreen": {
    "TEXT": [
      "Даље",
      "Успетих спратова",
      "Побеђених вождова",
      "Време играња",
      "Поени",
      "Откључај",
      "Откључавања преостало: ",
      "Откључавања преостало: ",
      "Убијених непријатеља",
      "Убијених челника",
      "Непотрошено злато",
      "Бонус на ж. п.",
      "Победа!"
    ]
  },
  "WishAction": {
    "TEXT": [
      "Одабери једну карту коју ћеш одиграти."
    ]
  }
}