{
  "Accursed": {
    "NAME": "Проклятый",
    "DESCRIPTION": [
      "Вы получаете #b",
      " случайных #yПроклятий, побеждая босса.",
      ""
    ]
  },
  "BlightedDurian": {
    "NAME": "Чумной Дуриан",
    "DESCRIPTION": [
      "Отнимает #b",
      "% от Макс. ОЗ."
    ]
  },
  "DeadlyEnemies": {
    "NAME": "Могущество Шпиля",
    "DESCRIPTION": [
      "Враги наносят на #b",
      "% больше урона."
    ]
  },
  "FullBelly": {
    "NAME": "Намордник",
    "DESCRIPTION": [
      "Вы не можете увеличивать Макс. ОЗ. Восполняемое здоровье уменьшается в 2 раза."
    ]
  },
  "GraspOfShadows": {
    "NAME": "Явление духов",
    "DESCRIPTION": [
      "Враги начинают бой с #b",
      " #yНеосязаемости."
    ]
  },
  "GrotesqueTrophy": {
    "NAME": "Гротескный трофей",
    "DESCRIPTION": [
      "При получении даёт #b",
      " карт #rГордыня.",
      "Ваша гордыня обрела порочный облик..."
    ]
  },
  "MetallicRebirth": {
    "NAME": "Аугментация Древних",
    "DESCRIPTION": [
      "Враги начинают бой с #b",
      " #yАртефакта, #b",
      " #yПанциря и способностью #b",
      " #yРегенерировать."
    ]
  },
  "MimicInfestation": {
    "NAME": "Нашествие мимиков",
    "DESCRIPTION": [
      "В последующих актах комнаты с сокровищами заменены на элитных врагов. Победа над элитными врагами больше не даёт реликвий."
    ]
  },
  "Scatterbrain": {
    "NAME": "Растяпа",
    "DESCRIPTION": [
      "Вы берёте на #b ",
      " карту меньше в начале своего хода.",
      ""
    ]
  },
  "TimeMaze": {
    "NAME": "Лабиринт времени",
    "DESCRIPTION": [
      "Вы можете разыграть только #b ",
      " карт за ход.",
      "Я могу разыграть только NL #r"
    ]
  },
  "ToughEnemies": {
    "NAME": "Покров Шпиля",
    "DESCRIPTION": [
      "У врагов на #b",
      "% больше ОЗ."
    ]
  },
  "TwistingMind": {
    "NAME": "Искажение сознания",
    "DESCRIPTION": [
      "Добавляет #b",
      " случайный Статус на верх стопки добора в конце вашего хода.",
      ""
    ]
  },
  "VoidEssence": {
    "NAME": "Эссенция бездны",
    "DESCRIPTION": [
      "Вы получаете на #b",
      " [E] меньше в начале каждого хода."
    ]
  }
}