{
  "Dark": {
    "DESCRIPTION": [
      "#yПассивно: повышает свой урон на #b",
      " в конце вашего хода. NL #yРазрядка: наносит #b",
      " урона врагу с наименьшим кол-вом ОЗ."
    ],
    "NAME": "Сфера Тьмы"
  },
  "Empty": {
    "DESCRIPTION": [
      "В эти слоты можно #yЗаряжать сферы."
    ],
    "NAME": "Слот для сфер"
  },
  "Frost": {
    "DESCRIPTION": [
      "#yПассивно: даёт #b",
      " #yЗащиты в конце вашего хода. NL #yРазрядка: даёт #b",
      " #yЗащиты."
    ],
    "NAME": "Сфера Льда"
  },
  "Lightning": {
    "DESCRIPTION": [
      "#yПассивно: наносит #b",
      " урона случайному врагу в конце вашего хода. NL #yРазрядка: наносит #b",
      " урона случайному врагу."
    ],
    "NAME": "Сфера Молнии"
  },
  "Plasma": {
    "DESCRIPTION": [
      "#yПассивно: даёт [B] в начале вашего хода. NL #yРазрядка: даёт #b",
      " [B] . NL #yФокус не влияет на Сферы Плазмы."
    ],
    "NAME": "Сфера Плазмы"
  }
}