{
  "Anchor": {
    "NAME": "Якорь",
    "FLAVOR": "С этой безделушкой вы словно твёрже стоите на ногах.",
    "DESCRIPTIONS": [
      "Даёт #b",
      " #yЗащиты в начале боя."
    ]
  },
  "Ancient Tea Set": {
    "NAME": "Древний чайный сервиз",
    "FLAVOR": "Главный атрибут полноценного вечернего отдыха.",
    "DESCRIPTIONS": [
      "Даёт [E] [E] в начале первого боя после лагеря."
    ]
  },
  "Art of War": {
    "NAME": "Искусство войны",
    "FLAVOR": "В этой древней рукописи содержится мудрость прошлых веков.",
    "DESCRIPTIONS": [
      "Даёт ",
      "[E] в след. ходу, если в текущем не разыгрывались #yАтаки."
    ]
  },
  "Astrolabe": {
    "NAME": "Астролябия",
    "FLAVOR": "Прибор, помогающий коснуться бесценных таинств звёзд.",
    "DESCRIPTIONS": [
      "При получении вы #yпреобразуете, а затем #yулучшите #b3 выбранные карты.",
      "Выберите 3 карты, на которые подействует "
    ]
  },
  "Bag of Marbles": {
    "NAME": "Мешочек с шариками",
    "FLAVOR": "Когда-то популярная городская забава. Помогает лишить врага равновесия.",
    "DESCRIPTIONS": [
      "Накладывает #b",
      " #yУязвимости на ВСЕХ врагов в начале боя."
    ]
  },
  "Bag of Preparation": {
    "NAME": "Сумка готовности",
    "FLAVOR": "Просторная сумка искателя приключений со множеством карманов и ремешков.",
    "DESCRIPTIONS": [
      "Вы берёте на #b",
      " карты больше в начале боя."
    ]
  },
  "Bird Faced Urn": {
    "NAME": "Птицевидная урна",
    "FLAVOR": "Урна в виде хитро прищурившегося бога-ворона Мазалета.",
    "DESCRIPTIONS": [
      "Восполняет #b",
      " ОЗ, когда разыгрывается #yТалант."
    ]
  },
  "Black Blood": {
    "NAME": "Чёрная кровь",
    "FLAVOR": "Ярость затмевает разум.",
    "DESCRIPTIONS": [
      "Заменяет #r«Пылающую #rкровь». Восполняет #b",
      " ОЗ в конце боя."
    ]
  },
  "Black Star": {
    "NAME": "Чёрная звезда",
    "FLAVOR": "Впервые её нашли в городе змея, рядом с одинокой свечой.",
    "DESCRIPTIONS": [
      "Даёт дополнительную реликвию за победу над элитными врагами."
    ]
  },
  "Blood Vial": {
    "NAME": "Пузырёк с кровью",
    "FLAVOR": "Пузырёк с кровью высокородного древнего вампира.",
    "DESCRIPTIONS": [
      "Восполняет #b",
      " ОЗ в начале боя."
    ]
  },
  "Bloody Idol": {
    "NAME": "Кровавый идол",
    "FLAVOR": "Теперь из глаз идола безостоновочно течёт кровь.",
    "DESCRIPTIONS": [
      "Восполняет #b",
      " ОЗ, когда вы получаете #yзолото."
    ]
  },
  "Blue Candle": {
    "NAME": "Синяя свеча",
    "FLAVOR": "Когда свеча окутана тьмой, её пламя загорается само собой.",
    "DESCRIPTIONS": [
      "Позволяет разыгрывать #yНеиграбельные #yПроклятия — они #yСжигаются и отнимают #b",
      " ОЗ."
    ]
  },
  "Boot": {
    "NAME": "Могучий ботинок",
    "FLAVOR": "Если ботинок завести, он станет больше.",
    "DESCRIPTIONS": [
      "Повышает наносимый атаками урон с #b",
      " или менее до #b5."
    ]
  },
  "Bottled Flame": {
    "NAME": "Закупоренное пламя",
    "FLAVOR": "В этой банке хранится негасимое пламя.",
    "DESCRIPTIONS": [
      "При получении вы выберете #yАтаку. Вы начинаете каждый бой с этой картой в руке.",
      "Выберите карту, на которую подействует ",
      "Вы начинаете каждый бой с картой ",
      " в руке."
    ]
  },
  "Bottled Lightning": {
    "NAME": "Закупоренная молния",
    "FLAVOR": "Вы заглядываете в бушующий вихрь и замечаете, что часть вас смотрит оттуда в ответ.",
    "DESCRIPTIONS": [
      "При получении вы выберете #yНавык. Вы начинаете каждый бой с этой картой в руке.",
      "Выберите карту, на которую подействует ",
      "Вы начинаете каждый бой с картой ",
      " в руке."
    ]
  },
  "Bottled Tornado": {
    "NAME": "Закупоренное торнадо",
    "FLAVOR": "Из бутылки слышен тихий гул и свист ветра",
    "DESCRIPTIONS": [
      "При получении вы выберете #yТалант. Вы начинаете каждый бой с этой картой в руке.",
      "Выберите карту, на которую подействует ",
      "Вы начинаете каждый бой с картой ",
      " в руке."
    ]
  },
  "Brimstone": {
    "NAME": "Сера",
    "FLAVOR": "Источает адский жар.",
    "DESCRIPTIONS": [
      "Даёт #b",
      " #yСилы вам и #b",
      " #yСилы ВСЕМ врагам в начале вашего хода."
    ]
  },
  "Bronze Scales": {
    "NAME": "Бронзовая чешуя",
    "FLAVOR": "Острая чешуя Стража. Перестраивается для защиты носителя.",
    "DESCRIPTIONS": [
      "Вы начинаете каждый бой с #b",
      " #yШипов."
    ]
  },
  "Burning Blood": {
    "NAME": "Пылающая кровь",
    "FLAVOR": "Кровь в ваших жилах пылает негасимой яростью.",
    "DESCRIPTIONS": [
      "Восполняет #b",
      " ОЗ в конце боя."
    ]
  },
  "Busted Crown": {
    "NAME": "Разбитая корона",
    "FLAVOR": "Корона Чемпиона... или плохая подделка?",
    "DESCRIPTIONS": [
      " в начале вашего хода. Уменьшает число доступных карт при получении наград на #y2.",
      "Даёт [E]"
    ]
  },
  "Cables": {
    "NAME": "Позолоченные провода",
    "FLAVOR": "«Прелюбопытно! Даже автоматоны подвержены эффекту плацебо» — Ранвид",
    "DESCRIPTIONS": [
      "Пассивный эффект самой правой сферы активируется дважды."
    ]
  },
  "Calipers": {
    "NAME": "Кронциркуль",
    "FLAVOR": "«Механическая точность — залог успеха» — Архитектор",
    "DESCRIPTIONS": [
      "В начале вашего хода пропадает только #b",
      " #yЗащиты."
    ]
  },
  "Calling Bell": {
    "NAME": "Призывающий колокол",
    "FLAVOR": "Когда вы подобрали этот колокол из тёмного железа, он трижды прозвенел, однако с тех пор не издал ни звука.",
    "DESCRIPTIONS": [
      "При получении даёт особое #rПроклятие и #b3 реликвии.",
      "Колокол бьёт…",
      "Пропустить награды",
      "Закрыть"
    ]
  },
  "Cauldron": {
    "NAME": "Котёл",
    "FLAVOR": "Оказывается, что торговец весьма умело варит зелья. Купите четыре — одно в подарок.",
    "DESCRIPTIONS": [
      "При получении даёт #b5 случайных зелий.",
      "Бульк-бульк…!"
    ]
  },
  "Centennial Puzzle": {
    "NAME": "Столетняя головоломка",
    "FLAVOR": "После решения головоломки у вас в груди зародилось воодушевляющее тепло.",
    "DESCRIPTIONS": [
      "Вы берёте #b",
      " карты при первой потере ОЗ в бою."
    ]
  },
  "Chameleon Ring": {
    "NAME": "Кольцо хамелеона",
    "FLAVOR": "Оно обветшало.",
    "DESCRIPTIONS": [
      "Позволяет #yварить #yзелья в лагере."
    ]
  },
  "Champion Belt": {
    "NAME": "Пояс чемпиона",
    "FLAVOR": "Только величайшим дано носить этот пояс.",
    "DESCRIPTIONS": [
      "При наложении #yУязвимости вы также накладываете #b",
      " #yСлабости."
    ]
  },
  "Charon's Ashes": {
    "NAME": "Прах Харона",
    "FLAVOR": "Согласно легендам, Харон был богом перерождения, который извечно сгорал и возрождался во вспышке пламени.",
    "DESCRIPTIONS": [
      "Наносит #b",
      " урона ВСЕМ врагам, когда #yСжигается карта."
    ]
  },
  "Chemical X": {
    "NAME": "Вещество X",
    "FLAVOR": "ВНИМАНИЕ! Не добавлять сладости, пряности и прочие радости.",
    "DESCRIPTIONS": [
      "Когда вы разыгрываете карту ценой в #bX, её эффекты усиливаются на #b",
      ""
    ]
  },
  "Circlet": {
    "NAME": "Обруч",
    "FLAVOR": "Все остальные реликвии уже найдены. Впечатляет!",
    "DESCRIPTIONS": [
      "Соберите столько, сколько сможете."
    ]
  },
  "ClockworkSouvenir": {
    "NAME": "Заводная безделушка",
    "FLAVOR": "«Как много изящных шестеренок.»",
    "DESCRIPTIONS": [
      "Вы начинаете каждый бой с #b1 #yАртефакта."
    ]
  },
  "Coffee Dripper": {
    "NAME": "Кофейная воронка",
    "FLAVOR": "«Пожалуй, ещё одну чашечку. За работу. За работу!» — Архитектор",
    "DESCRIPTIONS": [
      " в начале вашего хода. Вы не можете #yОтдыхать в лагере.",
      "Даёт [E]"
    ]
  },
  "Cracked Core": {
    "NAME": "Треснувшее ядро",
    "FLAVOR": "Таинственный источник энергии, оживляющий автоматонов в Шпиле. Данный экземпляр, похоже, дал трещину.",
    "DESCRIPTIONS": [
      "#yЗаряжает #b1 #yСферу Молнии в начале каждого боя."
    ]
  },
  "CultistMask": {
    "NAME": "Маска культиста",
    "FLAVOR": "Часть Стаи!",
    "DESCRIPTIONS": [
      "Вы стали на редкость болтливы.",
      "@КАР!@ NL @КАР-Р-Р!@"
    ]
  },
  "Cursed Key": {
    "NAME": "Проклятый ключ",
    "FLAVOR": "Вы чувствуете, как от ключа исходит губительная аура. У силы есть своя цена.",
    "DESCRIPTIONS": [
      " в начале вашего хода. Даёт #rПроклятие, когда вы открываете сундуки (исключая сундуки боссов).",
      "Даёт [E]"
    ]
  },
  "Darkstone Periapt": {
    "NAME": "Амулет из тёмного камня",
    "FLAVOR": "Камень поглощает тёмную энергию, преобразуя её в жизненные силы для носителя.",
    "DESCRIPTIONS": [
      "Каждый раз, когда вы получаете #rПроклятие, увеличивает Макс. ОЗ на #b"
    ]
  },
  "DataDisk": {
    "NAME": "Диск с данными",
    "FLAVOR": "Содержит ценнейшие сведения о птицах и змеях.",
    "DESCRIPTIONS": [
      "Даёт #b",
      " #yФокуса в начале каждого боя."
    ]
  },
  "Dead Branch": {
    "NAME": "Сухая ветка",
    "FLAVOR": "Ветка дерева из позабытой эпохи.",
    "DESCRIPTIONS": [
      "Добавляет в руку случайную карту, когда #yСжигается карта."
    ]
  },
  "Derp Rock": {
    "NAME": "Тупой камень",
    "FLAVOR": "Филлер",
    "DESCRIPTIONS": [
      "Даёт #b",
      " Заряда в начале вашего хода. NL (Нельзя удалить или преобразовать)."
    ]
  },
  "Discerning Monocle": {
    "NAME": "Незаурядный монокль",
    "FLAVOR": "Воистину изумительный монокль.",
    "DESCRIPTIONS": [
      "Цены торговца снижены на #b20%."
    ]
  },
  "Dodecahedron": {
    "NAME": "УСТАРЕЛО",
    "FLAVOR": "Руны на нём не разобрать.",
    "DESCRIPTIONS": [
      "Даёт ",
      "[E] в начале вашего хода, если у вас максимум ОЗ."
    ]
  },
  "DollysMirror": {
    "NAME": "Зеркало Долли",
    "FLAVOR": "«В нём я выгляжу забавно».",
    "DESCRIPTIONS": [
      "При получении вы выберете и скопируете карту в колоде.",
      "Выберите 1 карту, которую хотите скопировать."
    ]
  },
  "Dream Catcher": {
    "NAME": "Ловец снов",
    "FLAVOR": "Северные племена часто развешивали ловцы снов по ночам с верой в то, что те ведут к саморазвитию.",
    "DESCRIPTIONS": [
      "Позволяет добавлять карты в колоду при #yОтдыхе в лагере."
    ]
  },
  "Du-Vu Doll": {
    "NAME": "Кукла ду-ву",
    "FLAVOR": "Кукла, сделанная для преобразования тёмной энергии в силу.",
    "DESCRIPTIONS": [
      "Даёт по #b",
      " #yСилы за каждое #rПроклятие в колоде в начале боя.",
      " У вас нет #rПроклятий.",
      " #rПроклятий в колоде: #b",
      "."
    ]
  },
  "Ectoplasm": {
    "NAME": "Эктоплазма",
    "FLAVOR": "Кажется, в этом липком сгустке энергии пульсирует жизнь.",
    "DESCRIPTIONS": [
      " Вы не можете получать #yзолото.",
      "Даёт [E] в начале вашего хода."
    ]
  },
  "Emotion Chip": {
    "NAME": "Чип эмоций",
    "FLAVOR": "...<3...?",
    "DESCRIPTIONS": [
      "Активирует пассивный эффект всех сфер в начале вашего хода, если вы теряли ОЗ в предыдущем ходу."
    ]
  },
  "Empty Cage": {
    "NAME": "Пустая клетка",
    "FLAVOR": "«Заточить своё божество в клетку... Необычный подход» — Ранвид",
    "DESCRIPTIONS": [
      "При получении вы удалите #b2 выбранные карты.",
      "Выберите 2 карты, которые хотите удалить."
    ]
  },
  "Enchiridion": {
    "NAME": "Энхиридион",
    "FLAVOR": "Легендарный дневник древнего лича.",
    "DESCRIPTIONS": [
      "Добавляет в руку случайный #yТалант в начале боя. Он стоит #b0 в этом ходу."
    ]
  },
  "Eternal Feather": {
    "NAME": "Вечное перо",
    "FLAVOR": "Похоже, это перо никак не уничтожить. Какой же птице оно принадлежало?",
    "DESCRIPTIONS": [
      "За каждые #b",
      " карт в колоде вы восполняете по #b",
      " ОЗ, посещая лагерь."
    ]
  },
  "FaceOfCleric": {
    "NAME": "Лицо Клирика",
    "FLAVOR": "Все любят Клирика.",
    "DESCRIPTIONS": [
      "Увеличивает Макс. ОЗ на #b1 в конце боя."
    ]
  },
  "FossilizedHelix": {
    "NAME": "Окаменевшая раковина",
    "FLAVOR": "Остаётся только гадать, какому существу могла принадлежать эта практически неразрушимая раковина.",
    "DESCRIPTIONS": [
      "Предотвращает первую потерю ОЗ в каждом бою."
    ]
  },
  "Frozen Egg 2": {
    "NAME": "Замёрзшее яйцо",
    "FLAVOR": "Яйцо неподвижно и сковано льдом. Из него никогда никто не вылупится.",
    "DESCRIPTIONS": [
      "#yУлучшает добавляемые в колоду #yТаланты."
    ]
  },
  "Frozen Eye": {
    "NAME": "Замёрзший глаз",
    "FLAVOR": "Всматриваясь в глаз, вы видите отблески своего будущего.",
    "DESCRIPTIONS": [
      "Позволяет видеть порядок карт в стопке добора."
    ]
  },
  "FrozenCore": {
    "NAME": "Замёрзшее ядро",
    "FLAVOR": "Трещина в ядре заполнилась пульсирующей холодной энергией.",
    "DESCRIPTIONS": [
      "Заменяет #r«Треснувшее #rядро». #yЗаряжает #b1 #yСферу Льда, если в конце вашего хода есть пустые слоты для сфер."
    ]
  },
  "Fusion Hammer": {
    "NAME": "Молот слияния",
    "FLAVOR": "Обладатель молота никогда не сможет выпустить его из рук.",
    "DESCRIPTIONS": [
      " в начале вашего хода. Вы не можете #yКовать в лагере.",
      "Даёт [E]"
    ]
  },
  "Gambling Chip": {
    "NAME": "Игровая фишка",
    "FLAVOR": "На одной из сторон можно различить надпись. Она гласит: «Счастливая фишка Медведя!»",
    "DESCRIPTIONS": [
      "Позволяет сбросить любое кол-во карт и взять столько же в начале боя."
    ]
  },
  "Ginger": {
    "NAME": "Имбирь",
    "FLAVOR": "Основной ингредиент многих бодрящих напитков.",
    "DESCRIPTIONS": [
      "Даёт иммунитет к #yСлабости."
    ]
  },
  "Girya": {
    "NAME": "Гиря",
    "FLAVOR": "Эта гиря безумно тяжёлая. С ней можно тренироваться и стать значительно сильнее.",
    "DESCRIPTIONS": [
      "Позволяет получать #yСилу в лагере (до 3 раз)."
    ]
  },
  "Golden Idol": {
    "NAME": "Золотой идол",
    "FLAVOR": "Отлит из чистого золота. Даже просто держа его в руках, вы чувствуете себя богаче.",
    "DESCRIPTIONS": [
      "Вы получаете на #b25% больше #yзолота от врагов."
    ]
  },
  "Gremlin Horn": {
    "NAME": "Рог гремлина",
    "FLAVOR": "«Гремлины-верзилы порой не прекращают расти до самой смерти. Это впечатляет» — Ранвид",
    "DESCRIPTIONS": [
      "Вы получаете ",
      "[E] и берёте #b1 карту, когда умирает враг."
    ]
  },
  "GremlinMask": {
    "NAME": "Лик гремлина",
    "FLAVOR": "У вас поджилки трясутся.",
    "DESCRIPTIONS": [
      "Накладывает на вас #b1 #yСлабости в начале каждого боя."
    ]
  },
  "HandDrill": {
    "NAME": "Ручной бур",
    "FLAVOR": "«Спирали опасны.»",
    "DESCRIPTIONS": [
      "Накладывает на врага #b2 #yУязвимости, когда вы сбиваете всю его #yЗащиту."
    ]
  },
  "Happy Flower": {
    "NAME": "Счастливый цветок",
    "FLAVOR": "Этот невероятно радостный цветок пользуется популярностью среди знати.",
    "DESCRIPTIONS": [
      "Даёт [E] каждый #b",
      " ход."
    ]
  },
  "HoveringKite": {
    "NAME": "Парящий воздушный змей",
    "FLAVOR": "Змей кружит над вами во время битвы, движимый неведомой силой.",
    "DESCRIPTIONS": [
      "Вы получаете [G] при первом за ход сбросе карты."
    ]
  },
  "Ice Cream": {
    "NAME": "Мороженое",
    "FLAVOR": "«Пальчики оближешь!»",
    "DESCRIPTIONS": [
      "Сохраняет энергию в конце вашего хода."
    ]
  },
  "Incense Burner": {
    "NAME": "Курительница",
    "FLAVOR": "Её дым наделяет владельца духом сожжённых.",
    "DESCRIPTIONS": [
      "Даёт #b1 #yНеосязаемости каждый #b6-ой ход."
    ]
  },
  "Inserter": {
    "NAME": "Манипулятор",
    "FLAVOR": "Подобрать. Поднести. Положить. Повторить.",
    "DESCRIPTIONS": [
      "Добавляет #b1 слот для сфер каждые #b2 хода."
    ]
  },
  "Juzu Bracelet": {
    "NAME": "Браслет дзюдзу",
    "FLAVOR": "Оберег от неизвестности.",
    "DESCRIPTIONS": [
      "В #y?-комнатах нет случайных боёв."
    ]
  },
  "Kunai": {
    "NAME": "Кунай",
    "FLAVOR": "Клинок, который ценится среди убийц за смертоносность на расстоянии.",
    "DESCRIPTIONS": [
      "Разыгрывая #b",
      " #yАтаки за ход, вы получаете #b",
      " #yЛовкости."
    ]
  },
  "Lantern": {
    "NAME": "Фонарь",
    "FLAVOR": "Жутковатый фонарь, освещающий путь только владельцу.",
    "DESCRIPTIONS": [
      "Даёт ",
      "[E] в начале каждого боя",
      ""
    ]
  },
  "Lee's Waffle": {
    "NAME": "Вафля Ли",
    "FLAVOR": "«Вкуснейшее угощение во всём Шпиле! С пылу с жару, специально для вас».",
    "DESCRIPTIONS": [
      "При получении повышает Макс. ОЗ на #b",
      " и полностью восполняет их запас."
    ]
  },
  "Letter Opener": {
    "NAME": "Нож для писем",
    "FLAVOR": "Неестественно острый.",
    "DESCRIPTIONS": [
      "Наносит #b",
      " урона ВСЕМ врагам, когда вы разыгрываете #b3 #yНавыка в одном ходу."
    ]
  },
  "Living Blade": {
    "NAME": "Живой клинок",
    "FLAVOR": "УСТАРЕВШАЯ",
    "DESCRIPTIONS": [
      "Позволяет получить безграничное число любых карт."
    ]
  },
  "Lizard Tail": {
    "NAME": "Хвост ящерицы",
    "FLAVOR": "Фальшивый хвост поможет обмануть врагов.",
    "DESCRIPTIONS": [
      "Вместо того, чтобы умереть, вы восполняете #b50% Макс. ОЗ (один раз)."
    ]
  },
  "Magic Flower": {
    "NAME": "Волшебный цветок",
    "FLAVOR": "Каким-то чудом прекрасно сохранившийся цветок, который считался давно вымершим.",
    "DESCRIPTIONS": [
      "В бою вы восполняете на #b50% больше ОЗ."
    ]
  },
  "Mango": {
    "NAME": "Манго",
    "FLAVOR": "Самый манящий забытый плод. Он в безупречном виде и без следа шпиль-чумы.",
    "DESCRIPTIONS": [
      "При получении повышает Макс. ОЗ на #b"
    ]
  },
  "Mark of Pain": {
    "NAME": "Метка боли",
    "FLAVOR": "Этой меткой северные племена отмечали тех, кто сумел обуздать боль в бою.",
    "DESCRIPTIONS": [
      "Даёт [R] в начале вашего хода. Добавляет в стопку добора #b2 #rРаны в начале боя."
    ]
  },
  "Mark of the Bloom": {
    "NAME": "Метка расцвета",
    "FLAVOR": "В Запределье мысли и реальность — одно целое",
    "DESCRIPTIONS": [
      "Вы не можете восполнять здоровье."
    ]
  },
  "Matryoshka": {
    "NAME": "Матрёшка",
    "FLAVOR": "Расписные куклы, вложенные одна в другую. Украшены изображением неизвестной птицы с белыми глазами и синим оперением.",
    "DESCRIPTIONS": [
      "В след. #b2 сундуках, которые вы откроете, будет по #b2 #yреликвии (исключая сундуки боссов).",
      "В след. сундуке, который вы откроете, будет #b2 #yреликвии (исключая сундук босса).",
      "Эта реликвия израсходована."
    ]
  },
  "MawBank": {
    "NAME": "Пасть-копилка",
    "FLAVOR": "На удивление популярна, несмотря на частые атаки пастей.",
    "DESCRIPTIONS": [
      "При переходе на новый уровень даёт #b",
      " #yЗолота. Перестанет работать, если вы потратите #yЗолото в магазине.",
      "Эта реликвия израсходована."
    ]
  },
  "MealTicket": {
    "NAME": "Талон на питание",
    "FLAVOR": "«Бесплатные фрикадельки при каждом посещении!»",
    "DESCRIPTIONS": [
      "Восполняет #b",
      " ОЗ при каждом посещении магазина."
    ]
  },
  "Meat on the Bone": {
    "NAME": "Мясо на кости",
    "FLAVOR": "Мясо появляется снова и снова, никогда не заканчиваясь до конца.",
    "DESCRIPTIONS": [
      "Восполняет #b",
      " ОЗ в конце боя, если у вас не более #b50% ОЗ."
    ]
  },
  "Medical Kit": {
    "NAME": "Аптечка",
    "FLAVOR": "«В ней есть всё, что вам нужно! Противочесоточные, противоожоговые, противоядия и многое другое!»",
    "DESCRIPTIONS": [
      "Позволяет разыгрывать #yНеиграбельные #yСтатусы — они #yСжигаются."
    ]
  },
  "Membership Card": {
    "NAME": "Абонемент",
    "FLAVOR": "«Специальное предложение для самых ценных клиентов!»",
    "DESCRIPTIONS": [
      "Скидка #b50% на все товары!"
    ]
  },
  "Mercury Hourglass": {
    "NAME": "Ртутные часы",
    "FLAVOR": "Зачарованные часы, в которых вечно капает ртуть.",
    "DESCRIPTIONS": [
      "Наносит #b",
      " урона ВСЕМ врагам в начале вашего хода."
    ]
  },
  "Molten Egg 2": {
    "NAME": "Раскалённое яйцо",
    "FLAVOR": "Яйцо феникса. Оно раскалилось докрасна от бурлящей лавы.",
    "DESCRIPTIONS": [
      "#yУлучшает добавляемые в колоду #yАтаки."
    ]
  },
  "Mummified Hand": {
    "NAME": "Мумифицированная рука",
    "FLAVOR": "Часто подёргивается, особенно когда ваш пульс высок.",
    "DESCRIPTIONS": [
      "Когда вы разыгрываете #yТалант, снижает стоимость случайной карты в руке до #b0 до конца хода."
    ]
  },
  "MutagenicStrength": {
    "NAME": "Мутаген силы",
    "FLAVOR": "«Результат, похоже, нестабилен. Срабатывает лишь тогда, когда субъекту угрожает опасность.» — Неизвестный",
    "DESCRIPTIONS": [
      "Даёт #b",
      " #yСилы в начале боя. Отнимает ",
      " #yСилы в конце первого хода."
    ]
  },
  "Necronomicon": {
    "NAME": "Некрономикон",
    "FLAVOR": "Только глупец попытается совладать с его зловещей силой. По ночам вам снится, как книга пожирает ваш разум.",
    "DESCRIPTIONS": [
      "Первая в ходу #yАтака с ценой не менее #b",
      " разыгрывается дважды. При получении даёт #rПроклятие.",
      " разыгрывается дважды."
    ]
  },
  "NeowsBlessing": {
    "NAME": "Скорбь Ньяу",
    "FLAVOR": "Благословение Ньяу, наполненное её скорбью.",
    "DESCRIPTIONS": [
      "Враги в #b3 первых боях будут иметь лишь #b1 ОЗ.",
      "Эта реликвия израсходована."
    ]
  },
  "Nilry's Codex": {
    "NAME": "Кодекс Нилри",
    "FLAVOR": "Создан лично пресловутым мастером игр. Говорят, что он позволяет расширить границы сознания.",
    "DESCRIPTIONS": [
      "Позволяет добавить #b1 из #b3 случайных карт в стопку добора в конце вашего хода."
    ]
  },
  "Ninja Scroll": {
    "NAME": "Свиток ниндзя",
    "FLAVOR": "Хранит в себе секреты искусства убивать.",
    "DESCRIPTIONS": [
      "Добавляет в руку #b",
      " #yЗаточки в начале боя."
    ]
  },
  "Nloth's Gift": {
    "NAME": "Дар Н'лота",
    "FLAVOR": "Странный дар от Н'лота. Каждый раз пытаясь его развернуть, вы натыкаетесь на одну завёрнутую коробку за другой.",
    "DESCRIPTIONS": [
      "Утраивает вероятность нахождения #yРедких карт в награду за убийство врагов."
    ]
  },
  "NlothsMask": {
    "NAME": "Голодный рот Н'лота",
    "FLAVOR": "Вы голодны.",
    "DESCRIPTIONS": [
      "В след. сундуке, который вы откроете, не будет реликвий (исключая сундук босса).",
      ""
    ]
  },
  "Nuclear Battery": {
    "NAME": "Атомная батарея",
    "FLAVOR": "Оооу...",
    "DESCRIPTIONS": [
      "#yЗаряжает #y1 #yСферу Плазмы в начале каждого боя."
    ]
  },
  "Nullstone Periapt": {
    "NAME": "Амулет из нуль-камня",
    "FLAVOR": "УСТАРЕВШАЯ.",
    "DESCRIPTIONS": [
      "Отменяет следующий отриц. эффект от врага. NL Перезаряжается #b10 ходов."
    ]
  },
  "Nunchaku": {
    "NAME": "Нунчаки",
    "FLAVOR": "Хороший тренажёр. Улучшает осанку и тренирует ловкость владельца",
    "DESCRIPTIONS": [
      "Разыгрывая каждую #b",
      "-ую #yАтаку, NL вы получаете [E] ."
    ]
  },
  "Odd Mushroom": {
    "NAME": "Странный гриб",
    "FLAVOR": "«Употребив trichella parastius в пищу, я почувствовал, будто вырос и стал менее... уязвимым» — Ранвид",
    "DESCRIPTIONS": [
      "Вы получаете только #b25% доп. урона от атак из-за #yУязвимости (вместо #b50%)."
    ]
  },
  "Oddly Smooth Stone": {
    "NAME": "Подозрительная галька",
    "FLAVOR": "Ваши глаза ещё не видывали столь гладкой и идеальной формы. Здесь определённо замешаны силы Древних.",
    "DESCRIPTIONS": [
      "Даёт #b",
      " #yЛовкости в начале боя."
    ]
  },
  "Old Coin": {
    "NAME": "Старая монета",
    "FLAVOR": "Эти уникальные монеты очень популярны среди торговцев за историческую ценность и редкий металлический состав.",
    "DESCRIPTIONS": [
      "При получении даёт #b300 #yзолота."
    ]
  },
  "Omamori": {
    "NAME": "Омамори",
    "FLAVOR": "Часто встречающийся оберег от недобрых духов. Похоже, что в этом таится искра божественной энергии.",
    "DESCRIPTIONS": [
      "Вы игнорируете #b2 следующих полученных #rПроклятия.",
      "Вы игнорируете следующее полученное #rПроклятие.",
      "Эта реликвия израсходована."
    ]
  },
  "OrangePellets": {
    "NAME": "Оранжевые пилюли",
    "FLAVOR": "«Созданы из различных видов грибов, которые можно найти в Шпиле. Могут избавить от любого недуга».",
    "DESCRIPTIONS": [
      "Снимает все отриц. эффекты, когда вы разыгрываете #yТалант, #yАтаку и #yНавык в одном ходу."
    ]
  },
  "Orichalcum": {
    "NAME": "Орихалк",
    "FLAVOR": "Зеленоватый металл неизвестного происхождения. Создаётся впечатление, что он несокрушим.",
    "DESCRIPTIONS": [
      "Даёт #b",
      " #yЗащиты в конце вашего хода, если у вас её нет."
    ]
  },
  "Ornamental Fan": {
    "NAME": "Узорчатый веер",
    "FLAVOR": "Похоже, что этот веер раскрывается и застывает, когда проливается кровь.",
    "DESCRIPTIONS": [
      "Даёт #b",
      " #yЗащиты, когда в одном ходу разыгрывается #b3 #yАтаки."
    ]
  },
  "Orrery": {
    "NAME": "Оррери",
    "FLAVOR": "«Когда вы постигните вселенную…» — Зорот",
    "DESCRIPTIONS": [
      "При получении позволяет добавить в колоду #b5 выбранных карт.",
      "Учение — сила!"
    ]
  },
  "Pandora's Box": {
    "NAME": "Ящик Пандоры",
    "FLAVOR": "Вас терзает плохое предчувствие — стоит ли его открывать?..",
    "DESCRIPTIONS": [
      "При получении #bПреобразует все карты «Удар» и «Оборона».",
      "Ящик Пандоры был открыт..."
    ]
  },
  "Pantograph": {
    "NAME": "Пантограф",
    "FLAVOR": "«Прочный фундамент не получается сам собой. Проект не составить без инструмента» — Архитектор",
    "DESCRIPTIONS": [
      "Восполняет #b",
      " ОЗ в начале боя с боссом."
    ]
  },
  "Paper Crane": {
    "NAME": "Бумажный журафль",
    "FLAVOR": "Фигурка-оригами существа из прошлых веков.",
    "DESCRIPTIONS": [
      "#yОслабленные враги наносят на #b40% меньше урона (вместо #b25%)."
    ]
  },
  "Paper Frog": {
    "NAME": "Бумажная лягуфка",
    "FLAVOR": "Бумага без конца раскладывается и снова складывается в фигурку маленького существа.",
    "DESCRIPTIONS": [
      "#yУязвимые враги получают на #b75% больше урона (вместо #b50%)."
    ]
  },
  "Peace Pipe": {
    "NAME": "Трубка мира",
    "FLAVOR": "Проясняет разум и очищает душу.",
    "DESCRIPTIONS": [
      "Позволяет убирать карты из колоды в лагере."
    ]
  },
  "Pear": {
    "NAME": "Груша",
    "FLAVOR": "Повсеместно распространённый до времён шпиль-чумы фрукт.",
    "DESCRIPTIONS": [
      "При получении повышает Макс. ОЗ на #b"
    ]
  },
  "Pen Nib": {
    "NAME": "Наконечник пера",
    "FLAVOR": "Держа перо в руках, вы видите всех жертв предыдущего владельца пера. Жуткая перепись.",
    "DESCRIPTIONS": [
      "Удваивает урон каждой #b10 #yАтаки."
    ]
  },
  "Philosopher's Stone": {
    "NAME": "Философский камень",
    "FLAVOR": "Из камня исходит чистая энергия, придающая сил всем вокруг.",
    "DESCRIPTIONS": [
      "Даёт [E] в начале вашего хода. ВСЕ враги начинают бой с #b",
      " #yСилы."
    ]
  },
  "Pocketwatch": {
    "NAME": "Карманные часы",
    "FLAVOR": "Стрелки этих часов навечно застыли на отметке 3 часа.",
    "DESCRIPTIONS": [
      "Если вы разыграли #b3 или менее карты за ход, в след. ходу вы возьмёте на #b3 карты больше"
    ]
  },
  "Potion Belt": {
    "NAME": "Пояс для зелий",
    "FLAVOR": "Этот пояс позволит мне нести больше зелий!",
    "DESCRIPTIONS": [
      "При получении добавляет #b2 места для зелий."
    ]
  },
  "Prayer Wheel": {
    "NAME": "Молитвенный барабан",
    "FLAVOR": "Барабан крутится без остановки.",
    "DESCRIPTIONS": [
      "Даёт дополнительную #yнаградную #yкарту за победу над #yобычными врагами."
    ]
  },
  "PreservedInsect": {
    "NAME": "Сохранённое насекомое",
    "FLAVOR": "Это удивительное насекомое создает уменьшающую ауру, воздействующую на особо крупных противников",
    "DESCRIPTIONS": [
      "Во время боя с элитными врагами у всех врагов на #b",
      "% меньше ОЗ."
    ]
  },
  "PrismaticShard": {
    "NAME": "Радужный осколок",
    "FLAVOR": "При взгляде через эту призму вам открываются совершенно новые перспективы.",
    "DESCRIPTIONS": [
      "Награды теперь содержат Бесцветные карты, а также карты других персонажей."
    ]
  },
  "Question Card": {
    "NAME": "Карта «Вопрос»",
    "FLAVOR": "«Чем больше выбор, тем менее беспорядочным кажется хаос» — Кубилай Великий",
    "DESCRIPTIONS": [
      "Увеличивает число доступных карт при получении наград на #y1."
    ]
  },
  "Red Circlet": {
    "NAME": "Красный обруч",
    "FLAVOR": "Реликвии закончились. Впечатляет!",
    "DESCRIPTIONS": [
      "Крайне миловидная вещица."
    ]
  },
  "Red Mask": {
    "NAME": "Красная маска",
    "FLAVOR": "Очень стильная маска, которая принадлежала предводителю банды Красных масок. Получается, теперь вы их предводитель?",
    "DESCRIPTIONS": [
      "Накладывает #b",
      " #yСлабости на ВСЕХ врагов в начале боя."
    ]
  },
  "Red Skull": {
    "NAME": "Красный череп",
    "FLAVOR": "Маленький череп, разукрашенный узорами.",
    "DESCRIPTIONS": [
      "Даёт #b",
      " #yСилы, если ваш запас ОЗ не более #b50%."
    ]
  },
  "Regal Pillow": {
    "NAME": "Королевская подушка",
    "FLAVOR": "Теперь-то вы как следует выспитесь.",
    "DESCRIPTIONS": [
      "#yОтдых в лагере восполняет на #b",
      " ОЗ больше."
    ]
  },
  "Ring of the Serpent": {
    "NAME": "Кольцо аспида",
    "FLAVOR": "Кольцо изменило цвет и форму.",
    "DESCRIPTIONS": [
      "Заменяет #g«Кольцо #gзмеи». ",
      "Вы берёте 1 доп. карту в начале вашего хода."
    ]
  },
  "Ring of the Snake": {
    "NAME": "Кольцо змеи",
    "FLAVOR": "Сделано из окаменелой змеи. Символизирует великое мастерство охотницы.",
    "DESCRIPTIONS": [
      "Вы берёте на #b",
      " карты больше в начале боя."
    ]
  },
  "Runic Capacitor": {
    "NAME": "Рунический конденсатор",
    "FLAVOR": "Больше — лучше.",
    "DESCRIPTIONS": [
      "Добавляет #b3 слота для сфер в начале боя."
    ]
  },
  "Runic Cube": {
    "NAME": "Рунический куб",
    "FLAVOR": "Руны на нём не разобрать.",
    "DESCRIPTIONS": [
      "Вы берёте #b",
      " карту, когда теряете ОЗ.",
      ""
    ]
  },
  "Runic Dome": {
    "NAME": "Рунический купол",
    "FLAVOR": "Руны на нём не разобрать.",
    "DESCRIPTIONS": [
      "в начале вашего хода. #bНамерения врагов неизвестны.",
      "Даёт [E] "
    ]
  },
  "Runic Pyramid": {
    "NAME": "Руническая пирамида",
    "FLAVOR": "Руны на ней не разобрать.",
    "DESCRIPTIONS": [
      "Вы не сбрасываете карты в конце вашего хода.",
      ""
    ]
  },
  "Self Forming Clay": {
    "NAME": "Самолепящаяся глина",
    "FLAVOR": "«Прелюбопытно! Я могу влиять на форму глины силой мысли! Назвать её „телеглина“?» — Ранвид",
    "DESCRIPTIONS": [
      "Даёт по #b",
      " #yЗащиты в след. ходу за каждую потерю ОЗ."
    ]
  },
  "Shovel": {
    "NAME": "Лопата",
    "FLAVOR": "Шпиль хранит множество реликвий забытых цивилизаций и некогда великих странников. Пора их откопать!",
    "DESCRIPTIONS": [
      "Позволяет #yвыкапывать реликвии в лагере."
    ]
  },
  "Shuriken": {
    "NAME": "Сюрикен",
    "FLAVOR": "Лёгкое метательное оружие. Рекомендуется целиться в глаза.",
    "DESCRIPTIONS": [
      "Разыгрывая #b",
      " #yАтаки за ход, вы получаете #b",
      " #yСилы."
    ]
  },
  "Singing Bowl": {
    "NAME": "Поющая чаша",
    "FLAVOR": "Этот побитый временем артефакт издаёт мелодичный звон при ударе.",
    "DESCRIPTIONS": [
      "Вместо того, чтобы добавить карту в колоду, вы можете увеличить Макс. ОЗ на #b2."
    ]
  },
  "Sling": {
    "NAME": "Праща отваги",
    "FLAVOR": "«Прекрасный инструмент для борьбы с крупными врагами.»",
    "DESCRIPTIONS": [
      "Даёт #b",
      " #yСилы в начале боя с элитным врагом."
    ]
  },
  "Smiling Mask": {
    "NAME": "Улыбающаяся маска",
    "FLAVOR": "Маска, которую носит Торговец. Должно быть, у него их с запасом…",
    "DESCRIPTIONS": [
      "Услуга удаления карты у Торговца всегда стоит #b",
      " #yзолота."
    ]
  },
  "Snake Skull": {
    "NAME": "Череп змекко",
    "FLAVOR": "Идеально сохранившийся череп змекко. Грязь и пыль будто исчезают с его гладкой поверхности сами собой.",
    "DESCRIPTIONS": [
      "Накладывает ещё #b",
      " #yЯда, когда вы отравляете врага."
    ]
  },
  "Snecko Eye": {
    "NAME": "Глаз змекко",
    "FLAVOR": "Глаз поверженного змекко. Он гораздо крупнее, чем вам казалось.",
    "DESCRIPTIONS": [
      "В начале каждого хода вы берёте на #b2 карты больше. Накладывает на вас #yЗамешательство в начале боя."
    ]
  },
  "Sozu": {
    "NAME": "Содзу",
    "FLAVOR": "Вы замечаете, что вблизи этой реликвии магические напитки теряют свои свойства.",
    "DESCRIPTIONS": [
      " в начале вашего хода. Вы не можете получать зелья.",
      "Даёт [E]"
    ]
  },
  "Spirit Poop": {
    "NAME": "Испражнения духов",
    "FLAVOR": "Обугленные остатки вашего подношения духам.",
    "DESCRIPTIONS": [
      "Неприятное зрелище."
    ]
  },
  "SsserpentHead": {
    "NAME": "Голова З-з-з-з-змея",
    "FLAVOR": "Самое приятное в жизни — возможность купить что угодно!",
    "DESCRIPTIONS": [
      "Даёт #b",
      " #yзолота при входе в #yТайные комнаты."
    ]
  },
  "StoneCalendar": {
    "NAME": "Каменный календарь",
    "FLAVOR": "Время в Шпиле течёт незаметно.",
    "DESCRIPTIONS": [
      "В конце #b",
      "-го хода, наносит #b",
      " урона ВСЕМ врагам."
    ]
  },
  "Strange Spoon": {
    "NAME": "Странная ложка",
    "FLAVOR": "Ложка будто искривляется и скручивается у вас на глазах.",
    "DESCRIPTIONS": [
      "Карты, которые при разыгрывании #yСжигаются, с #b50%-й вероятностью вместо этого сбрасываются."
    ]
  },
  "Strawberry": {
    "NAME": "Клубника",
    "FLAVOR": "«Пальчики оближешь! Впервые вижу её со времён чумы» — Ранвид",
    "DESCRIPTIONS": [
      "При получении повышает Макс. ОЗ на #b"
    ]
  },
  "Sundial": {
    "NAME": "Солнечные часы",
    "FLAVOR": "«Глупая озабоченность первобытного человека временем обратила его взор к небесам в поисках постоянства» — Зорот",
    "DESCRIPTIONS": [
      "За каждую #b",
      " перетасовку колоды вы получаете [E] [E] ."
    ]
  },
  "Symbiotic Virus": {
    "NAME": "Вирус-симбионт",
    "FLAVOR": "Щепотка плохого может сделать много хорошего...",
    "DESCRIPTIONS": [
      "#yЗаряжает #y1 #yСферу Тьмы в начале каждого боя."
    ]
  },
  "Test 1": {
    "NAME": "",
    "FLAVOR": "",
    "DESCRIPTIONS": [
      "",
      "",
      "",
      ""
    ]
  },
  "Test 2": {
    "NAME": "",
    "FLAVOR": "",
    "DESCRIPTIONS": [
      ""
    ]
  },
  "Test 3": {
    "NAME": "",
    "FLAVOR": "",
    "DESCRIPTIONS": [
      ""
    ]
  },
  "Test 4": {
    "NAME": "",
    "FLAVOR": "",
    "DESCRIPTIONS": [
      ""
    ]
  },
  "Test 5": {
    "NAME": "",
    "FLAVOR": "",
    "DESCRIPTIONS": [
      "",
      ""
    ]
  },
  "Test 6": {
    "NAME": "",
    "FLAVOR": "",
    "DESCRIPTIONS": [
      "",
      "",
      ""
    ]
  },
  "Test 7": {
    "NAME": "",
    "FLAVOR": "",
    "DESCRIPTIONS": [
      ""
    ]
  },
  "Test 8": {
    "NAME": "",
    "FLAVOR": "",
    "DESCRIPTIONS": [
      ""
    ]
  },
  "The Courier": {
    "NAME": "Курьер",
    "FLAVOR": "Любимец Торговца!",
    "DESCRIPTIONS": [
      "Цены Торговца снижены на #b20%. Его запас карт, реликвий и зелий не иссякает."
    ]
  },
  "The Specimen": {
    "NAME": "Экземпляр",
    "FLAVOR": "«Удивительно! У этого мутанта невероятные токсические свойства. Сохраню образец для исследования» — Ранвид",
    "DESCRIPTIONS": [
      "Когда враг умирает, весь его #yЯд передаётся другому, случайному, врагу."
    ]
  },
  "TheAbacus": {
    "NAME": "Счёты",
    "FLAVOR": "«Раз...Два...Три...»",
    "DESCRIPTIONS": [
      "Даёт #b",
      " #yЗащиты при перетасовке колоды."
    ]
  },
  "Thread and Needle": {
    "NAME": "Нитка с иголкой",
    "FLAVOR": "Вы оборачиваете волшебную нить вокруг тела и чувствуете, как ваша кожа твердеет.",
    "DESCRIPTIONS": [
      "Вы начинаете каждый бой с #b",
      " #y«Панциря»."
    ]
  },
  "Tingsha": {
    "NAME": "Тингша",
    "FLAVOR": "Звук, издаваемый этим инструментом, отдаётся многократным эхом, становясь невыносимо громким.",
    "DESCRIPTIONS": [
      "Наносит по #b",
      " урона случайному врагу за каждую сбрасываемую в вашем ходу карту."
    ]
  },
  "Tiny Chest": {
    "NAME": "Крохотный сундук",
    "FLAVOR": "«Прекрасный образец» — Архитектор",
    "DESCRIPTIONS": [
      "Каждая #b",
      "-ая #yТайная комната становится комнатой #yСокровищ.",
      ""
    ]
  },
  "Tiny House": {
    "NAME": "Крохотный дом",
    "FLAVOR": "«Почти идеал миниатюризации. Моя лучшая работа на данный момент, но совершенству нет предела» — Архитектор",
    "DESCRIPTIONS": [
      "При получении даёт #b1 зелье. NL Даёт #b",
      " #yзолота. NL Повышает Макс. ОЗ на #b",
      ". NL Даёт #b1 карту. NL Улучшает #b1 случайную карту.",
      "Крохотный дом!"
    ]
  },
  "Toolbox": {
    "NAME": "Набор инструментов",
    "FLAVOR": "Инструменты на все случаи жизни.",
    "DESCRIPTIONS": [
      "Выберите #b1 из #b3 случайных Бесцветных карт и добавьте её в руку в начале боя."
    ]
  },
  "Torii": {
    "NAME": "Тории",
    "FLAVOR": "Держа в руках эти маленькие тории, вы чувствуете, как разум наполняет спокойствие и безмятежность.",
    "DESCRIPTIONS": [
      "Снижает получаемый от #yАтак урон по ОЗ с #b",
      " или менее до #b1."
    ]
  },
  "Tough Bandages": {
    "NAME": "Крепкие бинты",
    "FLAVOR": "Потеря воспитывает силу.",
    "DESCRIPTIONS": [
      "Даёт #b",
      " #yЗащиты за каждую сброшенную в вашем ходу карту."
    ]
  },
  "Toxic Egg 2": {
    "NAME": "Ядовитое яйцо",
    "FLAVOR": "«Какая невероятная находка! Похоже, это спящее яйцо какого-то волшебного существа. Кто или что создало его?» — Ранвид",
    "DESCRIPTIONS": [
      "#yУлучшает добавляемые в колоду #yНавыки."
    ]
  },
  "Toy Ornithopter": {
    "NAME": "Игрушечный махолёт",
    "FLAVOR": "«Эта маленькая игрушка отлично скрасит вечер одинокому путешественнику!»",
    "DESCRIPTIONS": [
      "Восполняет #b",
      " ОЗ, когда вы используете зелье."
    ]
  },
  "Turnip": {
    "NAME": "Кормовая репа",
    "FLAVOR": "Отлично сочетается с Имбирём.",
    "DESCRIPTIONS": [
      "Даёт иммунитет к #yХрупкости."
    ]
  },
  "TwistedFunnel": {
    "NAME": "Искажённая воронка",
    "FLAVOR": "«Не стоит из неё пить».",
    "DESCRIPTIONS": [
      "Накладывает #b4 #yЯда на ВСЕХ врагов в начале каждого боя."
    ]
  },
  "Unceasing Top": {
    "NAME": "Вечный волчок",
    "FLAVOR": "Этот волчок продолжает непринуждённо вращаться, словно вы во сне.",
    "DESCRIPTIONS": [
      "Если в течение вашего хода карты в руке заканчиваются, вы добираете 1 карту."
    ]
  },
  "Vajra": {
    "NAME": "Ваджра",
    "FLAVOR": "Покрытая узорами реликвия, которой награждали воинов за доблесть в битве.",
    "DESCRIPTIONS": [
      "Даёт #b",
      " #yСилы в начале боя."
    ]
  },
  "Velvet Choker": {
    "NAME": "Бархатный чокер",
    "FLAVOR": "«Огромная, но ограниченная сила» — Кубилай Великий",
    "DESCRIPTIONS": [
      " в начале вашего хода. Вы можете разыграть не более #b",
      " карт за ход.",
      "Даёт [E]",
      "Я могу разыграть не более NL #r"
    ]
  },
  "War Paint": {
    "NAME": "Боевая раскраска",
    "FLAVOR": "В прошлом Латоносцы делали обереги в преддверии боя, покрывая их зачарованной раскраской.",
    "DESCRIPTIONS": [
      "При получении вы #yулучшите #b",
      " случайных #yНавыка."
    ]
  },
  "WarpedTongs": {
    "NAME": "Кривые щипцы",
    "FLAVOR": "Проклятые щипцы излучают сильное желание вернуть их туда, откуда они были украдены.",
    "DESCRIPTIONS": [
      "В начале вашего хода #yУлучшает случайную карту в руке до конца боя."
    ]
  },
  "Whetstone": {
    "NAME": "Точильный камень",
    "FLAVOR": "«Сталь всегда побеждает плоть» — Кубилай Великий",
    "DESCRIPTIONS": [
      "При получении вы #yулучшите #b",
      " случайные #yАтаки."
    ]
  },
  "White Beast Statue": {
    "NAME": "Статуэтка белого зверя",
    "FLAVOR": "Маленькая белая статуэтка неизвестного вам существа.",
    "DESCRIPTIONS": [
      "Гарантирует выпадение зелья после боя."
    ]
  },
  "WingedGreaves": {
    "NAME": "Крылатые ботинки",
    "FLAVOR": "Стильные.",
    "DESCRIPTIONS": [
      "Позволяет #b3 раза выбрать следующую комнату, находящуюся на недоступном пути."
    ]
  },
  "WristBlade": {
    "NAME": "Наручный клинок",
    "FLAVOR": "Идеален для быстрых убийств.",
    "DESCRIPTIONS": [
      "Карты #yАтаки, которые стоят #b0, наносят на #b4 урона больше."
    ]
  },
  "TeardropLocket": {
    "NAME": "Кулон-слеза",
    "FLAVOR": "Незрячий владелец, незримое содержимое.",
    "DESCRIPTIONS": [
      "Вы начинаете каждый бой в #yСпокойствии."
    ]
  },
  "TungstenRod": {
    "NAME": "Вольфрамовый стержень",
    "FLAVOR": "Очень, ОЧЕНЬ тяжёлый.",
    "DESCRIPTIONS": [
      "Снижает любую потерю ОЗ на #b",
      "."
    ]
  },
  "VioletLotus": {
    "NAME": "Пурпурный лотос",
    "FLAVOR": "В старых писаниях рассказывается, как «Истоки маны» были усеяны этими цветами.",
    "DESCRIPTIONS": [
      "Даёт доп. [E] при выходе из #yСпокойствия."
    ]
  },
  "Melange": {
    "NAME": "Меланж",
    "FLAVOR": "Загадочный песок с неясным происхождением. Пахнет корицей.",
    "DESCRIPTIONS": [
      "Вы #yПредсказываете #b",
      " карты при каждой перетасовке стопки добора."
    ]
  },
  "SacredBark": {
    "NAME": "Святая кора",
    "FLAVOR": "По слухам, это кора с Мирового древа.",
    "DESCRIPTIONS": [
      "Удваивает эффект зелий."
    ]
  },
  "StrikeDummy": {
    "NAME": "Побитый манекен",
    "FLAVOR": "На манекене живого места нет.",
    "DESCRIPTIONS": [
      "Карты, содержащие слово \"Удар\", наносят на #b",
      " больше урона."
    ]
  },
  "Akabeko": {
    "NAME": "Акабеко",
    "FLAVOR": "\"Мууу~\"",
    "DESCRIPTIONS": [
      "Первая разыгранная в каждом бою Атака наносит на #b",
      " больше урона."
    ]
  },
  "CeramicFish": {
    "NAME": "Глиняная рыбка",
    "FLAVOR": "Многие верят, эти тщательно расписанные рыбки приносят большую удачу.",
    "DESCRIPTIONS": [
      "Даёт #b",
      " #yЗолота, когда вы добавляете карту в колоду."
    ]
  },
  "InkBottle": {
    "NAME": "Бутыль чернил",
    "FLAVOR": "После каждого опустошения наполняет себя чернилами нового цвета.",
    "DESCRIPTIONS": [
      "Разыгрывая каждую #b10-ую карту, вы берёте #b1 карту."
    ]
  },
  "Yin": {
    "NAME": "DEPRECATED",
    "FLAVOR": "Нет света без тьмы. Или есть?",
    "DESCRIPTIONS": [
      "Когда вы разыгрываете #yНавык, даёт #b1 временную #yСилу."
    ]
  },
  "SlaversCollar": {
    "NAME": "Ошейник рабовладельца",
    "FLAVOR": "Гнетущие, ржавые цепи.",
    "DESCRIPTIONS": [
      "Даёт [E] в начале вашего хода в бою с Элитными врагами и Боссами."
    ]
  },
  "CloakClasp": {
    "NAME": "Фибула",
    "FLAVOR": "Сделана без блеска, но с толком.",
    "DESCRIPTIONS": [
      "Даёт #b",
      " #yЗащиты за каждую карту в руке в конце вашего хода."
    ]
  },
  "PureWater": {
    "NAME": "Чистая вода",
    "FLAVOR": "Отфильтрована мельчайшим песком, не содержит ни единой примеси.",
    "DESCRIPTIONS": [
      "Добавляет в руку карту #yЧудо в начале каждого боя."
    ]
  },
  "HolyWater": {
    "NAME": "Святая вода",
    "FLAVOR": "Набрана в давние времена, до появления Шпиля.",
    "DESCRIPTIONS": [
      "Заменяет #p«Чистую #pводу». NL Добавляет в руку 3 карты #yЧудо в начале каждого боя."
    ]
  },
  "Yang": {
    "NAME": "Дуальность",
    "FLAVOR": "\"И солнце навеки потухло, как если б пред ним опустился занавес.\" - Зорот",
    "DESCRIPTIONS": [
      "Даёт #b1 временную #yЛовкость, когда вы разыгрываете #yАтаку."
    ]
  },
  "HornCleat": {
    "NAME": "Швартовочный кнехт",
    "FLAVOR": "Хорошо лежит в руке. Знать бы ещё, что это...",
    "DESCRIPTIONS": [
      "Даёт #b",
      " #yЗащиты в начале вашего второго хода."
    ]
  },
  "CaptainsWheel": {
    "NAME": "Штурвал капитана",
    "FLAVOR": "Деревянная фигурка штурвала, вырезанная до мельчайших деталей. На ней есть имя, но оно на неизвестном языке.",
    "DESCRIPTIONS": [
      "Даёт #b",
      " #yЗащиты в начале вашего третьего хода."
    ]
  },
  "GoldenEye": {
    "NAME": "Золотое око",
    "FLAVOR": "Пронзает разумы окружающих, дарует знание об их намерениях.",
    "DESCRIPTIONS": [
      "Когда вы #yПредсказываете, вы #yПредсказываете на #b",
      " карты больше."
    ]
  },
  "Damaru": {
    "NAME": "Дамару",
    "FLAVOR": "Звуки этого маленького барабанчика дают вам силы продолжать восхождение.",
    "DESCRIPTIONS": [
      "Даёт #b",
      " #yМантры в начале вашего хода."
    ]
  }
}