{
  "AbandonRunButton": {
    "TEXT": [
      "Отменить вылазку"
    ]
  },
  "AbstractCard": {
    "TEXT": [
      "Закрыто",
      "Неизвестно"
    ]
  },
  "AbstractChest": {
    "TEXT": [
      "Продолжить"
    ]
  },
  "AbstractCreature": {
    "TEXT": [
      "Мёртв",
      "Блокировано",
      "Макс. ОЗ +",
      "Оглушение!",
      "Прервано!",
      "Реликвии"
    ]
  },
  "AbstractDungeon": {
    "TEXT": [
      "Продолжить",
      "Напасти:"
    ]
  },
  "AbstractMonster": {
    "TEXT": [
      "Агрессия",
      "Этот враг планирует NL #yатаковать, нанеся #b",
      " урона #b",
      " раз(а).",
      "Этот враг планирует NL #yатаковать, нанеся #b",
      " урона.",
      "Агрессия",
      "Этот враг планирует наложить #yполож. #yэффект и #yатаковать, нанеся #b",
      " раз(а).",
      "Этот враг планирует наложить #yполож. #yэффект и #yатаковать, нанеся #b",
      "Стратегия",
      "Этот враг планирует наложить на вас #yотриц. #yэффект и #yатаковать, нанеся #b",
      "Этот враг планирует #yзащищать и #yатаковать, нанеся #b",
      "Защита",
      "Трусливость",
      "Магия",
      "Спит",
      "Оглушение",
      "Неизвестно",
      "Этот враг планирует наложить #yполож. #yэффект.",
      "Этот враг планирует наложить на вас #yотриц. #yэффект.",
      "Этот враг планирует наложить на вас мощный #yотриц. #yэффект.",
      "В свой ход этот враг планирует #yзащищать.",
      "Этот враг планирует #yзащищать и наложить на вас #yотриц. #yэффект.",
      "Этот враг планирует #yзащищать и наложить #yполож. #yэффект.",
      "Это враг планирует #yсбежать.",
      "Этот враг планирует использовать в свой ход таинственную #yмагию.",
      "Этот враг спит.",
      "Этот враг #yоглушён на время своего хода.",
      "Намерения этого врага #yнеизвестны (но это не атака).",
      "Блокировано"
    ]
  },
  "AbstractPlayer": {
    "TEXT": [
      "Заблокировано",
      "Латоносец",
      "Безмолвная",
      "Дефект",
      "Созерцающая"
    ]
  },
  "AbstractPotion": {
    "TEXT": [
      "Я не могу нести NL больше зелий."
    ]
  },
  "AbstractRoom": {
    "TEXT": [
      "Вас ограбили...",
      "Вы сбежали..."
    ]
  },
  "AnyCardFromDeckToHandAction": {
    "TEXT": [
      "Выберите карту, которую хотите добавить в руку.",
      "Выберите карты, которые хотите добавить в руку."
    ]
  },
  "ApplyPowerAction": {
    "TEXT": [
      "Отторгнуто",
      "Иммунитет",
      "Аннулировано",
      "\n понижается"
    ]
  },
  "ArmamentsAction": {
    "TEXT": [
      "Улучшить"
    ]
  },
  "AscensionModeDescriptions": {
    "TEXT": [
      "Больше элитных врагов.",
      "Обычные враги сильнее.",
      "Элитные враги сильнее.",
      "Боссы сильнее.",
      "Меньше лечения после боссов.",
      "Начинайте с повреждениями.",
      "Обычные враги живучее.",
      "Элитные враги живучее.",
      "Боссы живучее.",
      "Вы начинаете с проклятием.",
      "Меньше мест для зелий.",
      "Улучшенные карты реже.",
      "Нищие боссы.",
      "Макс. ОЗ ниже.",
      "Неблаготворные события.",
      "Цены в магазинах выше.",
      "Обычные враги используют новую тактику и способности",
      "Элитные враги используют новую тактику и способности",
      "Боссы используют новую тактику и способности",
      "(Макс. уровень) Двойной босс."
    ]
  },
  "AscensionTextEffect": {
    "TEXT": [
      "Открыт ",
      " уровень режима «Возвышение»!"
    ]
  },
  "AscensionUnlockEffect": {
    "TEXT": [
      "Теперь вам доступен режим «Возвышение»!"
    ]
  },
  "AttackFromDeckToHandAction": {
    "TEXT": [
      "Выберите Атаку, которую хотите добавить в руку."
    ]
  },
  "BattleStartEffect": {
    "TEXT": [
      "Начало боя",
      "Ход игрока",
      "Вражеский ход",
      " ход"
    ]
  },
  "BetaArtUnlockEffect": {
    "TEXT": [
      "Картинки бета-версий карт Латоносца разблокированы!",
      "Картинки бета-версий карт Безмолвной разблокированы!",
      "Картинки бета-версий карт Дефекта разблокированы!",
      "Картинки бета-версий всех карт разблокированы!",
      "Картинки бета-версий карт Созерцающей разблокированы!"
    ]
  },
  "BetterToHandAction": {
    "TEXT": [
      "Выберите карту, которую хотите положить в руку.",
      "Выберите ",
      " карты, которые хотите положить в руку."
    ]
  },
  "BossChest": {
    "TEXT": [
      "Продолжить"
    ]
  },
  "BossRelicSelectScreen": {
    "TEXT": [
      "Подтвердить",
      "Подтвердите выбор.",
      "Выберите реликвию.",
      "Пропустить",
      "ГОЛОСУЙТЕ: осталось ",
      " сек.",
      "Пришло время сделать выбор."
    ]
  },
  "CacheAction": {
    "TEXT": [
      "Выберите карту, которую хотите положить на верх стопки добора.",
      "Выберите карты, которые хотите положить на верх стопки добора."
    ]
  },
  "CampfireSleepEffect": {
    "TEXT": [
      "Сновидения?"
    ]
  },
  "CampfireSmithEffect": {
    "TEXT": [
      "Выберите карту, которую хотите улучшить."
    ]
  },
  "CampfireTokeEffect": {
    "TEXT": [
      "Выберите карту, которую хотите убрать."
    ]
  },
  "CampfireUI": {
    "TEXT": [
      "Что делать?",
      "Хмм...",
      "Что же мне сделать?",
      "Пора прерваться",
      "Столько вариантов...",
      "Стоит передохнуть",
      "Такая усталость..."
    ]
  },
  "Cancel Button": {
    "TEXT": [
      "Удалить сохранение"
    ]
  },
  "CardLibSortHeader": {
    "TEXT": [
      "Редкость",
      "Тип",
      "А-Я",
      "Стоимость",
      "Перейти к:",
      "Полученные"
    ]
  },
  "CardLibraryScreen": {
    "TEXT": [
      "Вернуться",
      "Красные",
      "Зелёные",
      "Синие",
      "Бесцветные",
      "Проклятия",
      "Статусы",
      "Просмотреть улучшение",
      "Фиолетовые"
    ]
  },
  "CardRewardScreen": {
    "TEXT": [
      "Пропустить",
      "Выберите карту",
      "+2 Макс. ОЗ",
      "ГОЛОСУЙТЕ: осталось ",
      " сек.",
      "Просмотреть улучшение",
      "Выберите одно"
    ]
  },
  "CharacterOption": {
    "TEXT": [
      "Закрыто",
      "Этого персонажа можно открыть, завершив одну вылазку.",
      "Этот персонаж недоступен в раннем доступе.",
      "Этого персонажа можно открыть, завершив одну вылазку за Безмолвную.",
      "ОЗ: ",
      "Золото: ",
      " Открытий осталось",
      "Неизвестно",
      "???",
      " до следующей разблокировки",
      "Этого персонажа можно открыть, победив в Стандартной вылазке после открытия третьего персонажа."
    ]
  },
  "CharacterSelectScreen": {
    "TEXT": [
      "Выберите персонажа",
      "В путь",
      "Латоносец",
      "Безмолвная",
      "Дефект",
      "Назад",
      "Возвышение",
      "Уровень ",
      "Режим «Возвышение»",
      "С каждой победой вылазки становятся труднее... (Не влияет на череду побед.)",
      "Зерно ",
      "Случайное зерно",
      "Зерно определяет все случайные элементы, встречающиеся на вылазке.",
      "Установить зерно",
      "Созерцающая"
    ]
  },
  "ChooseOneScreen": {
    "TEXT": [
      "Выбрать что-то одно"
    ]
  },
  "CombatRewardScreen": {
    "TEXT": [
      "Продолжить",
      "Пропустить карту",
      "Пропустить золото",
      "Пропустить зелье",
      "Пропустить реликвию",
      "Пропустить награды",
      "Закрыть",
      "Сокровище!",
      "Что внутри?",
      "Награда!",
      "Трофеи!",
      "Добыча!",
      "Совет: "
    ]
  },
  "Confirm Button": {
    "TEXT": [
      "Подтвердить"
    ]
  },
  "ConfirmPopup": {
    "TEXT": [
      "Вернуться",
      "Удалить сохранение",
      "Да",
      "Нет"
    ]
  },
  "CopyAction": {
    "TEXT": [
      "скопировать."
    ]
  },
  "CreditsScreen": {
    "TEXT": [
      "Кликните ещё раз, чтобы выйти",
      "чтобы выйти",
      "Нажмите ещё раз, чтобы выйти"
    ]
  },
  "CustomModeScreen": {
    "TEXT": [
      "Свободная игра",
      "Достижения и Таблица лидеров отключены.",
      "Персонаж",
      "«Возвышение»",
      "Уровень ",
      "Режим «Возвышения»",
      "Модификаторы",
      "Зерно",
      "Установить зерно",
      "Трофеи и Таблица лидеров отключены."
    ]
  },
  "DailyScreen": {
    "TEXT": [
      "Ежедневная вылазка",
      "Подключение к серверу...",
      "#yЗАМЕТКА: Вы прошли сегодняшнее испытание. NL Счёт за повторные попытки не учитывается.",
      "Вернуться",
      "В путь",
      "Сегодняшний персонаж: ",
      "dd/MM/yyyy HH:mm:ss",
      "Осталось: ",
      "#yДостигнутый #yуровень: NL  ",
      " NL NL  #yКолода: NL ",
      " NL NL  #yРеликвии: NL  ",
      " NL Сегодняшнее испытание: NL #yКласс: NL ",
      " NL #yМоды: ",
      "Модификаторы: ",
      "Таблица лидеров",
      "*В Ежедневной вылазке достижения отключены.",
      "  [АВТОНОМНЫЙ РЕЖИМ]",
      "dd.MM.yyyy",
      "*В Ежедневной вылазке Трофеи отключены."
    ]
  },
  "DeathScreen": {
    "TEXT": [
      "Продолжить",
      "Победа?",
      "Уровней пройдено",
      "Боссов убито",
      "Время игры",
      "Время игры",
      "Счёт",
      "Вы сломлены",
      "Смерть...",
      "Фиаско",
      "Поражение!",
      "Вам конец",
      "Вы погибли",
      "Вы уничтожены",
      "Вы убиты!",
      "Знакомое чувство.",
      "Неплохо бы вздремнуть.",
      "Что посеешь, то и пожнёшь.",
      "Не стоило туда идти.",
      "Меня к такому не готовили.",
      "Попробую завтра.",
      "Понадобится новый путеводитель.",
      "Проблема в подготовке.",
      "Непостижимо!",
      "Неужели я не могу лучше?",
      "Вот же свезло...",
      "Только не так...",
      "Это не то чтобы вершина.",
      "Очередная жертва Шпиля...",
      "Ваше сознание меркнет...",
      "Поражение",
      "Принять",
      "Продолжить",
      "Попробовать снова",
      "Главное меню",
      "Продолжить",
      "Открыть",
      "Главное меню",
      "Попробовать снова",
      "Продолжить",
      "Открыть",
      "Осталось открытий: ",
      "Осталось открытие: ",
      "Убито врагов",
      "Убито элиты",
      "Оставшееся золото",
      "Бонус за ОЗ"
    ],
    "EXTRA_TEXT": [
      "Убито элиты в Преддверии",
      "Убито элиты в Городе",
      "Убито элиты в Запределье",
      "Гонщик",
      "Спешка",
      "Горец",
      "Коллекция",
      "Полный набор",
      "Нищета",
      "Библиотекарь",
      "Энциклопедия",
      "Накормленность",
      "Сытость",
      "Проклятье!",
      "На своих условиях",
      "",
      "Идеально",
      "Сверх идеала",
      "Перебор",
      "К-к-к-комбо",
      ""
    ]
  },
  "DeathScreenUi": {
    "TEXT": [
      "Открыт ",
      " уровень режима «Возвышение»!"
    ]
  },
  "DeletePopup": {
    "TEXT": [
      "Удалить это сохранение?",
      "Да",
      "Нет",
      "ВНИМАНИЕ: Это действие необратимо."
    ]
  },
  "Dig Option": {
    "TEXT": [
      "Копать",
      "Откопайте случайную реликвию."
    ]
  },
  "DiscardAction": {
    "TEXT": [
      "сбросить."
    ]
  },
  "DiscardPilePanel": {
    "TEXT": [
      "Моя стопка сброса #rпуста."
    ]
  },
  "DiscardPileToHandAction": {
    "TEXT": [
      "Выберите карту, которую хотите вернуть в свою руку."
    ]
  },
  "DiscardPileToTopOfDeckAction": {
    "TEXT": [
      "Выберите карту, которую хотите положить на стопку добора."
    ]
  },
  "DiscardPileViewScreen": {
    "TEXT": [
      "Отсюда карты перетасовываются обратно в стопку добора, если она пуста.",
      "Вернуться",
      "Стопка сброса"
    ]
  },
  "DrawPilePanel": {
    "TEXT": [
      "Моя стопка добора #rпуста."
    ]
  },
  "DrawPileViewScreen": {
    "TEXT": [
      "Отсюда вы берёте карты в начале каждого хода.",
      "(Карты отсортированы по редкости)",
      "Вернуться",
      "Стопка добора"
    ]
  },
  "DualWieldAction": {
    "TEXT": [
      "Копировать"
    ]
  },
  "DungeonMapScreen": {
    "TEXT": [
      "Выберите начальную комнату.",
      "Вернуться"
    ]
  },
  "DungeonTransitionScreen": {
    "TEXT": [
      "Обучение",
      "Вы хотите видеть игровые подсказки во время игры?",
      "Акт 1",
      "Преддверие",
      "Акт 2",
      "Город",
      "Акт 3",
      "Запределье",
      "Финальный акт",
      "Эндшпиль",
      "Нажмите в любом месте, чтобы продолжить"
    ]
  },
  "EarlyAccessPopup": {
    "TEXT": [
      "Что такое ранний доступ?",
      "Что такое открытое тестирование?",
      "«Slay the Spire» ещё находится в процессе разработки! NL Многие опции, карты и враги всё ещё подвержены изменениям. NL NL Если вы найдёте ошибки или хотите оставить отзыв, дайте нам знать на нашей странице #bобсуждений в #bSteam. NL NL Хватит читать, пора покорять Шпиль!",
      "«Slay the Spire» ещё находится в процессе разработки! NL К тому же вы играете в бета-версию игры. NL NL Пожалуйста, дайте нам знать о любых проблемах, с которыми вы столкнулись во время игры, но не удивляйтесь временному дизайну будущих материалов. NL NL Хватит читать, пора покорять Шпиль!",
      "Нажмите в любом месте, чтобы начать",
      "Продолжить"
    ]
  },
  "End Turn Button": {
    "TEXT": [
      "Завершить",
      "Ход врага"
    ]
  },
  "ExhaustAction": {
    "TEXT": [
      "сжечь."
    ]
  },
  "ExhaustViewScreen": {
    "TEXT": [
      "Эти карты были сожжены в текущем бою.",
      "Вернуться"
    ]
  },
  "ExhumeAction": {
    "TEXT": [
      "Выберите карту, которую хотите вернуть в руку."
    ]
  },
  "ExitGameButton": {
    "TEXT": [
      "Выйти из игры"
    ]
  },
  "Exordium": {
    "TEXT": [
      "Преддверие"
    ]
  },
  "ForethoughtAction": {
    "TEXT": [
      "положить вниз стопки добора."
    ]
  },
  "GainGoldTextEffect": {
    "TEXT": [
      " Золота"
    ]
  },
  "GamblingChipAction": {
    "TEXT": [
      "заменить (Игровая фишка).",
      "заменить."
    ]
  },
  "GameSavedEffect": {
    "TEXT": [
      "#y~Игра~ #y~сохранена~"
    ]
  },
  "GridCardSelectScreen": {
    "TEXT": [
      "Подтвердить",
      "Отменить",
      "Подтвердите выбор",
      "Уйти"
    ]
  },
  "HandCardSelectScreen": {
    "TEXT": [
      "Подтвердите карту, которую хотите ",
      "Подтвердите карты, которые хотите ",
      "Выберите ",
      " карты, которые хотите ",
      "Выберите любое число карт, которые хотите ",
      "Выберите карту, которую хотите ",
      "Скопировать"
    ]
  },
  "HiddenChamberAction": {
    "TEXT": [
      ""
    ]
  },
  "ImmolateAction": {
    "TEXT": [
      "сжечь."
    ]
  },
  "InputKeyNames": {
    "TEXT_DICT": {
      "Escape": "ESC",
      "Forward Delete": "Delete",
      "Delete": "Backspace"
    }
  },
  "InputSettingsScreen": {
    "TEXT": [
      "Настройки ввода",
      "Настройки игры",
      "Вернуться",
      "Команды",
      "Клавиатура",
      "Геймпад",
      "Вернуть по умолчанию",
      "Подтвердить карту",
      "Отменить / Выйти",
      "Карта акта",
      "Просмотреть колоду",
      "Стопка добора",
      "Стопка сброса",
      "Сожжённые карты",
      "Завершить ход",
      "Влево",
      "Вправо",
      "Выбрать карту #1",
      "Выбрать карту #2",
      "Выбрать карту #3",
      "Выбрать карту #4",
      "Выбрать карту #5",
      "Выбрать карту #6",
      "Выбрать карту #7",
      "Выбрать карту #8",
      "Выбрать карту #9",
      "Выбрать карту #10",
      "Отпустить карту",
      "Вверх",
      "Вниз",
      "Выбрать",
      "Завершить ход / Информация",
      "Вкладка слева",
      "Вкладка справа",
      "Карта акта*",
      "Настройки игры*",
      "Стопка добора*",
      "Стопка сброса*",
      "Вверх*",
      "Вниз*",
      "Влево*",
      "Вправо*",
      "Вверх (Доп.)*",
      "Вниз (Доп.)*",
      "Влево (Доп.)*",
      "Вправо (Доп.)*",
      "Вверх",
      "Вниз",
      "Игровой контроллер активирован",
      "Сенсорный режим",
      "Скрыть экран выбора"
    ]
  },
  "LanguageDropdown": {
    "TEXT": [
      "Brazilian Portuguese",
      "Chinese (Simplified)",
      "Chinese (Traditional)",
      "English",
      "French",
      "German",
      "Italian",
      "Japanese",
      "Korean",
      "Polish",
      "Русский",
      "Spanish",
      "Hebrew",
      "Turkish",
      "Swedish",
      "Norwegian",
      "Thai",
      "Serbian",
      "Ukrainian",
      "Vietnamese",
      "Hungarian",
      "Serbian (Latin)",
      "Catalan",
      "Greek",
      "Indonesian",
      "Esperanto",
      "Dutch",
      "Finnish"
    ]
  },
  "LeaderboardFilters": {
    "TEXT": [
      "Латоносец",
      "Безмолвная",
      "Дефект",
      "Средний достиг. уровень (20 последних попыток)",
      "Средний счёт (20 последних попыток)",
      "Лучшая череда побед",
      "Самая быстрая победа",
      "Лучший счёт",
      "Option 6. DO NOT TRANSLATE",
      "Друзья",
      "Глобально",
      "Созерцающая"
    ]
  },
  "LeaderboardsScreen": {
    "TEXT": [
      "Назад",
      "Фильтры",
      "Персонаж",
      "Регион",
      "Тип",
      "Просмотреть счёт",
      "Ранг",
      "Имя",
      "Счёт",
      "Получение данных...",
      "Таблица лидеров",
      "Нет соединения со Steam",
      "Статистика недоступна \n Вперёд, уничтожать Шпиль!"
    ]
  },
  "Legend": {
    "TEXT": [
      "Неизвестно",
      "???",
      "Тайная комната. NL NL Тут вы можете найти монстров, сокровища, магазины или что-то совершенно иное.",
      "Торговец",
      "Магазины",
      "В этих комнатах таинственный Торговец продаёт свои товары. NL NL Потратьте здесь честно заработанное #yзолото!",
      "Сокровища",
      "Комнаты сокровищ",
      "В этих комнатах можно найти #yреликвии и #yзолото.",
      "Лагерь",
      "Места привала",
      "В этих комнатах вы можете восполнить #gздоровье или #yулучшить карту.",
      "Враг",
      "Враги",
      "В этих комнатах обитают враги.",
      "Элитный враг",
      "Элитные враги",
      "В этих комнатах вас ждут могучие враги. NL NL Победа над ними принесёт вам реликвию.",
      "Легенда"
    ]
  },
  "Lift Option": {
    "TEXT": [
      "Качаться",
      "Начинайте бой с +1 Силы (+3 макс.).",
      ""
    ]
  },
  "MainMenuScreen": {
    "TEXT": [
      "#yСборка: ",
      "В путь",
      "Вернуться",
      "нажмите, чтобы изменить",
      "чтобы изменить",
      "нажмите, чтобы изменить"
    ]
  },
  "MasterDeckViewScreen": {
    "TEXT": [
      "Вы начинаете каждое сражение с этими картами.",
      "Вернуться"
    ]
  },
  "MenuButton": {
    "TEXT": [
      "",
      "Играть",
      "",
      "",
      "Продолжить",
      "",
      "Статистика",
      "",
      "Выйти",
      "Описание обновлений",
      "Отменить вылазку",
      "",
      "Настройки",
      "",
      "Компендиум"
    ]
  },
  "MenuPanels": {
    "TEXT": [
      "Стандарт",
      "",
      "Отправьтесь на вылазку для свержения Шпиля.",
      "Ежедневная вылазка",
      "",
      "Каждый день доступно новое испытание.\n\nСоревнуйтесь с другими игроками за наибольший счёт!",
      "Возвышение",
      "",
      "С каждой победой Шпиль становится сильнее.\n\nВаши лучшие стратегии пройдут проверку на выдержку.",
      "Библиотека карт",
      "",
      "Просмотрите все карты, которые встречались вам в Шпиле.",
      "Коллекция реликвий",
      "",
      "Изучите различные безделушки и артефакты, полученные на вылазках.",
      "Бестиарий",
      "",
      "Эта опция ещё не доступна.",
      "Статистика",
      "",
      "Здесь можно просмотреть прогресс и статистику каждого персонажа.",
      "Таблица лидеров",
      "",
      "Просматривайте и сравнивайте свой счёт с друзьями и другими игроками.",
      "История вылазок",
      "",
      "Вспомните свои прошлые попытки свержения Шпиля.",
      "Настройки игры",
      "",
      "Изменение настроек графики, звука и и включение/выключение дополнительных функций.",
      "Настройки управления",
      "",
      "Изменение настроек управления и горячих клавиш для карт.",
      "Титры",
      "",
      "Просмотрите всех, кто помог в создании Slay the Spire!",
      "Неизвестно",
      "Этот режим можно открыть, сыграв одну ежедневную вылазку",
      "Эта опция ещё не доступна.",
      "Свободная игра",
      "Создайте уникальную вылазку, подобрав модификаторы на свой вкус.",
      "Изменить настройки управления.",
      "Изменить настройки графики, звука и игрового процесса.",
      "Алхимическая лаборатория",
      "Здесь вы можете изучить различные зелья, найденные в Шпиле."
    ]
  },
  "MerchantImageTextNotInGame": {
    "TEXT": [
      "Услуга удаления карт",
      "РАСПРОДАЖА",
      "Не продаётся",
      "Нет в наличии",
      "О нет!"
    ]
  },
  "MiscConsoleStrings": {
    "TEXT": [
      "Нажмите ",
      " чтобы начать",
      "Переключить профиль",
      "Область отображения",
      "Произошла ошибка входа в учётную запись. Пожалуйста совершите повторный вход или выйдите в главное меню.",
      "Войти",
      "Выйти"
    ]
  },
  "OpeningAction": {
    "TEXT": [
      "Этот враг не планирует атаковать!"
    ]
  },
  "OptionsPanel": {
    "TEXT": [
      "",
      "Настройки игры",
      "Графика",
      "Разрешение: NL Макс. кадр. частота:",
      "Во весь экран NL Во весь экран без рамки (рекоменд.) NL Дрожание экрана",
      "Звук",
      "Весь звук NL Музыка NL Эффекты",
      "Фоновые звуковые эффекты NL Заглушать игру, когда окно неактивно",
      "Предпочтения",
      "Показывать общий урон золотым NL Показывать заблокированный урон синим NL Убрать подтверждение для выбора 1 карты",
      "Быстрый режим",
      "",
      "Разное",
      "Язык:",
      "Загрузка игровой информации #b(?)",
      "Выйти из игры",
      "Сохранить и выйти",
      "NL NL Верт. синхронизация",
      "Тестовые изображения карт",
      "Показывать кнопки быстрого выбора карт",
      "Настройки ввода",
      "Отключить эффекты частиц",
      "Разрешение:",
      "Разрешение: NL Монитор для полн. экрана:",
      "Определяет монитор, который используется при игре во весь экран.",
      "Подтверждать долгим нажатием",
      "Укрупнённый текст"
    ]
  },
  "PatchNotesScreen": {
    "TEXT": [
      "Вернуться",
      "#yОписание #yобновлений",
      " NL (ВРЕМЕННО: Используйте стрелки, чтобы листать)"
    ]
  },
  "Period": {
    "TEXT": [
      "."
    ]
  },
  "PotionPopUp": {
    "TEXT": [
      "Бросить",
      "Выпить",
      "Выкинуть",
      "Я не могу использовать зелья!",
      "Я не могу сделать это во время боя!"
    ]
  },
  "PowerExpireTextEffect": {
    "TEXT": [
      "больше не действует"
    ]
  },
  "Proceed Button": {
    "TEXT": [
      "Продолжить"
    ]
  },
  "PutOnDeckAction": {
    "TEXT": [
      "положить на верх стопки добора."
    ]
  },
  "Recall Option": {
    "TEXT": [
      "Вспомнить",
      "Получите Рубиновый ключ."
    ]
  },
  "RecycleAction": {
    "TEXT": [
      "сжечь."
    ]
  },
  "RelicViewScreen": {
    "TEXT": [
      "Вернуться",
      "Стартовые реликвии:",
      "С ними персонажи начинают игру.",
      "Обычные реликвии:",
      "Слабые. Встречаются часто.",
      "Необычные реликвии:",
      "Более сильные, попадаются реже обычных.",
      "Редкие реликвии:",
      "Уникальные и мощные, попадаются редко.",
      "Реликвии боссов:",
      "Попадаются только в сундуках боссов.",
      "Реликвии за события:",
      "Можно получить только на событиях.",
      "Реликвии торговца:",
      "Можно получить только у торговца."
    ]
  },
  "RenamePanel": {
    "TEXT": [
      "<без имени>",
      "Введите  своё  имя",
      "Подтвердить",
      "Отменить"
    ]
  },
  "ReprieveAction": {
    "TEXT": [
      "Этот враг планирует атаковать!"
    ]
  },
  "ReprogramAction": {
    "TEXT": [
      "Выберите любое количество карт для сброса."
    ]
  },
  "Rest Option": {
    "TEXT": [
      "Отдыхать",
      "Восполните 100% своих Макс. ОЗ (",
      " ОЗ даёт ",
      "Восполните 30% своих Макс. ОЗ (",
      ""
    ]
  },
  "RestartForChangesEffect": {
    "TEXT": [
      "Перезапустите игру, чтобы настройки экрана вошли в силу."
    ]
  },
  "RetainCardsAction": {
    "TEXT": [
      "оставить."
    ]
  },
  "RewardItem": {
    "TEXT": [
      " золота (возвращённое)",
      " золота",
      "Добавьте карту в колоду",
      "",
      "Выберите карту",
      "Изумрудный ключ",
      "Сапфировый ключ",
      "Связанный",
      "Вы можете взять или это или ",
      "."
    ]
  },
  "RichPresence": {
    "TEXT": [
      "Ежедневная - Уровень %s",
      "Свободная - Уровень %s",
      " %s",
      "Главное меню",
      "В%s "
    ]
  },
  "RunHistoryMonsterNames": {
    "TEXT": [
      "Банда Гремлинов",
      "Большой Слизень",
      "Бандиты Преддверия",
      "Живность Преддверия",
      "Туча слизней",
      "Малые Слизни",
      "Городские Грабители",
      "Три Птахи",
      "Четыре Птахи",
      "Три культиста",
      "Стая Избранного",
      "Часовой и Сферический страж",
      "Центурион и Жрица",
      "Панцирный и Грибной паразиты",
      "Бандиты Красной Маски",
      "Верзилы из Колизея",
      "Работорговцы из Колизея",
      "Три фигуры",
      "Орда Зубастых червей",
      "Четыре фигуры",
      "Сферический страж и фигуры",
      "Пара Сфероходов",
      "Дону и Дека",
      "Часовые",
      "Избранный и Культист",
      "(Устарело) Пылающий громила",
      "(Устарело) Работорговец и Паразит",
      "(Устарело) Змекко и Жрицы",
      "Копье и Щит"
    ]
  },
  "RunHistoryPathNodes": {
    "TEXT": [
      "Неизвестно",
      "Враг",
      "Элитный враг",
      "Событие",
      "Босс",
      "Сокровище",
      "Сокровище босса",
      "Лагерь",
      "Торговец",
      "Неизвестно (враг)",
      "Неизвестно (торговец)",
      "Неизвестно (сокровище)",
      "Уровни %1$s — %2$s",
      "Уровень %s",
      "#r%s урона",
      "#r%s хода(ов)",
      "#r%s #r/ #r%s #rОЗ",
      "#y%s #yзолота",
      "#yВыбрана: ",
      "#yПропущено:",
      "Информация отсутствует",
      "+2 Макс. ОЗ",
      "[C] ",
      "[T] ",
      "[P] ",
      "[S] ",
      "#bОтдыхал",
      "#bУлучшил %s",
      "#bУдалил %s",
      "#bКопал",
      "#bКачался (%s/%s)",
      "#yПриобрёл:",
      "#rПотратил ",
      "#rВзял ",
      "#rПотерял ",
      "%s Макс. ОЗ",
      "#bВосстановил ",
      "#bПолучил ",
      "#bПрошёл мимо ",
      "%s ОЗ",
      "#bПолучил %s",
      "#rПроклятье #rс #r%s",
      "%s урона",
      "#bУлучшил %s",
      "#bПреобразовал %s",
      "#rПотерял %s",
      "#bВосстановлено в памяти"
    ]
  },
  "RunHistoryScreen": {
    "TEXT": [
      "Латоносец",
      "Безмолвная",
      "Дефект",
      "Вернуться",
      "История не найдена. NL Вперёд, уничтожать Шпиль!",
      "Уровень «Возвышения»: ",
      "Поражение на %1$d уровне в бою с %2$s",
      "Вылазка заброшена на уровне %d",
      "Победа!",
      "Карты",
      "Реликвии",
      "стартовых",
      "обычных",
      "необычных",
      "редких",
      "за события",
      "проклятий",
      "от боссов",
      "от торговца",
      "неизвестных",
      "%1$d %2$s",
      "%1$s (%2$d):",
      "Счёт: %d",
      "Все персонажи",
      "Победы и поражения",
      "Победы",
      "Поражения",
      "Ежедневная вылазка",
      "Все режимы",
      "Обычная игра",
      "Возвышение",
      "Ежедневная вылазка",
      "Зерно: %s",
      "Выбранное зерно: %s",
      "d MMMM yyyy, HH:mm",
      "Созерцающая"
    ]
  },
  "SaveSlot": {
    "TEXT": [
      "Время игры ",
      "Пустая ячейка"
    ]
  },
  "SaveSlotScreen": {
    "TEXT": [
      "Выберите ячейку сохранения",
      "Переименовать",
      "Удалить это сохранение"
    ]
  },
  "SeedPanel": {
    "TEXT": [
      "0000000000",
      "Введите новое зерно",
      "Подтвердить",
      "Отменить",
      "*Достижения и Таблица лидеров отключаются, если зерно установлено вручную.",
      "*Трофеи и Таблица лидеров отключаются, если зерно установлено вручную."
    ]
  },
  "SettingsScreen": {
    "TEXT": [
      "Вы уверены?",
      "Ваш прогресс сохраняется автоматически.",
      "Покинув игру, вы проиграете.",
      "ВНИМАНИЕ:\nПрогресс НЕ сохранён.\n\nДойдите до следующего уровня, чтобы сохраниться.",
      "Вернуться",
      "Прогресс НЕ сохраняется для Ежедневных вылазок."
    ]
  },
  "SetupAction": {
    "TEXT": [
      "положить на вершину своей стопки добора."
    ]
  },
  "ShopRoom": {
    "TEXT": [
      "Пропустить торговца"
    ]
  },
  "SingleCardViewPopup": {
    "TEXT": [
      "Атака",
      "Навык",
      "Талант",
      "Проклятие",
      "Закрыто",
      "Неизвестно",
      "Просмотреть улучшение",
      "Статус",
      "",
      "Я могу разыгрывать карты только в свой ход.",
      "Я в #rпутах! NL Не могу разыграть Атаку",
      "Недостаточно #rэнергии.",
      "Недостаточно #rЗаряда.",
      "Я не могу разыграть NL эту карту",
      "Картинка бета-версии"
    ]
  },
  "SingleViewRelicPopup": {
    "TEXT": [
      "Реликвия босса",
      "Обычная реликвия",
      "Обветшалая",
      "Редкая реликвия",
      "Реликвия торговца",
      "Реликвия от события",
      "Стартовая реликвия",
      "Необычная реликвия",
      "Закрытая реликвия",
      "Неизвестная реликвия",
      "",
      "Эту реликвию ещё предстоит открыть.",
      "Эту реликвию вы ещё не видели."
    ]
  },
  "SkillFromDeckToHandAction": {
    "TEXT": [
      "Выберите Навык, который хотите добавить в руку."
    ]
  },
  "Smith Option": {
    "TEXT": [
      "Ковать",
      "Улучшите карту в своей колоде.",
      "Нет карт, которые можно улучшить."
    ]
  },
  "StorePotion": {
    "TEXT": [
      "У вас нет свободного места."
    ]
  },
  "TheBeyond": {
    "TEXT": [
      "Запределье"
    ]
  },
  "TheCity": {
    "TEXT": [
      "Город"
    ]
  },
  "TheEnding": {
    "TEXT": [
      "Эндшпиль"
    ]
  },
  "TipHelper": {
    "TEXT": [
      "Энергия"
    ]
  },
  "Toke Option": {
    "TEXT": [
      "Затяжка",
      "Уберите карту из своей колоды."
    ]
  },
  "TopPanel": {
    "TEXT": [
      " уровень",
      " — Возвышение ",
      " (Макс. уровень)"
    ]
  },
  "TreasureRoom": {
    "TEXT": [
      "Пропустить сундук"
    ]
  },
  "TreasureRoomBoss": {
    "TEXT": [
      "Пропустить сундук"
    ]
  },
  "TwitchVoter": {
    "TEXT": [
      "ГОЛОСУЙТЕ: "
    ]
  },
  "Unlock Confirm Button": {
    "TEXT": [
      "Продолжить"
    ]
  },
  "UnlockCharacterScreen": {
    "TEXT": [
      "Карты открыты!",
      "",
      "Реликвии открыты!",
      "Новый персонаж",
      "Примечание: открытые карты теперь доступны в следующих вылазках.",
      "Примечание: открытые реликвии теперь доступны в следующих вылазках."
    ]
  },
  "UnlockScreen": {
    "TEXT": [
      "Карты открыты!",
      "Реликвии открыты!",
      "Новый персонаж",
      "Примечание: открытые карты теперь доступны в следующих вылазках.",
      "Примечание: открытые реликвии теперь доступны в следующих вылазках."
    ]
  },
  "UnlockTextEffect": {
    "TEXT": [
      "Награда!"
    ]
  },
  "VictoryScreen": {
    "TEXT": [
      "Продолжить",
      "Уровней пройдено",
      "Боссов убито",
      "Время игры",
      "Счёт",
      "Открыть",
      "Осталось открытий: ",
      "Осталось открытие: ",
      "Убито врагов",
      "Убито элиты",
      "Оставшееся золото",
      "Бонус за ОЗ",
      "Победа!"
    ]
  },
  "ClarityAction": {
    "TEXT": [
      "Выберите 1 карту. Все оставшиеся будут сожжены."
    ]
  },
  "SignatureMoveMessage": {
    "TEXT": [
      "Это должна быть единственная #rАтака в руке!"
    ]
  },
  "WishAction": {
    "TEXT": [
      "Выберите карту чтобы разыграть."
    ]
  },
  "PotionViewScreen": {
    "TEXT": [
      "Вернуться",
      "Обычные зелья:",
      "Повсеместно встречаются в Шпиле.",
      "Необычные зелья:",
      "Более забористые и менее распространённые.",
      "Редкие зелья:",
      "Могучие и уникальные, редко попадаются на глаза."
    ]
  },
  "SyncMessage": {
    "TEXT": [
      "Синхронизация данных..."
    ]
  }
}