{
  "Anchor": {
    "NAME": "錨",
    "FLAVOR": "この装身具を握ると、体が重くどっしりするような気がする。",
    "DESCRIPTIONS": [
      "戦闘開始時に #b",
      " #yブロック を得る。"
    ]
  },
  "Ancient Tea Set": {
    "NAME": "古代のティーセット",
    "FLAVOR": "夜の安らぎには欠かせない。",
    "DESCRIPTIONS": [
      "休憩場所を通過した次の戦闘で、 [E] [E] を得た状態でスタートする。"
    ]
  },
  "Art of War": {
    "NAME": "孫子兵法",
    "FLAVOR": "この古代の写本には古い時代の知恵が詰まっている。",
    "DESCRIPTIONS": [
      "自分のターンで #yアタック を1枚も使用しなかった場合、次のターン開始時に ",
      "[E] を追加で得る。"
    ]
  },
  "Astrolabe": {
    "NAME": "アストロラーベ",
    "FLAVOR": "星々からの大切な知恵を読み解く道具。",
    "DESCRIPTIONS": [
      "獲得時、 #b3 枚のカードを #y変化 させ、それらを #yアップグレード する。",
      "カードを3枚選択: "
    ]
  },
  "Bag of Marbles": {
    "NAME": "ビー玉袋",
    "FLAVOR": "栄えし所でかつて流行ったおもちゃ。敵の意表を突くのに使える。",
    "DESCRIPTIONS": [
      "戦闘開始時、敵全体に #y弱体化 #b",
      " を与える。"
    ]
  },
  "Bag of Preparation": {
    "NAME": "バックパック",
    "FLAVOR": "冒険者用のとても大きなバックパック。たくさんのポケットやストラップが付いている。",
    "DESCRIPTIONS": [
      "戦闘開始時、カードを #b",
      " 枚追加で引く。"
    ]
  },
  "Bird Faced Urn": {
    "NAME": "鳥頭壺",
    "FLAVOR": "烏の神マザレスをお茶目にかたどっている。",
    "DESCRIPTIONS": [
      "#yパワー カードを使用するたび、HPを #b",
      " 回復する。"
    ]
  },
  "Black Blood": {
    "NAME": "黒き血",
    "FLAVOR": "その怒りの色は濃くなった。",
    "DESCRIPTIONS": [
      "#r燃える血 と置き換わる。戦闘終了時、HPを #b",
      " 回復する。"
    ]
  },
  "Black Star": {
    "NAME": "ブラックスター",
    "FLAVOR": "サーペントの街で孤独のロウソクと共に見つかったもの。",
    "DESCRIPTIONS": [
      "エリートがレリックを1個追加で落とすようになる。"
    ]
  },
  "Blood Vial": {
    "NAME": "血のガラス瓶",
    "FLAVOR": "純血種である長命の吸血鬼の血が入ったガラス瓶。",
    "DESCRIPTIONS": [
      "戦闘開始時、HPを #b",
      " 回復する。"
    ]
  },
  "Bloody Idol": {
    "NAME": "血塗られた偶像",
    "FLAVOR": "血の涙を流し続けるようになった偶像。",
    "DESCRIPTIONS": [
      "#yゴールド を得るたび、HPを #b",
      " 回復する。"
    ]
  },
  "Blue Candle": {
    "NAME": "青いロウソク",
    "FLAVOR": "闇に包まれると自ら火をともす。",
    "DESCRIPTIONS": [
      "#y使用不可 の #r呪い カードを使用できるようになる。 #r呪い を使用するたびHPを #b",
      " 失い、カードを #y廃棄 する。"
    ]
  },
  "Bottled Flame": {
    "NAME": "炎の瓶",
    "FLAVOR": "永遠に燃え続ける炎が入った瓶。",
    "DESCRIPTIONS": [
      "獲得時、 #yアタック を1枚選択する。選択したカードは戦闘開始時の手札に加わる。",
      "カードを1枚選択: ",
      "戦闘開始時、 ",
      " を手札にする。"
    ]
  },
  "Bottled Lightning": {
    "NAME": "雷の瓶",
    "FLAVOR": "中の大混乱を覗くと、自分の一部がこちらを見つめ返しているのが見えた。",
    "DESCRIPTIONS": [
      "獲得時、 #yスキル カードを1枚選択する。選択したカードは戦闘開始時の手札に加わる。",
      "カードを1枚選択: ",
      "戦闘開始時、 ",
      " を手札にする。"
    ]
  },
  "Bottled Tornado": {
    "NAME": "竜巻の瓶",
    "FLAVOR": "瓶からわずかにブンブンヒューヒューと音が聞こえる。",
    "DESCRIPTIONS": [
      "獲得時、 #yパワー カードを1枚選択する。選択したカードは戦闘開始時の手札に加わる。",
      "カードを1枚選択: ",
      "戦闘開始時、 ",
      " を手札にする。"
    ]
  },
  "Bronze Scales": {
    "NAME": "青銅のウロコ",
    "FLAVOR": "ガーディアンの鋭いウロコ。 自ら形を変え、持ち主を守る。",
    "DESCRIPTIONS": [
      "戦闘開始時 #yトゲ #b",
      " を得る。"
    ]
  },
  "Burning Blood": {
    "NAME": "燃える血",
    "FLAVOR": "収まることのない怒りによって沸き立つ自らの血。",
    "DESCRIPTIONS": [
      "戦闘終了時、HPを #b",
      " 回復。"
    ]
  },
  "Cables": {
    "NAME": "金めっきケーブル",
    "FLAVOR": "「これは興味深い！ロボットでさえもプラシーボ効果の影響を受けるのか。」-ランウィッド",
    "DESCRIPTIONS": [
      "一番右にあるオーブの自動効果を2回分発動する。"
    ]
  },
  "Calipers": {
    "NAME": "カリパス",
    "FLAVOR": "「機械的な精度の高さが偉業を生む。」-造物主",
    "DESCRIPTIONS": [
      "ターン開始時、すべての #yブロック ではなく、 #b",
      " #yブロック を失う。"
    ]
  },
  "Calling Bell": {
    "NAME": "呼びよせる鐘",
    "FLAVOR": "黒い鉄製の鐘。発見時に3回鳴ったが今は沈黙している。",
    "DESCRIPTIONS": [
      "獲得時、固有の #r呪い とレリック #b3 個を得る。",
      "鐘の音が響く…。",
      "報酬をスキップ",
      "閉じる"
    ]
  },
  "Cauldron": {
    "NAME": "大釜",
    "FLAVOR": "商人は実は非常に優れた調合師だ。4個購入すると1個無料で付いてくる。",
    "DESCRIPTIONS": [
      "獲得時、ランダムなポーションを #b5 個調合する。",
      "ゴボ、ゴボ、ゴボ…！"
    ]
  },
  "Centennial Puzzle": {
    "NAME": "百年パズル",
    "FLAVOR": "パズルを解くと、胸のあたりに力強い温もりを感じた。",
    "DESCRIPTIONS": [
      "戦闘で初めてHPを失った時にカードを #b",
      " 枚引く。"
    ]
  },
  "Chameleon Ring": {
    "NAME": "カメレオンリング",
    "FLAVOR": "未使用",
    "DESCRIPTIONS": [
      "休憩場所で #y調合 できるようになる。"
    ]
  },
  "Champion Belt": {
    "NAME": "チャンピオンベルト",
    "FLAVOR": "真の王者のみが腰に巻くことを許される。",
    "DESCRIPTIONS": [
      "敵に #y弱体化 を与える時、 #y脱力 #b",
      " も与える。"
    ]
  },
  "Charon's Ashes": {
    "NAME": "カロンの遺灰",
    "FLAVOR": "カロンは再生の神であると言われている。燃え盛る炎の中で死と復活を永遠に繰り返す。",
    "DESCRIPTIONS": [
      "カードを #y廃棄 するたび、敵全体に #b",
      " ダメージを与える。"
    ]
  },
  "Chemical X": {
    "NAME": "ケミカルX",
    "FLAVOR": "警告: 砂糖、スパイス、その他\n おいしいものと混ぜないように。",
    "DESCRIPTIONS": [
      "コストが #bX のカードの使用時、その効果が #b",
      " 増加する。"
    ]
  },
  "Circlet": {
    "NAME": "サークレット",
    "FLAVOR": "見つけられるすべてのレリックを発見した。素晴らしい！",
    "DESCRIPTIONS": [
      "できる限り集めよう。"
    ]
  },
  "Cracked Core": {
    "NAME": "ひび割れたコア",
    "FLAVOR": "塔にいるロボットに動力を供給する謎めいた生命の力。ひびが入っているようだ。",
    "DESCRIPTIONS": [
      "戦闘開始時、 #yライトニング を #b1 個 #y生成 する。"
    ]
  },
  "FrozenCore": {
    "NAME": "凍てついたコア",
    "FLAVOR": "脈を打つ氷のエナジーが、コアに入っていたひびを埋めた。",
    "DESCRIPTIONS": [
      "#bひび割れたコア と置き換わる。いずれかのオーブスロットが空のままターンを終了した場合、 #yフロスト を #b1 個 #y生成 する。"
    ]
  },
  "Cursed Key": {
    "NAME": "呪いの鍵",
    "FLAVOR": "この鍵からは悪意に満ちた力を感じる。力には代償が伴う。",
    "DESCRIPTIONS": [
      " 宝箱を開けるたびに #r呪い カードを1枚得る (ボスの宝箱以外)。",
      "ターン開始時に [E] を得る。"
    ]
  },
  "Darkstone Periapt": {
    "NAME": "ダークストーンのお守り",
    "FLAVOR": "この石は闇のエネルギーから力を引き出し、持ち主の生命力に変換する。",
    "DESCRIPTIONS": [
      "#r呪い カードを得るたび、最大HP #b+"
    ]
  },
  "DataDisk": {
    "NAME": "データディスク",
    "FLAVOR": "このディスクには貴重な鳥と蛇のデータが保存されている。",
    "DESCRIPTIONS": [
      "戦闘開始時、 #y集中力 #b",
      " を得る。"
    ]
  },
  "Dead Branch": {
    "NAME": "古木の枝",
    "FLAVOR": "去りし時代の枝。",
    "DESCRIPTIONS": [
      "カードを #y廃棄 するたび、手札にランダムなカードを加える。"
    ]
  },
  "Derp Rock": {
    "NAME": "ただの石",
    "FLAVOR": "プレースホルダー",
    "DESCRIPTIONS": [
      "自分のターン開始時、チャージ #b",
      " を得る。 NL (除去または 変化 不可)"
    ]
  },
  "Discerning Monocle": {
    "NAME": "洞察のモノクル",
    "FLAVOR": "非常におしゃれな片眼鏡。",
    "DESCRIPTIONS": [
      "ショップの価格が #b20% 割引になる。"
    ]
  },
  "Dodecahedron": {
    "NAME": "ルーン十二面体",
    "FLAVOR": "ルーン文字は解読できない。",
    "DESCRIPTIONS": [
      "HPが最大の場合、",
      "ターン開始時に [E] を得る。"
    ]
  },
  "Dream Catcher": {
    "NAME": "ドリームキャッチャー",
    "FLAVOR": "北方の部族が眠る時のために使用するもの。修養の助けになると信じられている。",
    "DESCRIPTIONS": [
      "#y休憩 時にデッキにカードを1枚追加できる。"
    ]
  },
  "Du-Vu Doll": {
    "NAME": "ドゥーヴー人形",
    "FLAVOR": "邪悪なエネルギーから力を得るために作られた人形。",
    "DESCRIPTIONS": [
      "戦闘開始時、デッキの #r呪い カード1枚につき #y筋力 #b",
      " を得る。",
      " #r呪い カードがない。",
      " #r呪い カードを #b",
      " 枚持っている。"
    ]
  },
  "Ectoplasm": {
    "NAME": "エクトプラズム",
    "FLAVOR": "このスライムのようなエネルギー体は命を宿しているようだ。",
    "DESCRIPTIONS": [
      " #yゴールド を入手できなくなる。",
      "ターン開始時に [E] を得る。"
    ]
  },
  "Emotion Chip": {
    "NAME": "感情制御回路",
    "FLAVOR": "…<3…？",
    "DESCRIPTIONS": [
      "HPを失うたび、次のターン開始時にすべてのオーブの自動効果を発動する。"
    ]
  },
  "Enchiridion": {
    "NAME": "教えの書",
    "FLAVOR": "古の亡者が残した伝説の日記。",
    "DESCRIPTIONS": [
      "戦闘開始時、ランダムな #yパワー カードを1枚手札に加える。そのターンのそのカードのコストは #b0 。"
    ]
  },
  "Eternal Feather": {
    "NAME": "エターナルフェザー",
    "FLAVOR": "この羽根は絶対に壊れることがないようだ。どんな鳥の羽根なのだろう。",
    "DESCRIPTIONS": [
      "休憩場所に入った時、デッキのカード #b",
      " 枚につきHPを #b",
      " 回復。"
    ]
  },
  "Frozen Egg 2": {
    "NAME": "凍った卵",
    "FLAVOR": "この卵は変化する様子もなく凍っている。孵化することはない。",
    "DESCRIPTIONS": [
      "#yパワー カードをデッキに追加するたび、それを #yアップグレード する。"
    ]
  },
  "Frozen Eye": {
    "NAME": "凍った目",
    "FLAVOR": "その目を見つめていると、自分の未来がわずかに見える。",
    "DESCRIPTIONS": [
      "#y山札 を見る時、カードが並び順どおりに表示されるようになる。"
    ]
  },
  "Gambling Chip": {
    "NAME": "ギャンブル用チップ",
    "FLAVOR": "片面に小さな文字が刻まれている。「ベアのラッキーチップ！」とあった。",
    "DESCRIPTIONS": [
      "戦闘開始時、好きな枚数のカードを捨て、同じ枚数のカードを引く。"
    ]
  },
  "Ginger": {
    "NAME": "ジンジャー",
    "FLAVOR": "様々な飲み物で使われる元気の出る材料。",
    "DESCRIPTIONS": [
      "#y脱力 状態にならない。"
    ]
  },
  "Girya": {
    "NAME": "ケトルベル",
    "FLAVOR": "恐ろしく重いケトルベル。これで鍛えれば、とても強くなれそうだ。",
    "DESCRIPTIONS": [
      "休憩場所で #y筋力 を獲得できる (3回まで)。"
    ]
  },
  "Golden Idol": {
    "NAME": "黄金の偶像",
    "FLAVOR": "すべて金でできている、持っているだけでリッチな気分だ。",
    "DESCRIPTIONS": [
      "敵が落とす #yゴールド が #b25% 増える。"
    ]
  },
  "Gremlin Horn": {
    "NAME": "グレムリンの角",
    "FLAVOR": "「グレムリンの頭は死ぬ時まで成長を続ける。すばらしい。」 \n-ランウィッド",
    "DESCRIPTIONS": [
      "敵を倒すと、 ",
      "[E] を得て、カードを #b1 枚引く。"
    ]
  },
  "Happy Flower": {
    "NAME": "ハッピーフラワー",
    "FLAVOR": "喜びに満ちあふれた植物。貴族の間で人気の珍しい品。",
    "DESCRIPTIONS": [
      "#b",
      " ターンごとに [E] を得る。"
    ]
  },
  "Ice Cream": {
    "NAME": "アイスクリーム",
    "FLAVOR": "「おいしい！」",
    "DESCRIPTIONS": [
      "未使用のエナジーが次のターンに持ち越されるようになる。"
    ]
  },
  "Inserter": {
    "NAME": "インサータ",
    "FLAVOR": "プッシュ。プル。\nスタック。リピート。",
    "DESCRIPTIONS": [
      "#b2 ターンごとにオーブスロットを #b1 個得る。"
    ]
  },
  "Juzu Bracelet": {
    "NAME": "数珠",
    "FLAVOR": "未知なるものへの対抗手段。",
    "DESCRIPTIONS": [
      "#y？ の部屋で、通常の敵との戦闘が発生しなくなる。"
    ]
  },
  "Kunai": {
    "NAME": "クナイ",
    "FLAVOR": "遠距離からの殺傷力が高く、\n暗殺者が好む刃物。",
    "DESCRIPTIONS": [
      "1ターンで #yアタック を #b",
      " 枚使用するたび、 #y敏捷性 #b",
      " を得る。"
    ]
  },
  "Lantern": {
    "NAME": "ランタン",
    "FLAVOR": "力を持つ者だけに灯りをともす不気味なランタン。",
    "DESCRIPTIONS": [
      "戦闘開始時に ",
      "[E] を追加で得る",
      ""
    ]
  },
  "Lee's Waffle": {
    "NAME": "リーのワッフル",
    "FLAVOR": "「塔で出会える最高のおやつ！今日、あなたのために焼きました。」",
    "DESCRIPTIONS": [
      "獲得時、最大HP #b+",
      " 。さらにHPを全回復する。"
    ]
  },
  "Letter Opener": {
    "NAME": "レターオープナー",
    "FLAVOR": "不自然なほどに鋭利。",
    "DESCRIPTIONS": [
      "1ターンで #yスキル を #b3 枚使用するたび、敵全体に #b",
      " ダメージを与える。"
    ]
  },
  "Living Blade": {
    "NAME": "リビングブレード",
    "FLAVOR": "未使用",
    "DESCRIPTIONS": [
      "カードの種類による所持数制限を解除する。"
    ]
  },
  "Lizard Tail": {
    "NAME": "トカゲのしっぽ",
    "FLAVOR": "戦闘中に敵を欺く作りもののしっぽ。",
    "DESCRIPTIONS": [
      "死にそうになった時、一度だけ最大HPの #b50% を回復する。"
    ]
  },
  "Magic Flower": {
    "NAME": "マジックフラワー",
    "FLAVOR": "絶滅したと考えられていた花。なぜか完璧な状態で現存していた。",
    "DESCRIPTIONS": [
      "戦闘中の回復量を #b50% 増加する。"
    ]
  },
  "Mango": {
    "NAME": "マンゴー",
    "FLAVOR": "誰もが追い求めた古の果実。 「塔の厄」の徴候もなく完璧な保存状態。",
    "DESCRIPTIONS": [
      "獲得時、最大HP #b+"
    ]
  },
  "Mark of Pain": {
    "NAME": "苦痛の印",
    "FLAVOR": "北方部族の戦士が戦闘での苦しみを克服した印として使っていた。",
    "DESCRIPTIONS": [
      "ターン開始時に [R] を得る。戦闘開始時に #r負傷 を #b2 枚山札に混ぜる。"
    ]
  },
  "Matryoshka": {
    "NAME": "マトリョーシカ",
    "FLAVOR": "重ねられる、色の付いた人形。白い目と青い羽根の見知らぬ鳥が描かれている。",
    "DESCRIPTIONS": [
      "次とその次に開ける宝箱に #yレリック が #b2 個入っている (ボスの宝箱以外)。",
      "次に開ける宝箱に #yレリック が #b2 個入っている (ボスの宝箱以外)。",
      "レリックを使い果たした。"
    ]
  },
  "Meat on the Bone": {
    "NAME": "骨付き肉",
    "FLAVOR": "肉が常に元通りになり、完全になくなる様子がない。",
    "DESCRIPTIONS": [
      "戦闘終了時のHPが #b50% 以下の場合、HPを #b",
      " 回復する。"
    ]
  },
  "Medical Kit": {
    "NAME": "医療キット",
    "FLAVOR": "「必要なものすべてが入っている！かゆみ止め、火傷薬、解毒剤などなど！」",
    "DESCRIPTIONS": [
      "#y使用不可 の #y状態異常 カードを使用できるようになる。 #y状態異常 カードは使用すると #y廃棄 される。"
    ]
  },
  "Membership Card": {
    "NAME": "会員カード",
    "FLAVOR": "「お得意様にボーナス特典！」",
    "DESCRIPTIONS": [
      "全商品 #b50% 割引！"
    ]
  },
  "Mercury Hourglass": {
    "NAME": "水銀の砂時計",
    "FLAVOR": "永遠に落ち続ける不思議な砂時計。",
    "DESCRIPTIONS": [
      "ターン開始時、敵全体に #b",
      " ダメージを与える。"
    ]
  },
  "Molten Egg 2": {
    "NAME": "溶融した卵",
    "FLAVOR": "フェニックスの卵。沸騰した溶岩で赤熱の輝きを帯びている。",
    "DESCRIPTIONS": [
      "#yアタック をデッキに追加するたび、それを #yアップグレード する。"
    ]
  },
  "Mummified Hand": {
    "NAME": "ミイラの手",
    "FLAVOR": "頻繁に痙攣している。心拍数が上がった時には特に。",
    "DESCRIPTIONS": [
      "#yパワー カードを使用した時、そのターンの間、手札のランダムなカード1枚のコストが #b0 になる。"
    ]
  },
  "Necronomicon": {
    "NAME": "ネクロノミコン",
    "FLAVOR": "愚者のみがこの邪悪な力を取り込もうとする。夜には精神を貪り食う本の悪夢にうなされる。",
    "DESCRIPTIONS": [
      "ターンの最初に使用する #b",
      " コスト以上の #yアタック の効果を2回分発動する。獲得時、特別な #r呪い を1つ受け取る。",
      " コスト以上の #yアタック の効果を2回分発動する。"
    ]
  },
  "NeowsBlessing": {
    "NAME": "ネオーの哀歌",
    "FLAVOR": "ネオーによって授けられた、 悲嘆の祝福。",
    "DESCRIPTIONS": [
      "最初の #b3 回の戦闘で、敵のHPを #b1 にする。",
      "レリックを使い果たした。"
    ]
  },
  "Nilry's Codex": {
    "NAME": "ニルリーのコーデックス",
    "FLAVOR": "悪名高きゲームマスターが自ら作成した。感覚の領域を広げてくれると言われている。",
    "DESCRIPTIONS": [
      "自分のターン終了時、ランダムな #b3 枚のカードの #b1 枚を山札に混ぜることができる。"
    ]
  },
  "Ninja Scroll": {
    "NAME": "忍者の巻物",
    "FLAVOR": "暗殺の秘法について書かれている。",
    "DESCRIPTIONS": [
      "戦闘開始時、 #yナイフ #b",
      " 枚を手札に加える。"
    ]
  },
  "Nloth's Gift": {
    "NAME": "ヌロスの贈り物",
    "FLAVOR": "ヌロスからの奇妙な贈り物。開封するたび、同じ大きさの未開封の箱が出てくる。",
    "DESCRIPTIONS": [
      "戦闘の報酬で #yレア カードが出現する確率が3倍になる。"
    ]
  },
  "Nuclear Battery": {
    "NAME": "原子力電池",
    "FLAVOR": "おお…。",
    "DESCRIPTIONS": [
      "戦闘開始時、 #yプラズマ を #b1 個 #y生成 する。"
    ]
  },
  "Nullstone Periapt": {
    "NAME": "ヌルストーンのお守り",
    "FLAVOR": "未使用。",
    "DESCRIPTIONS": [
      "次に敵から受けるデバフを打ち消す。 NL #b10 ターン後に効力が戻る。"
    ]
  },
  "Odd Mushroom": {
    "NAME": "おかしなキノコ",
    "FLAVOR": "「ゲジゲジキノコを食べた後、自分の体が大きくなり、感性が鈍った…ような気がした。」 \n-ランウィッド",
    "DESCRIPTIONS": [
      "#y弱体化 の被アタックダメージ増加を #b50% ではなく #b25% に軽減する。"
    ]
  },
  "Oddly Smooth Stone": {
    "NAME": "すべすべの石",
    "FLAVOR": "こんなに滑らかで汚れていないものは見たことがない。古代人の手によるものに違いない。",
    "DESCRIPTIONS": [
      "戦闘開始時、 #y敏捷性 #b",
      " を得る。"
    ]
  },
  "Old Coin": {
    "NAME": "古のコイン",
    "FLAVOR": "歴史的価値があるうえ珍しい金属を含んでおり、商人が珍重するコイン。",
    "DESCRIPTIONS": [
      "獲得時、 #b300 #yゴールド を得る。"
    ]
  },
  "Omamori": {
    "NAME": "お守り",
    "FLAVOR": "邪悪な魂を追い払う一般的な護符。神々しい力が宿っているようだ。",
    "DESCRIPTIONS": [
      "次に受ける #r呪い を #b2 回まで打ち消す。",
      "次に受ける #r呪い を打ち消す。",
      "レリックを使い果たした。"
    ]
  },
  "Orichalcum": {
    "NAME": "オリハルコン",
    "FLAVOR": "どうやって作られたか分からない、緑がかった金属。破壊することはできないだろう。",
    "DESCRIPTIONS": [
      "#yブロック なしでターンを終了した時、 #b",
      " #yブロック を得る。"
    ]
  },
  "Ornamental Fan": {
    "NAME": "装飾用扇子",
    "FLAVOR": "血を流すように開いて硬化する扇子。",
    "DESCRIPTIONS": [
      "1ターンで #yアタック を #b3 枚使用するたび、 #b",
      " #yブロック を得る。"
    ]
  },
  "Orrery": {
    "NAME": "太陽系儀",
    "FLAVOR": "「宇宙を理解すれば…」-ゾロス",
    "DESCRIPTIONS": [
      "獲得時、カードを #b5 枚選んでデッキに追加する。",
      "知識だ！"
    ]
  },
  "Pandora's Box": {
    "NAME": "パンドラの箱",
    "FLAVOR": "これを開くのは決してよいことではないと感じた。",
    "DESCRIPTIONS": [
      "獲得時、すべての ストライク と防御カードを #b変化 させる。",
      "パンドラの箱は開かれた…。"
    ]
  },
  "Pantograph": {
    "NAME": "パンタグラフ",
    "FLAVOR": "「強固な基礎は偶然からは生まれない。計画に必要な工具は必須である。」-造物主",
    "DESCRIPTIONS": [
      "ボスとの戦闘開始時、HPを #b",
      " 回復する。"
    ]
  },
  "Paper Crane": {
    "NAME": "折りズル",
    "FLAVOR": "古代の生物を模した折り紙。",
    "DESCRIPTIONS": [
      "#y脱力 状態の敵からのダメージが #b25% ではなく #b40% 減少する。"
    ]
  },
  "Paper Frog": {
    "NAME": "折り紙キャエル",
    "FLAVOR": "開いたり閉じたりを繰り返し、小さな生物の形を成す紙。",
    "DESCRIPTIONS": [
      "#y弱体化 した敵へのダメージが #b50% ではなく #b75% 増加する。"
    ]
  },
  "Peace Pipe": {
    "NAME": "安らぎのパイプ",
    "FLAVOR": "気持ちをすっきりさせて、魂を浄化する。",
    "DESCRIPTIONS": [
      "休憩場所でデッキのカードを除去できるようになる。"
    ]
  },
  "Pear": {
    "NAME": "洋ナシ",
    "FLAVOR": "「塔の厄」の前は一般的だった果実。",
    "DESCRIPTIONS": [
      "獲得時、最大HP #b+"
    ]
  },
  "Pen Nib": {
    "NAME": "ペン先",
    "FLAVOR": "このペン先を握ると、以前の持ち主が倒してきた者の姿が見えてくる。暴虐の記憶だ。",
    "DESCRIPTIONS": [
      "#yアタック の使用 #b10 回ごとにダメージが2倍になる。"
    ]
  },
  "Philosopher's Stone": {
    "NAME": "賢者の石",
    "FLAVOR": "石からはエネルギーがあふれ出し、周囲のすべてに力を与える。",
    "DESCRIPTIONS": [
      "ターン開始時に [E] を得る。戦闘開始時、敵全体が #y筋力 #b",
      " を得る。"
    ]
  },
  "Potion Belt": {
    "NAME": "ポーションベルト",
    "FLAVOR": "このベルトでポーションをもっと持ち運べる！",
    "DESCRIPTIONS": [
      "獲得時、ポーションスロットを #b2 個得る。"
    ]
  },
  "Prayer Wheel": {
    "NAME": "マニ車",
    "FLAVOR": "回り続けて止まることがない。",
    "DESCRIPTIONS": [
      "通常の敵が追加でカード報酬を落とす。"
    ]
  },
  "Question Card": {
    "NAME": "質問カード",
    "FLAVOR": "「より多くの選択肢があれば、混沌における不利益を最小限にできる。」 -偉人クビライ",
    "DESCRIPTIONS": [
      "カード報酬の選択肢のカードが #b1 枚増える。"
    ]
  },
  "Red Circlet": {
    "NAME": "レッドサークレット",
    "FLAVOR": "すべてのレリックを発見した。すばらしい！",
    "DESCRIPTIONS": [
      "とても美しく見える。"
    ]
  },
  "Red Mask": {
    "NAME": "赤仮面",
    "FLAVOR": "赤仮面盗賊団のリーダーが持つ、とてもかっこいい仮面。つまり今これを持っているあなたはリーダー？",
    "DESCRIPTIONS": [
      "戦闘開始時、敵全体に #y脱力 #b",
      " を与える。"
    ]
  },
  "Red Skull": {
    "NAME": "赤い頭蓋骨",
    "FLAVOR": "模様が描かれた小さな頭蓋骨。",
    "DESCRIPTIONS": [
      "HPが #b50% 以下になると、 #y筋力 #b",
      " を得る。"
    ]
  },
  "Regal Pillow": {
    "NAME": "王者の枕",
    "FLAVOR": "これで夜きちんと眠れる。",
    "DESCRIPTIONS": [
      "#y休憩 するたび、追加でHPを #b",
      " 回復する。"
    ]
  },
  "Ring of the Serpent": {
    "NAME": "大蛇の指輪",
    "FLAVOR": "着けていた指輪が姿を変えた。",
    "DESCRIPTIONS": [
      "#g蛇の指輪 と置き換わる。 ",
      "ターン開始時、追加でカードを #b1 枚引く。"
    ]
  },
  "Ring of the Snake": {
    "NAME": "蛇の指輪",
    "FLAVOR": "蛇の化石から作られた。優れた技能を持つハンターの証。",
    "DESCRIPTIONS": [
      "戦闘開始時、追加でカードを #b",
      " 枚引く。"
    ]
  },
  "Runic Capacitor": {
    "NAME": "ルーンコンデンサ",
    "FLAVOR": "多ければ多いほどよい。",
    "DESCRIPTIONS": [
      "戦闘開始時、オーブスロットを追加で #b3 個得る。"
    ]
  },
  "Runic Cube": {
    "NAME": "ルーンキューブ",
    "FLAVOR": "ルーン文字は解読できない。",
    "DESCRIPTIONS": [
      "HPを失うたび、カードを #b",
      " 枚引く。",
      ""
    ]
  },
  "Runic Dome": {
    "NAME": "ルーンドーム",
    "FLAVOR": "ルーン文字は解読できない。",
    "DESCRIPTIONS": [
      "敵の #b行動予定 が分からなくなる。",
      "ターン開始時に [E] を得る。"
    ]
  },
  "Runic Pyramid": {
    "NAME": "ルーンピラミッド",
    "FLAVOR": "ルーン文字は解読できない。",
    "DESCRIPTIONS": [
      "ターン終了時、手札を捨てなくなる。",
      ""
    ]
  },
  "Self Forming Clay": {
    "NAME": "自己形成粘土",
    "FLAVOR": "「非常に不可思議だ！私の考える形へと徐々に姿を変える！超能力粘土？」-ランウィッド",
    "DESCRIPTIONS": [
      "HPを失うと、次のターンで #b",
      " #yブロック を得る。"
    ]
  },
  "Shovel": {
    "NAME": "ショベル",
    "FLAVOR": "塔には様々な古代文明の遺物と、時間との戦いに敗れた冒険者たちが眠っている。発掘を始めよう！",
    "DESCRIPTIONS": [
      "休憩場所でレリックの #y発掘 が可能になる。"
    ]
  },
  "Shuriken": {
    "NAME": "手裏剣",
    "FLAVOR": "軽量の投てき武器。\n目を狙うのがおすすめ。",
    "DESCRIPTIONS": [
      "1ターンで #yアタック を #b",
      " 枚使用するたび、 #y筋力 #b",
      " を得る。"
    ]
  },
  "Singing Bowl": {
    "NAME": "歌うボウル",
    "FLAVOR": "使い込まれたこの文明の品は、叩くと美しいメロディーを奏でる。",
    "DESCRIPTIONS": [
      "カード報酬をスキップした場合、代わりに最大HPを #b+2 できる。"
    ]
  },
  "Smiling Mask": {
    "NAME": "笑顔の仮面",
    "FLAVOR": "商人が着けている仮面。彼の予備だろうか…。",
    "DESCRIPTIONS": [
      "商人のカード除去サービスの価格が #b",
      " #yゴールド に固定される。"
    ]
  },
  "Snake Skull": {
    "NAME": "ヘビヤモリの頭蓋骨",
    "FLAVOR": "よい保存状態のヘビヤモリの頭蓋骨。不思議なくらいきれいで滑らか、どういうわけか土や汚れが付着しない。",
    "DESCRIPTIONS": [
      "敵に #y毒 を与えるたび、追加で #y毒 #b",
      " を与える。"
    ]
  },
  "Snecko Eye": {
    "NAME": "ヘビヤモリの目",
    "FLAVOR": "戦いに敗れたヘビヤモリの目。思っていたより大きい。",
    "DESCRIPTIONS": [
      "ターン開始時、追加でカードを #b2 枚引く。戦闘開始時に #y混乱 状態になる。"
    ]
  },
  "Sozu": {
    "NAME": "ししおどし",
    "FLAVOR": "このレリックの近くでは、魔力を持った液体の効果が消えてしまうようだ。",
    "DESCRIPTIONS": [
      " を得る。ポーションを入手できなくなる。",
      "ターン開始時に [E] "
    ]
  },
  "Spirit Poop": {
    "NAME": "精霊のふん",
    "FLAVOR": "精霊に捧げた供物の残骸。 黒焦げになっている。",
    "DESCRIPTIONS": [
      "気分のよいものではない。"
    ]
  },
  "Strange Spoon": {
    "NAME": "奇妙なスプーン",
    "FLAVOR": "スプーンを見つめていると、 折れ曲がっていくようだ。",
    "DESCRIPTIONS": [
      "使用したカードが #y廃棄 される時、 #b50% の確率で 廃棄 ではなく捨て札になる。"
    ]
  },
  "Strawberry": {
    "NAME": "イチゴ",
    "FLAVOR": "「おいしい！厄が来て以来見るのは初めてだ。」-ランウィッド",
    "DESCRIPTIONS": [
      "獲得時、最大HP #b+"
    ]
  },
  "Sundial": {
    "NAME": "日時計",
    "FLAVOR": "「古代人は時間への愚かな執着から、空を見上げて導きを求め、永遠を望むことになった。」 \n-ゾロス",
    "DESCRIPTIONS": [
      "山札を #b",
      " 回シャッフルするたび、 [E] [E] を得る。"
    ]
  },
  "Symbiotic Virus": {
    "NAME": "共生ウイルス",
    "FLAVOR": "わずかな悪が多大な善を生むこともある…。",
    "DESCRIPTIONS": [
      "戦闘開始時、 #yダーク を #b1 個 #y生成 する。"
    ]
  },
  "Test 1": {
    "NAME": "テスト1",
    "FLAVOR": "ベータ用のテストレリックです。おもしろいと感じたら開発者にお知らせください。",
    "DESCRIPTIONS": [
      "ポーションを使用するたびに ",
      " [R] を得る。",
      " [G] を得る。",
      " [B] を得る。"
    ]
  },
  "Test 2": {
    "NAME": "テスト2",
    "FLAVOR": "ベータ用のテストレリックです。おもしろいと感じたら開発者にお知らせください。",
    "DESCRIPTIONS": [
      "#y山札 を見る時、カードが並び順どおりに表示されるようになる。"
    ]
  },
  "Test 3": {
    "NAME": "テスト3",
    "FLAVOR": "ベータ用のテストレリックです。おもしろいと感じたら開発者にお知らせください。",
    "DESCRIPTIONS": [
      "獲得時にすべての #y防御 カードを #yアップグレード する。"
    ]
  },
  "Test 4": {
    "NAME": "テスト4",
    "FLAVOR": "ベータ用のテストレリックです。おもしろいと感じたら開発者にお知らせください。",
    "DESCRIPTIONS": [
      "戦闘開始時、すべての #yストライク カードのコストが #b0 になる。"
    ]
  },
  "Test 5": {
    "NAME": "テスト5",
    "FLAVOR": "ベータ用のテストレリックです。おもしろいと感じたら開発者にお知らせください。",
    "DESCRIPTIONS": [
      "獲得時、ランダムな #yスキル カードを #b",
      " 枚 #yアップグレード する。"
    ]
  },
  "Test 6": {
    "NAME": "テスト6",
    "FLAVOR": "ベータ用のテストレリックです。おもしろいと感じたら開発者にお知らせください。",
    "DESCRIPTIONS": [
      "ターン終了時、 #b",
      " #yブロック を得る (所持している #b",
      " #yゴールドごと)。"
    ]
  },
  "Test 7": {
    "NAME": "テスト7",
    "FLAVOR": "ベータ用のテストレリックです。おもしろいと感じたら開発者にお知らせください。",
    "DESCRIPTIONS": [
      "#yエリート を倒すと #yレリック を #b2 個落とすようになる。"
    ]
  },
  "Test 8": {
    "NAME": "テスト8",
    "FLAVOR": "ベータ用のテストレリックです。おもしろいと感じたら開発者にお知らせください。",
    "DESCRIPTIONS": [
      "ターン開始時、カードを #b2 枚追加で引く。戦闘開始時に #y混乱 状態になる。"
    ]
  },
  "The Courier": {
    "NAME": "運び屋",
    "FLAVOR": "商人のペット！",
    "DESCRIPTIONS": [
      "商人がカード、レリック、ポーションを新たに仕入れるようになり、価格は #b20% 割引になる。"
    ]
  },
  "The Specimen": {
    "NAME": "標本",
    "FLAVOR": "「驚きだ！凄まじい毒性を示す突然変異種を発見した。後で調査するために保管しておこう。」-ランウィッド",
    "DESCRIPTIONS": [
      "敵が倒れると、その敵に蓄積していた #y毒 をランダムな敵に与える。"
    ]
  },
  "Thread and Needle": {
    "NAME": "針と糸",
    "FLAVOR": "魔法の糸を体に巻き付けると、固くなった気がする。",
    "DESCRIPTIONS": [
      "戦闘開始時、 #yプレートアーマー #b",
      " を得る。"
    ]
  },
  "Tingsha": {
    "NAME": "ティンシャ",
    "FLAVOR": "この楽器が発する音は、苦痛を伴う音量にまで鳴り響きそうだ。",
    "DESCRIPTIONS": [
      "ターン中にカードを1枚捨てるたび、ランダムな敵に #b",
      " ダメージを与える。"
    ]
  },
  "Tiny Chest": {
    "NAME": "小さな宝箱",
    "FLAVOR": "「よくできた試作品だ。」 \n-造物主",
    "DESCRIPTIONS": [
      "#y？ の部屋 #b",
      "つごとに #y財宝 部屋を発見するようになる。",
      ""
    ]
  },
  "Tiny House": {
    "NAME": "小さな家",
    "FLAVOR": "「ほぼ完璧なミニチュア。今できる最高の仕上がりだが、まだ十分とは言えない。」-造物主",
    "DESCRIPTIONS": [
      "獲得時、ポーションを #b1 個得る。 #b",
      " #yゴールド 獲得。最大HP #b+",
      " 。カードを #b1 枚得る。ランダムなカードを #b1 枚 アップグレード 。",
      "小さな家！"
    ]
  },
  "Toolbox": {
    "NAME": "工具箱",
    "FLAVOR": "あらゆることに使える工具一式。",
    "DESCRIPTIONS": [
      "戦闘開始時、 #b3 枚のランダムな無色のカードから #b1 枚を選択し、手札に加える。"
    ]
  },
  "Torii": {
    "NAME": "鳥居",
    "FLAVOR": "この小さな鳥居を握ると、心が落ち着き、安心する。",
    "DESCRIPTIONS": [
      "ブロック で防げない #b",
      " 以下のアタックダメージを #b1 に軽減する。"
    ]
  },
  "Tough Bandages": {
    "NAME": "丈夫な包帯",
    "FLAVOR": "失うことで強くなれる。",
    "DESCRIPTIONS": [
      "ターン中にカードを捨てるたび、 #b",
      " #yブロック を得る。"
    ]
  },
  "Toxic Egg 2": {
    "NAME": "毒の卵",
    "FLAVOR": "「すごい発見！魔法生物の不活性卵のようだ。誰が、それとも何が生み出した？」 \n-ランウィッド",
    "DESCRIPTIONS": [
      "#yスキル カードをデッキに追加するたび、それを #yアップグレード する。"
    ]
  },
  "Toy Ornithopter": {
    "NAME": "オーニソプターの玩具",
    "FLAVOR": "「この小さなおもちゃは孤独な旅における最高の仲間だ！」",
    "DESCRIPTIONS": [
      "ポーションを使用するたびにHPを #b",
      " 回復する。"
    ]
  },
  "Turnip": {
    "NAME": "カブ",
    "FLAVOR": "ジンジャーとの組み合わせが最適。",
    "DESCRIPTIONS": [
      "#y脆弱化 状態にならない。"
    ]
  },
  "Unceasing Top": {
    "NAME": "永久コマ",
    "FLAVOR": "コマは軽やかに回り続ける。 まるで夢の中にいるようだ。",
    "DESCRIPTIONS": [
      "手札にカードがなくなるたび、カードを1枚引く。"
    ]
  },
  "Vajra": {
    "NAME": "バジュラ",
    "FLAVOR": "戦いでの栄光の証として戦士に送られた装飾品。",
    "DESCRIPTIONS": [
      "戦闘開始時 #y筋力 #b",
      " を得る。"
    ]
  },
  "Velvet Choker": {
    "NAME": "ベルベットチョーカー",
    "FLAVOR": "「巨大な力だが、制約が多すぎる。」 \n-偉人クビライ",
    "DESCRIPTIONS": [
      "1ターンでカードを #b",
      " 枚までしか使用できない。",
      "ターン開始時に [E] を得る。 ",
      "使用できるカードの数は最高 NL #r"
    ]
  },
  "War Paint": {
    "NAME": "戦化粧",
    "FLAVOR": "その昔、鉄仮面の兵士たちは戦いに挑む前に、身を守る魔法の戦化粧を施した。",
    "DESCRIPTIONS": [
      "獲得時、ランダムな #yスキル カードを #b",
      " 枚 #yアップグレード する。"
    ]
  },
  "Whetstone": {
    "NAME": "砥石",
    "FLAVOR": "「生身では決して鉄に打ち勝てない。」 \n-偉人クビライ",
    "DESCRIPTIONS": [
      "獲得時、ランダムな #yアタック カードを #b",
      " 枚 #yアップグレード する。"
    ]
  },
  "White Beast Statue": {
    "NAME": "白き獣の像",
    "FLAVOR": "小さな白い像。見たことのない生き物をかたどっている。",
    "DESCRIPTIONS": [
      "戦闘報酬で必ずポーションが出現する。"
    ]
  },
  "Boot": {
    "NAME": "ザ・ブーツ",
    "FLAVOR": "ねじを巻くと、より大きくなる。",
    "DESCRIPTIONS": [
      "敵へのアタックダメージのうち、 ブロック されなかった #b",
      " 以下のダメージを #b5 ダメージに増加する。"
    ]
  },
  "Mark of the Bloom": {
    "NAME": "開花の印",
    "FLAVOR": "彼方では、思考と現実はひとつとなる。",
    "DESCRIPTIONS": [
      "回復できなくなる。"
    ]
  },
  "Busted Crown": {
    "NAME": "壊れた王冠",
    "FLAVOR": "チャンプの王冠…もしくは粗悪な模造品か？",
    "DESCRIPTIONS": [
      "を得る。カード報酬の選択肢のカードが #b2 枚 減る。",
      "ターン開始時に [E] "
    ]
  },
  "Incense Burner": {
    "NAME": "香炉",
    "FLAVOR": "燃やしたものの魂が煙を通じて持ち主の中へと染み込む。",
    "DESCRIPTIONS": [
      "#b6 ターンごとに #y無形 #b1 を得る。"
    ]
  },
  "Empty Cage": {
    "NAME": "空っぽの檻",
    "FLAVOR": "「自分が敬うものを閉じ込めるなんて、おかしいことだ。」 \n-ランウィッド",
    "DESCRIPTIONS": [
      "獲得時、カードを #b2 枚デッキから除去する。",
      "除去するカードを2枚選択。"
    ]
  },
  "Fusion Hammer": {
    "NAME": "融合ハンマー",
    "FLAVOR": "一度振れば、二度と手放すことはできない。",
    "DESCRIPTIONS": [
      "を得る。休憩場所で #y鍛冶 ができなくなる。",
      "ターン開始時に [E] "
    ]
  },
  "Coffee Dripper": {
    "NAME": "コーヒードリッパー",
    "FLAVOR": "「そうだな、もう一杯飲もう。仕事に戻れ、戻るんだ！」 \n-造物主",
    "DESCRIPTIONS": [
      "を得る。休憩場所で #y休憩 を取れなくなる。",
      "ターン開始時に [E] "
    ]
  },
  "SsserpentHead": {
    "NAME": "サ・サーペントの頭",
    "FLAVOR": "人生で最も幸せなのは、何でも自由に買えることだ！",
    "DESCRIPTIONS": [
      "#y？ の部屋に入るたび、 #b",
      " #yゴールド を得る。"
    ]
  },
  "MutagenicStrength": {
    "NAME": "突然変異性筋肥大",
    "FLAVOR": "「結果が見られるのは一瞬で、被験者が危険にさらされた時に発動するようだ。」-著者不明",
    "DESCRIPTIONS": [
      "戦闘開始時に #y筋力 #b",
      " を得るが、最初のターン終了時に #y筋力 #b",
      " を失う。"
    ]
  },
  "FaceOfCleric": {
    "NAME": "聖職者の顔",
    "FLAVOR": "みんな大好き聖職者。",
    "DESCRIPTIONS": [
      "戦闘終了時に最大HP #b+1 。"
    ]
  },
  "NlothsMask": {
    "NAME": "ヌロスの飢えた顔",
    "FLAVOR": "空腹を実感する。",
    "DESCRIPTIONS": [
      "次に開く宝箱の中身はない (ボスの宝箱以外)。",
      ""
    ]
  },
  "GremlinMask": {
    "NAME": "グレムリンの顔",
    "FLAVOR": "逃げるなら今だ。",
    "DESCRIPTIONS": [
      "戦闘開始時 #y脱力 #b1 を得る。"
    ]
  },
  "CultistMask": {
    "NAME": "狂信者の被り物",
    "FLAVOR": "これで立派な信者！",
    "DESCRIPTIONS": [
      "声を出したい気持ちになる。",
      "@クワッ！@ NL @クワワワッ@"
    ]
  },
  "TheAbacus": {
    "NAME": "そろばん",
    "FLAVOR": "「いち…に…さん…」",
    "DESCRIPTIONS": [
      "山札をシャッフルするたび、 #b",
      " #yブロック を得る。"
    ]
  },
  "DollysMirror": {
    "NAME": "ドリーの鏡",
    "FLAVOR": "「この鏡に映る自分は何だかおもしろい。」",
    "DESCRIPTIONS": [
      "獲得時、デッキのカードを1枚複製する。",
      "複製するカードを1枚選択。"
    ]
  },
  "ClockworkSouvenir": {
    "NAME": "時計仕掛けの記念品",
    "FLAVOR": "「たくさんの歯車が組み合わさっている。」",
    "DESCRIPTIONS": [
      "戦闘開始時、 #y人の作りし物 #b1 を得る。"
    ]
  },
  "MealTicket": {
    "NAME": "お食事券",
    "FLAVOR": "「ご来店の皆様にはミートボールをご提供！」",
    "DESCRIPTIONS": [
      "ショップを訪問するたび、HPを #b",
      " 回復。"
    ]
  },
  "TwistedFunnel": {
    "NAME": "ねじれた漏斗",
    "FLAVOR": "「これで飲むつもりはない。」",
    "DESCRIPTIONS": [
      "戦闘開始時、敵全体に #y毒 #b4 を与える。"
    ]
  },
  "HandDrill": {
    "NAME": "ハンドドリル",
    "FLAVOR": "「らせん状のものは危険だ。」",
    "DESCRIPTIONS": [
      "敵の #yブロック を破った時に #y弱体化 #b2 を与える。"
    ]
  },
  "HoveringKite": {
    "NAME": "漂う凧",
    "FLAVOR": "不思議な力にいざなわれ、戦闘時には辺りを漂う。",
    "DESCRIPTIONS": [
      "毎ターン1度だけ、カードを捨てたときに [E] を得る。"
    ]
  },
  "Sling": {
    "NAME": "勇気のスリング",
    "FLAVOR": "「特に強力な敵と戦う時に便利な道具。」",
    "DESCRIPTIONS": [
      "エリートとの戦闘開始時、 #y筋力 #b",
      " を得る。"
    ]
  },
  "OrangePellets": {
    "NAME": "オレンジ色の丸薬",
    "FLAVOR": "「塔で見つかった様々なキノコから作られた。あらゆる苦痛を取り除く。」",
    "DESCRIPTIONS": [
      "1回のターンで #yパワー 、 #yアタック 、 #yスキル を1枚ずつ使用すると、プレイヤーのすべてのデバフを取り除く。"
    ]
  },
  "WristBlade": {
    "NAME": "リストブレード",
    "FLAVOR": "暗殺に便利。",
    "DESCRIPTIONS": [
      "#b0 コストの #yアタック で与えるダメージが #b4 増加する。"
    ]
  },
  "StoneCalendar": {
    "NAME": "暦石",
    "FLAVOR": "塔の中では、時の経過を知覚できない。",
    "DESCRIPTIONS": [
      "#b",
      " ターン目の終了時、敵全体に #b",
      " ダメージを与える。"
    ]
  },
  "Nunchaku": {
    "NAME": "ヌンチャク",
    "FLAVOR": "鍛錬に最適な道具。力を持つ者の構えや身のこなしを向上させる。",
    "DESCRIPTIONS": [
      "#yアタック を #b",
      " 枚使用するたび、 [E] を得る。"
    ]
  },
  "Brimstone": {
    "NAME": "硫黄",
    "FLAVOR": "地獄の熱を発出している。",
    "DESCRIPTIONS": [
      "ターン開始時、 #y筋力 #b",
      " を得る。敵全体が #y筋力 #b",
      " を得る。"
    ]
  },
  "PreservedInsect": {
    "NAME": "昆虫標本",
    "FLAVOR": "この昆虫は巨大な敵を小さくするオーラを発するようだ。",
    "DESCRIPTIONS": [
      "エリート戦の敵のHPが #b",
      "% 減少する。"
    ]
  },
  "Pocketwatch": {
    "NAME": "懐中時計",
    "FLAVOR": "針は3時を指して止まっているようだ。",
    "DESCRIPTIONS": [
      "自分のターンで使用したカードが #b3 枚以下の時、次のターン開始時に追加でカードを #b3 枚引く。"
    ]
  },
  "FossilizedHelix": {
    "NAME": "貝の化石",
    "FLAVOR": "おそらく破壊できない。一体どんな生き物の一部なのだろう。",
    "DESCRIPTIONS": [
      "戦闘で最初のHPの喪失を防ぐ。"
    ]
  },
  "PrismaticShard": {
    "NAME": "プリズムシャード",
    "FLAVOR": "破片を通して見ると、まったく新しい視点を得られる。",
    "DESCRIPTIONS": [
      "戦闘後の報酬で無色や他色のカードが現れるようになる。"
    ]
  },
  "WarpedTongs": {
    "NAME": "曲がったトング",
    "FLAVOR": "この呪われたトングは、元の場所に戻りたいという強烈な願望を発している。",
    "DESCRIPTIONS": [
      "ターン開始時、手札のランダムなカードを1枚 #yアップグレード する。その戦闘中有効。"
    ]
  },
  "WingedGreaves": {
    "NAME": "空飛ぶブーツ",
    "FLAVOR": "イケてる。",
    "DESCRIPTIONS": [
      "次の部屋を選択する時、 #b3 回まで道を無視して移動できる。"
    ]
  },
  "MawBank": {
    "NAME": "モーの貯金箱",
    "FLAVOR": "モーの襲撃が頻繁に起きているにもかかわらず、なぜか人気がある。",
    "DESCRIPTIONS": [
      "階を進むたび、 #b",
      " #yゴールド を得る。ショップで #yゴールド を支払うと効果が失われる。",
      "レリックを使い果たした。"
    ]
  },
  "Akabeko": {
    "NAME": "赤べこ",
    "FLAVOR": "「モ～～～」",
    "DESCRIPTIONS": [
      "各戦闘で最初にプレイするアタックが追加で #b",
      " ダメージを与える。"
    ]
  },
  "InkBottle": {
    "NAME": "インク瓶",
    "FLAVOR": "中身を使い切ると、自然と違う色のインクで補充されるようだ。",
    "DESCRIPTIONS": [
      "カードを #b10 枚プレイするたび、カードを #b1 枚引く。"
    ]
  },
  "PureWater": {
    "NAME": "純水",
    "FLAVOR": "細かい砂でろ過された、不純物の混じっていない水。",
    "DESCRIPTIONS": [
      "戦闘開始時、 #y奇跡 を1枚手札に加える。"
    ]
  },
  "StrikeDummy": {
    "NAME": "ストライクダミー",
    "FLAVOR": "ボロボロだ。",
    "DESCRIPTIONS": [
      "名前に「ストライク」を含むカードが追加で #b",
      " ダメージを与える。"
    ]
  },
  "VioletLotus": {
    "NAME": "バイオレット・ロータス",
    "FLAVOR": "古文書によれば、「マナ・プール」の水面はこの花であふれていたという。",
    "DESCRIPTIONS": [
      "#y平静 スタンスを解除するとき、追加で [E] を得る。"
    ]
  },
  "HornCleat": {
    "NAME": "ホーンクリート",
    "FLAVOR": "心地がいい手触りをしている。一体何に使われていたのだろう？",
    "DESCRIPTIONS": [
      "2ターン目開始時に #b",
      " #yブロック を得る。"
    ]
  },
  "TungstenRod": {
    "NAME": "タングステンの棒材",
    "FLAVOR": "とても、非常に重い。",
    "DESCRIPTIONS": [
      "HPを失うたび、その数値を #b",
      " 軽減する。"
    ]
  },
  "SlaversCollar": {
    "NAME": "奴隷商人の首枷",
    "FLAVOR": "サビついた粗末な鎖。",
    "DESCRIPTIONS": [
      "ボスかエリートとの戦闘時、ターン開始時に [E] を得る。"
    ]
  },
  "Yang": {
    "NAME": "陰陽一体",
    "FLAVOR": "「まるでカーテンに覆われたかのように、そうして太陽は永遠に消え去った」 \n-ゾロス",
    "DESCRIPTIONS": [
      "「 #yアタック 」をプレイするたび、一時的に #b1 #y敏捷性 を得る。"
    ]
  },
  "HolyWater": {
    "NAME": "聖水",
    "FLAVOR": "塔が現れるより前の時代に採取された水。",
    "DESCRIPTIONS": [
      "#p純水 と置き換わる。戦闘開始時、 #y奇跡 を #b3 枚手札に加える。"
    ]
  },
  "Melange": {
    "NAME": "混合物",
    "FLAVOR": "正体不明の神秘的な砂。シナモンの香りがする。",
    "DESCRIPTIONS": [
      "山札をシャッフルするたび、 #y占術 #b",
      "。"
    ]
  },
  "CaptainsWheel": {
    "NAME": "船長の舵輪",
    "FLAVOR": "精巧な技術で彫られた木製の道具。誰かの名前も彫られているが、異国の言葉で読めない。",
    "DESCRIPTIONS": [
      "3ターン目開始時に #b",
      " #yブロック を得る。"
    ]
  },
  "CeramicFish": {
    "NAME": "魚の陶器",
    "FLAVOR": "細部まで丁寧に塗られたこの魚は、幸運をもたらすと言われている。",
    "DESCRIPTIONS": [
      "デッキにカードを加えるたび、 #b",
      " #yゴールド を得る。"
    ]
  },
  "CloakClasp": {
    "NAME": "マントの留具",
    "FLAVOR": "シンプルだが頑丈なデザイン。",
    "DESCRIPTIONS": [
      "ターン終了時、手札のカード1枚につき #b",
      " #yブロック を得る。"
    ]
  },
  "SacredBark": {
    "NAME": "聖樹皮",
    "FLAVOR": "世界樹から剥がれ落ちたと言われている樹皮。",
    "DESCRIPTIONS": [
      "ポーションの効果を2倍にする。"
    ]
  },
  "TeardropLocket": {
    "NAME": "涙の首飾り",
    "FLAVOR": "持ち主は盲者であり、またその中身は不可視である。",
    "DESCRIPTIONS": [
      "戦闘を #y平静 のスタンスで開始する。"
    ]
  },
  "Yin": {
    "NAME": "DEPRECATED Yin",
    "FLAVOR": "You cannot have light without dark. Or can you?",
    "DESCRIPTIONS": [
      "Whenever you play a #ySkill, gain #b1 temporary #yStrength."
    ]
  },
  "GoldenEye": {
    "NAME": "黄金の目",
    "FLAVOR": "周囲の者の思考を覗き込み、次の行動を見通す。",
    "DESCRIPTIONS": [
      "#y占術 を行う時、追加で #y占術 #b",
      " 。"
    ]
  },
  "Damaru": {
    "NAME": "ダマル太鼓",
    "FLAVOR": "この小さな太鼓の音は意識を覚醒させ、先に進む道へと導いてくれる。",
    "DESCRIPTIONS": [
      "ターン開始時に #b",
      " #yマントラ を得る。"
    ]
  }
}