{
  "Discard Tip": {
    "TEXT": [
      "山札がない場合は、捨て札がシャッフルされて山札になる。 NL NL クリックすると捨て札のカードを見られる。",
      "山札がない場合は、捨て札がシャッフルされて山札になる。 NL NL 捨て札のカードを見られる。"
    ],
    "LABEL": [
      "捨て札"
    ]
  },
  "Draw Tip": {
    "TEXT": [
      "ターン開始時、ここからカードを #b",
      " 枚引く。 NL NL クリックすると山札のカードを見られる (並び順は異なる)。",
      " 枚引く。 NL NL クリックすると山札のカードを見られる。",
      " 枚引く。 NL NL 山札のカードを見られる (並び順は異なる)。",
      " 枚引く。 NL NL 山札のカードを見られる。"
    ],
    "LABEL": [
      "山札"
    ]
  },
  "End Turn Tip": {
    "TEXT": [
      "このボタンを押すとプレイヤーのターンが終わる。 NL NL 手札はすべて捨てられて、敵のターンになる。その後プレイヤーがカードを ",
      " 枚引いて、次のターンが始まる。"
    ],
    "LABEL": [
      "ターン終了"
    ]
  },
  "Energy Panel Tip": {
    "TEXT": [
      "現在のエナジーの数。カードを使用するにはエナジーが必要となる。"
    ],
    "LABEL": [
      "エナジー"
    ]
  },
  "Energy Tip": {
    "TEXT": [
      "カードを使用するにはエナジーが必要。 NL 画面左下の球体が、このターンのエナジー残量を示している。"
    ],
    "LABEL": [
      "エナジーコスト"
    ]
  },
  "Exhaust Tip": {
    "TEXT": [
      "クリックするとこの戦闘中に廃棄されたカードを見られる。",
      "この戦闘中に廃棄されたカードを見られる。"
    ],
    "LABEL": [
      "廃棄されたカード"
    ]
  },
  "FTUE Tips": {
    "LABEL": [
      "ヒント: ",
      "OK"
    ],
    "TEXT": []
  },
  "Main Tutorial": {
    "TEXT": [
      "手札のカードを使って敵を倒しましょう！ NL NL カードを使うには #yエナジー が必要です。 NL エナジーを使い切ったらターンを終えます。 NL NL 自分のターン開始時には新しいカードを引きます。この時、 #yエナジー は回復します。",
      "敵がアタックしようとしているなら、防御的なカードで #yブロック を得ましょう。 NL NL #yブロック は敵からのアタックダメージを減らします。 NL ただし、次のプレイヤーのターン開始時には #r解除 されます。",
      "プレイヤーのターン時、敵の上には #y行動予定 が表示されます。 NL NL 敵がアタックを予定している場合は、 #yブロック を準備しましょう！"
    ],
    "LABEL": [
      "次へ",
      "準備万端！",
      "チュートリアル",
      "(ページ ",
      " / 3)"
    ]
  },
  "Options Tip": {
    "TEXT": [
      "ゲームプレイデータやエラーログは、ゲームのバランス調整のためにMega Critに送信されます。 NL NL 個人を特定する情報は収集されません。",
      "Slay the Spireの動作は、全画面表示時に最も速くなります。Dockとメニューバーが隠れるmacOSにおすすめです。 NL 注: PCでは、全画面表示時にAlt+Tab機能でゲーム画面に戻ろうとしても正常に動作しない場合があります。",
      "Slay the Spireは負荷の高いゲームではないため、Alt+Tab機能をすぐに使えるボーダーレス全画面表示がおすすめです。PCでのプレイに最適です。",
      "注: 垂直同期がオンの場合、最大フレームレートはモニターのリフレッシュレートを上回ることはありません。",
      "この画面ではコントローラーが正常に動作しないことがあります。",
      "Changes which monitor is utilized when Fullscreen."
    ],
    "LABEL": [
      "データ測定",
      "全画面",
      "ボーダーレス全画面",
      "最大フレームレート",
      "Fullscreen Monitor"
    ]
  },
  "Player Tips": {
    "TEXT": [
      "このカードを使用するとパワーを得られる。 NL パワーは、戦闘の間、自動的に効果をもたらしてくれる力だ。",
      "カードを使用するにはエナジーが必要。 NL 画面左下の球体が、このターンのエナジー残量を示している。",
      "#r手札がいっぱいだ！",
      "生成できるオーブの #r最大数 に達した。",
      "オーブスロットが NL ない。"
    ],
    "LABEL": [
      "パワーカード",
      "エナジーコスト"
    ]
  },
  "Potion Panel Tip": {
    "TEXT": [
      "ポーションを敵に投げる。",
      "ポーションを飲む。",
      "ポーションを捨てる。 NL #r(取り消せない)"
    ],
    "LABEL": [
      "投げる",
      "飲む",
      "捨てる"
    ]
  },
  "Potion Tip": {
    "TEXT": [
      "ポーションは戦闘中に飲んだり、敵に投げたりできる。 NL 部屋を移動してもなくならない。"
    ],
    "LABEL": [
      "ポーション"
    ]
  },
  "Random Tips": {
    "TEXT": [
      "他のプレイヤーと協力して、斬新で効果的な戦略を見つけよう。",
      "ボスの部屋の前には必ず休憩場所がある。",
      "ゴールドはショップで使おう！ (商人より)",
      "時々休憩しよう。",
      "パーセンテージによる値の計算結果は、最後に小数点以下が切り捨てられる。",
      "戦闘中に山札や捨て札の中身を見られる。",
      "レリックに所持数制限はない。",
      "宝箱には必ずレリックが入っている。",
      "どの道順を通っても必ず1回は宝箱部屋を通る。",
      "エリートは必ずレリックを落とす。",
      "1回の侵攻中に同じレリックを2個獲得することはない。",
      "アンコモンカードは枠とバナーが青色だ。",
      "レアカードは枠とバナーが金色だ。",
      "カードのレア度はカードの表示で分かる。",
      "カードをデッキに追加することが常に賢い選択というわけではない。",
      "戦闘中に廃棄されたカードはデッキから消えるわけではない。",
      "手札にできるカードは最大10枚だ。",
      "状態異常カードは戦闘終了時に消滅する。",
      "呪いカードはアップグレードできない。あえてアップグレードしたい？",
      "第2章以降では、報酬としてアップグレード済みのカードが出現することがある。",
      "未知の部屋では、宝箱やショップが見つかったり、戦闘やイベントが発生したりする。",
      "商人は返品を受け付けない。いやな奴だ。",
      "カード除去サービスは、利用するたびに価格が上昇する。",
      "カード除去サービスは、ショップを訪問するごとに1回だけ利用できる。",
      "ポーション、レリック、パワーによるダメージはアタックダメージとは見なされない。",
      "戦闘中にランダムなカードを得られる効果で回復することはない。"
    ],
    "LABEL": [
      "別のポーションを入手するために、持っているポーションを捨てることができる。"
    ]
  },
  "PC Tips": {
    "TEXT": [
      "カード報酬画面でカードを右クリックすると、詳しい情報を見られる。",
      "多くのアイテムは、カーソルを合わせると役に立つ情報が表示される。",
      "カードのドラッグ中、右クリックするとキャンセルできる。",
      "敵にカーソルを合わせると名前やパワーの情報を見られる。",
      "マウスホイールの操作やドラッグで画面をスクロールできる。",
      "アイテムを調べられる場合は、カーソルが拡大鏡に変化する。",
      "マップやカード画面などは、マウスホイールの操作やドラッグでスクロールできる。"
    ],
    "LABEL": []
  },
  "Relic Tip": {
    "TEXT": [
      "塔の中で見つかるレリックには様々なボーナス効果があり、その侵攻の間、ずっと効果を発揮する。 NL 強力な敵や宝箱から発見できる。",
      "このレリックはまだ発見していない。",
      "このレリックは使い果たされた。"
    ],
    "LABEL": [
      "レリック",
      "未知",
      "このレリックはまだアンロックされていない。",
      "ロック中"
    ]
  },
  "Rewards Tip": {
    "TEXT": [
      "報酬の受け取りを忘れないで。 NL クリックすれば獲得できる。",
      "報酬の受け取りを忘れないで。"
    ],
    "LABEL": [
      "報酬"
    ]
  },
  "Shop Tip": {
    "TEXT": [
      "デッキからカードを1枚取り除く。1回利用すると、この侵攻で再度利用する時の価格は #b",
      " ゴールド増加する。"
    ],
    "LABEL": [
      "カード除去サービス"
    ]
  },
  "Shuffle Tip": {
    "TEXT": [
      "NL ドローするカードがない場合、捨て札がシャッフルされて山札になる。"
    ],
    "LABEL": [
      "カードがなくなった時"
    ]
  },
  "Top Panel Tips": {
    "TEXT": [
      "ゲームメニューを開く。 NL NL グラフィック、サウンド、ゲーム設定を変更する。",
      "カードデッキのすべてのカードを見る。",
      "現在のダンジョンのマップを見る。",
      "HPがすべてなくなると死亡する。",
      "現在の所持ゴールド。ゴールドは塔における通貨だ。",
      "",
      "",
      "この侵攻のプレイ時間。"
    ],
    "LABEL": [
      "設定",
      "デッキ",
      "マップ",
      "HP (ヒットポイント)",
      "財布",
      "プレイ時間"
    ]
  }
}