{
  "AbandonRunButton": {
    "TEXT": [
      "侵攻を諦める"
    ]
  },
  "AbstractCard": {
    "TEXT": [
      "ロック中",
      "未知"
    ]
  },
  "AbstractChest": {
    "TEXT": [
      "進む"
    ]
  },
  "AbstractCreature": {
    "TEXT": [
      "死亡",
      "ブロック",
      "最大HP+",
      "スタン！",
      "妨害！",
      "レリック"
    ]
  },
  "AbstractDungeon": {
    "TEXT": [
      "進む",
      "災厄:"
    ]
  },
  "AbstractMonster": {
    "TEXT": [
      "攻撃的",
      "この敵の予定は NL #yアタック による #b",
      " ダメージ× #b",
      " 回。",
      "この敵の予定は NL #yアタック による #b",
      " ダメージ。",
      "攻撃的",
      "この敵の予定は #yバフ 使用と #yアタック による #b",
      " 回。",
      "この敵の予定は #yバフ 使用と #yアタック による #b",
      "戦略的",
      "この敵の予定はプレイヤーへの #yデバフ 使用と #yアタック による #b",
      "この敵の予定は #yブロック と #yアタック による #b",
      "防御的",
      "消極的",
      "魔法",
      "睡眠",
      "スタン",
      "不明",
      "この敵の予定は #yバフ 使用。",
      "この敵の予定はプレイヤーへの #yデバフ 使用。",
      "この敵の予定はプレイヤーへの強力な #yデバフ 使用。",
      "この敵の予定は #yブロック 。",
      "この敵の予定は #yブロック とプレイヤーへの #yデバフ 使用。",
      "この敵の予定は #yブロック と #yバフ 使用。",
      "この敵の予定は #y逃走 。",
      "この敵の予定は不思議な #y魔法 の使用。",
      "この敵は眠っている。",
      "この敵は #yスタン 状態でターンを迎える。",
      "この敵の予定は #y不明 (アタック以外)。",
      "ブロック"
    ]
  },
  "AbstractPlayer": {
    "TEXT": [
      "ブロック",
      "アイアンクラッド",
      "サイレント",
      "ディフェクト",
      "ウォッチャー"
    ]
  },
  "AbstractPotion": {
    "TEXT": [
      "これ以上ポーションを NL 持てない。"
    ]
  },
  "AbstractRoom": {
    "TEXT": [
      "奪われた…",
      "逃げ出した…"
    ]
  },
  "AnyCardFromDeckToHandAction": {
    "TEXT": [
      "手札に加えるカードを1枚選択。",
      "手札に加えるカードを選択。"
    ]
  },
  "ApplyPowerAction": {
    "TEXT": [
      "打ち消し",
      "無効化",
      "取り消し",
      "\n 低下"
    ]
  },
  "ArmamentsAction": {
    "TEXT": [
      "アップグレード"
    ]
  },
  "AscensionModeDescriptions": {
    "TEXT": [
      "出現するエリートの数が増加する。",
      "通常の敵の攻撃力が増加する。",
      "エリートの攻撃力が増加する。",
      "ボスの攻撃力が増加する。",
      "ボス戦後の回復量が減少する。",
      "ダメージを受けた状態で侵攻を開始する。",
      "通常の敵のHPが増加する。",
      "エリートのHPが増加する。",
      "ボスのHPが増加する。",
      "呪いを受けた状態で侵攻を開始する。",
      "ポーションスロットの数が減少する。",
      "アップグレード済みのカードの出現率が減少する。",
      "ボスの持つゴールドが減少する。",
      "最大HPが減少する。",
      "イベントの内容がより厳しくなる。",
      "ショップの販売価格が上昇する。",
      "通常の敵がより強力な行動と能力を持つ。",
      "エリートがより強力な行動と能力を持つ。",
      "ボスがより強力な行動と能力を持つ。",
      "(最大レベル) ボスが2体登場する。"
    ]
  },
  "AscensionTextEffect": {
    "TEXT": [
      "登塔モードレベル",
      " アンロック！"
    ]
  },
  "AscensionUnlockEffect": {
    "TEXT": [
      "登塔モードをアンロック！"
    ]
  },
  "AttackFromDeckToHandAction": {
    "TEXT": [
      "手札に加えるアタックを1枚選択。"
    ]
  },
  "BetterToHandAction": {
    "TEXT": [
      "手札に加えるカードを1枚選択。",
      "手札に加えるカードを ",
      " 枚選択。"
    ]
  },
  "BattleStartEffect": {
    "TEXT": [
      "戦闘開始",
      "プレイヤーのターン",
      "敵のターン",
      " ターン"
    ]
  },
  "BossChest": {
    "TEXT": [
      "進む"
    ]
  },
  "BossRelicSelectScreen": {
    "TEXT": [
      "決定",
      "選択を決定",
      "レリックを選択",
      "スキップ",
      "選択残り",
      "秒",
      "災厄を1つ選択"
    ]
  },
  "CacheAction": {
    "TEXT": [
      "山札の一番上に置くカードを1枚選択。",
      "山札の一番上に置くカードを選択。"
    ]
  },
  "CampfireSleepEffect": {
    "TEXT": [
      "夢うつつの世界へ？"
    ]
  },
  "CampfireSmithEffect": {
    "TEXT": [
      "アップグレードするカードを1枚選択"
    ]
  },
  "CampfireTokeEffect": {
    "TEXT": [
      "取り除くカードを1枚選択。"
    ]
  },
  "CampfireUI": {
    "TEXT": [
      "何をしようか？",
      "うーん…",
      "何をすべきだろう？",
      "一休みしよう",
      "何をするか迷う…",
      "休まないと",
      "疲れた…"
    ]
  },
  "Cancel Button": {
    "TEXT": [
      "セーブを削除"
    ]
  },
  "CardLibSortHeader": {
    "TEXT": [
      "レア度",
      "タイプ",
      "A～Z",
      "コスト",
      "ジャンプ先:",
      "取得順"
    ]
  },
  "CardLibraryScreen": {
    "TEXT": [
      "戻る",
      "レッド",
      "グリーン",
      "ブルー",
      "無色",
      "呪い",
      "状態異常",
      "アップグレードを見る",
      "パープル"
    ]
  },
  "CardRewardScreen": {
    "TEXT": [
      "スキップ",
      "カードを1枚選択",
      "最大HP+2",
      "選択残り",
      "秒",
      "アップグレードを見る",
      "1つ選択"
    ]
  },
  "CharacterOption": {
    "TEXT": [
      "ロック中",
      "このキャラクターは一度侵攻を完了するとアンロックされます。",
      "このキャラクターはアーリーアクセスでは使用できません。",
      "このキャラクターは一度サイレントで侵攻を完了するとアンロックされます。",
      "HP:",
      "ゴールド:",
      " :残っているアンロック",
      "未知",
      "???",
      " :アンロックまでのポイント",
      "このキャラクターは3つ目のキャラクターをアンロックした状態で一度侵攻をクリアするとアンロックされます。"
    ]
  },
  "CharacterSelectScreen": {
    "TEXT": [
      "キャラクターを選択",
      "侵攻開始",
      "アイアンクラッド",
      "サイレント",
      "ディフェクト",
      "戻る",
      "登塔",
      "レベル",
      "登塔モード",
      "クリアを重ねるたびに困難が増す… (連続クリア回数は影響しない)",
      "シード",
      "ランダムシード",
      "開始時のシード値を元に、侵攻時のランダム要素が生成される。",
      "シードを設定",
      "ウォッチャー"
    ]
  },
  "ChooseOneScreen": {
    "TEXT": [
      "ひとつ選択"
    ]
  },
  "CombatRewardScreen": {
    "TEXT": [
      "進む",
      "カードをスキップ",
      "ゴールドをスキップ",
      "ポーションをスキップ",
      "レリックをスキップ",
      "報酬をスキップ",
      "閉じる",
      "お宝だ！",
      "中身は何だろう？",
      "報酬だ！",
      "勝ち取ったぞ！",
      "戦利品！",
      "ヒント:"
    ]
  },
  "Confirm Button": {
    "TEXT": [
      "決定"
    ]
  },
  "ConfirmPopup": {
    "TEXT": [
      "戻る",
      "セーブを削除",
      "はい",
      "いいえ"
    ]
  },
  "CopyAction": {
    "TEXT": [
      "複製"
    ]
  },
  "CreditsScreen": {
    "TEXT": [
      "クリックして戻る",
      "戻る",
      "タップして戻る"
    ]
  },
  "DailyScreen": {
    "TEXT": [
      "デイリーチャレンジ",
      "タイムサーバーに接続中…",
      "#y注: 今日のチャレンジは完了しています。 NL 再プレイ時のスコアは送信されません。",
      "戻る",
      "侵攻開始",
      "今日のキャラクター:",
      "yyyy/MM/dd HH:mm:ss",
      "残り時間:",
      "#y到達した階: NL",
      " NL NL  #yデッキ: NL",
      " NL NL  #yレリック: NL",
      " NL 今日のチャレンジ: NL #yクラス: NL",
      " NL #y特殊ルール:",
      "特殊ルール:",
      "ランキング",
      "*デイリーチャレンジでは実績は解除できません。",
      "  [オフラインモード]",
      "yyyy/MM/dd",
      "*デイリーチャレンジではトロフィーは解除できません。"
    ]
  },
  "DeathScreen": {
    "TEXT": [
      "続ける",
      "これは勝利？",
      "到達した階",
      "倒したボス",
      "プレイ時間",
      "プレイ時間",
      "スコア",
      "打破された",
      "死…",
      "敗北",
      "負けた！",
      "その名が傷つく…",
      "打ちのめされた",
      "打ち破られた",
      "倒された！",
      "懐かしい感覚だ。",
      "気持ちよく一休みだ。",
      "身から出た錆だ。",
      "うまくいかなった…",
      "来るには早すぎた。",
      "明日もう一度挑戦だ。",
      "新しいマップが必要になる。",
      "準備が足りなかった。",
      "信じられない！",
      "真の潜在力がこれか？",
      "運が悪かった…",
      "こんなはずでは…",
      "まだまだ先はある。",
      "また別の者がこの塔の犠牲となる…",
      "意識が遠のいていく…",
      "敗北",
      "受け入れる",
      "続ける",
      "リトライ",
      "メインメニュー",
      "進む",
      "アンロック",
      "メインメニュー",
      "リトライ",
      "進む",
      "アンロック",
      "残っているアンロック:",
      "残っているアンロック:",
      "倒した敵",
      "倒したエリート",
      "未使用のゴールド",
      "HPボーナス"
    ],
    "EXTRA_TEXT": [
      "エリート撃破: 幕開け",
      "エリート撃破: 栄えし所",
      "エリート撃破: 彼方",
      "スピードスター",
      "光速！",
      "高地人",
      "コレクション",
      "フルセット",
      "持たざる者",
      "司書",
      "歩く百科事典",
      "お腹いっぱい",
      "ぎゅうぎゅう詰め",
      "呪われた！",
      "思うがままに",
      "チャンピオン",
      "パーフェクト",
      "超越",
      "オーバーキル",
      "コ・コ・コ・コンボォー！",
      ""
    ]
  },
  "DeathScreenUi": {
    "TEXT": [
      "登塔モードレベル",
      " アンロック！"
    ]
  },
  "DeletePopup": {
    "TEXT": [
      "このセーブデータを削除しますか？",
      "はい",
      "いいえ",
      "注意: この操作は元に戻せません。"
    ]
  },
  "Dig Option": {
    "TEXT": [
      "発掘",
      "ランダムレリックを発掘。"
    ]
  },
  "DiscardAction": {
    "TEXT": [
      "捨てる"
    ]
  },
  "DiscardPilePanel": {
    "TEXT": [
      "捨て札は #r空 だ。"
    ]
  },
  "DiscardPileToHandAction": {
    "TEXT": [
      "手札に戻すカードを1枚選択。"
    ]
  },
  "DiscardPileToTopOfDeckAction": {
    "TEXT": [
      "山札の一番上に置くカードを1枚選択。"
    ]
  },
  "DiscardPileViewScreen": {
    "TEXT": [
      "山札がすべてなくなると、これらのカードがシャッフルされて山札になる。",
      "戻る",
      "捨て札"
    ]
  },
  "DrawPilePanel": {
    "TEXT": [
      "山札は #r空 だ。"
    ]
  },
  "DrawPileViewScreen": {
    "TEXT": [
      "ターン開始時にここからカードを引く。",
      "(カード表示はレア度順)",
      "戻る",
      "山札"
    ]
  },
  "DualWieldAction": {
    "TEXT": [
      "複製"
    ]
  },
  "DungeonMapScreen": {
    "TEXT": [
      "スタートする部屋を選択",
      "戻る"
    ]
  },
  "DungeonTransitionScreen": {
    "TEXT": [
      "チュートリアル",
      "ゲームプレイに合わせてヒントを表示しますか？",
      "第1章",
      "幕開け",
      "第2章",
      "栄えし所",
      "第3章",
      "彼方",
      "最終章",
      "終幕",
      "クリックして続ける"
    ]
  },
  "EarlyAccessPopup": {
    "TEXT": [
      "アーリーアクセスとは？",
      "オープンベータとは？",
      "Slay the Spireは開発中のゲームです。 NL 機能、カード、敵は今後も多くが変更されます。 NL NL 問題が発生した場合やフィードバックがある場合は、 #bSteam の #bディスカッション ページからご連絡ください。 NL NL それでは、塔の旅を楽しんでください！",
      "Slay the Spireは開発中のゲームです。 NL また、こちらはベータ版のゲームです。 NL NL プレイ中に問題が発生した場合は報告してください。でも、コンテンツ用のコードを目にしても驚かないでくださいね。 NL NL それでは、塔の旅を楽しんでください！",
      "クリックしてスタート",
      "続ける"
    ]
  },
  "End Turn Button": {
    "TEXT": [
      "ターン終了",
      "敵のターン"
    ]
  },
  "ExhaustAction": {
    "TEXT": [
      "廃棄"
    ]
  },
  "ExhaustViewScreen": {
    "TEXT": [
      "この戦闘で廃棄されたカード。",
      "戻る"
    ]
  },
  "ExhumeAction": {
    "TEXT": [
      "手札に戻すカードを1枚選択"
    ]
  },
  "ExitGameButton": {
    "TEXT": [
      "ゲームを終了"
    ]
  },
  "Exordium": {
    "TEXT": [
      "幕開け"
    ]
  },
  "GamblingChipAction": {
    "TEXT": [
      "交換 (ギャンブル用チップ)",
      "交換"
    ]
  },
  "GameSavedEffect": {
    "TEXT": [
      "#y~ゲームの保存完了~"
    ]
  },
  "GainGoldTextEffect": {
    "TEXT": [
      " ゴールド"
    ]
  },
  "GridCardSelectScreen": {
    "TEXT": [
      "決定",
      "キャンセル",
      "選択を決定",
      "立ち去る"
    ]
  },
  "HandCardSelectScreen": {
    "TEXT": [
      "カードの決定:",
      "カードの決定:",
      "カードを",
      " 枚選択:",
      "好きな枚数カードを選択:",
      "カードを選択:",
      "コピー"
    ]
  },
  "HiddenChamberAction": {
    "TEXT": [
      ""
    ]
  },
  "ImmolateAction": {
    "TEXT": [
      "廃棄"
    ]
  },
  "InputKeyNames": {
    "TEXT_DICT": {
      "Escape": "ESC",
      "Forward Delete": "Delete",
      "Delete": "Backspace"
    }
  },
  "InputSettingsScreen": {
    "TEXT": [
      "入力設定",
      "ゲーム設定",
      "戻る",
      "コマンド",
      "キーボード",
      "コントローラー",
      "初期設定に戻す",
      "カードを決定",
      "キャンセル / 戻る",
      "マップ",
      "デッキを見る",
      "山札",
      "捨て札",
      "廃棄札",
      "ターン終了",
      "左",
      "右",
      "カード選択 #1",
      "カード選択 #2",
      "カード選択 #3",
      "カード選択 #4",
      "カード選択 #5",
      "カード選択 #6",
      "カード選択 #7",
      "カード選択 #8",
      "カード選択 #9",
      "カード選択 #10",
      "カード選択をやめる",
      "選択*",
      "キャンセル*",
      "トップパネル*",
      "進む / ターン終了*",
      "左のタブ / デッキを見る*",
      "右のタブ / 廃棄札*",
      "マップ*",
      "設定*",
      "山札*",
      "捨て札*",
      "上*",
      "下*",
      "左*",
      "右*",
      "上 (代替キー)*",
      "下 (代替キー)*",
      "左 (代替キー)*",
      "右 (代替キー)*",
      "上",
      "下",
      "コントローラー有効",
      "タッチスクリーンモード",
      "画面切替"
    ]
  },
  "LanguageDropdown": {
    "TEXT": [
      "ブラジルポルトガル語",
      "中国語 (簡体字)",
      "中国語 (繁体字)",
      "英語",
      "フランス語",
      "ドイツ語",
      "イタリア語",
      "日本語",
      "韓国語",
      "ポーランド語",
      "ロシア語",
      "スペイン語",
      "ヘブライ語",
      "トルコ語",
      "スウェーデン語",
      "ノルウェー語",
      "タイ語",
      "セルビア語 (キリル文字)",
      "ウクライナ語",
      "ベトナム語",
      "ハンガリー語",
      "セルビア語 (ラテン文字)",
      "カタルーニャ語",
      "ギリシア語",
      "インドネシア語",
      "エスペラント語",
      "オランダ語",
      "Finnish"
    ]
  },
  "LeaderboardFilters": {
    "TEXT": [
      "アイアンクラッド",
      "サイレント",
      "ディフェクト",
      "到達した階の平均 (過去20回の侵攻)",
      "スコア平均 (過去20回の侵攻)",
      "最長連続クリア回数",
      "最速クリア時間",
      "ハイスコア",
      "Option 6. DO NOT TRANSLATE",
      "フレンド",
      "グローバル",
      "ウォッチャー"
    ]
  },
  "LeaderboardsScreen": {
    "TEXT": [
      "戻る",
      "フィルター",
      "キャラクター",
      "地域",
      "タイプ",
      "自分のスコアを見る",
      "ランク",
      "名前",
      "スコア",
      "データを取得中…",
      "ランキング",
      "Steamに接続していません",
      "スコアがありません。\n 塔に挑戦してください！"
    ]
  },
  "Legend": {
    "TEXT": [
      "未知",
      "???",
      "未知の部屋。 NL NL 出会うのは敵か、宝箱か、ショップか、はたまたまったく別のものか。",
      "商人",
      "ショップ",
      "部屋では不思議な商人が品物を売っている。 NL NL 稼いだ #yゴールド はここで使おう！",
      "宝箱",
      "宝箱部屋",
      "皆が訪れたがるこの部屋では、 #yレリック や #yゴールド が見つかる。",
      "休憩",
      "休憩場所",
      "部屋ではHPを #g回復 したり、カードを #yアップグレード したりできる。",
      "敵",
      "敵",
      "部屋には通常の敵が潜んでいる。",
      "エリート",
      "エリート",
      "強力な敵が潜んでいる。 NL NL 倒すと報酬としてレリックを1個もらえる。",
      "マーク"
    ]
  },
  "Lift Option": {
    "TEXT": [
      "筋力トレーニング",
      "筋力+1の状態で戦闘を開始する (3回まで)。",
      ""
    ]
  },
  "MainMenuScreen": {
    "TEXT": [
      "#yBuild:",
      "侵攻開始",
      "戻る",
      "クリックして編集",
      "編集",
      "タップして編集"
    ]
  },
  "MasterDeckViewScreen": {
    "TEXT": [
      "ここにあるカードで戦闘を開始する。",
      "戻る"
    ]
  },
  "MenuButton": {
    "TEXT": [
      "",
      "プレイ",
      "",
      "",
      "続ける",
      "",
      "プレイ記録",
      "",
      "終了",
      "パッチノート",
      "侵攻を諦める",
      "",
      "設定",
      "",
      "コレクション"
    ]
  },
  "MenuPanels": {
    "TEXT": [
      "スタンダード",
      "",
      "塔に挑む侵攻の旅に出ましょう。",
      "デイリー\nチャレンジ",
      "",
      "毎日新しいチャレンジに挑戦できます。\n\n他のプレイヤーとハイスコアを競いましょう！",
      "登塔",
      "",
      "クリアを重ねるたび、塔が手強くなります。\n\n最強の作戦を立てて、試しましょう。",
      "カードライブラリ",
      "",
      "塔で発見したすべてのカードを見ることができます。",
      "レリック\nコレクション",
      "",
      "侵攻中に入手した様々な装身具や小物を調べることができます。",
      "モンスター図鑑",
      "",
      "この機能は未実装です。",
      "キャラクター\nデータ",
      "",
      "キャラクターごとの進行状況や統計データを確認できます。",
      "ランキング",
      "",
      "自分やフレンド、他のプレイヤーのスコアを確認できます。",
      "侵攻履歴",
      "",
      "塔に挑んだこれまでの記録を見直せます。",
      "ゲーム設定",
      "",
      "解像度を変更したり、様々な機能のオン、オフを切り替えたりできます。",
      "入力設定",
      "",
      "操作の設定やショートカットキーを変更します。",
      "クレジット",
      "",
      "Slay the Spire に貢献してくれたすべての人たちです！",
      "未知",
      "このモードをアンロックするには、デイリーチャレンジを一度プレイしてください。",
      "この機能はまだ使用できません。",
      "カスタム",
      "ユニークなルールで、自分だけの塔をカスタマイズしましょう。",
      "操作の設定を変更します。",
      "様々な機能のオン、オフを切り替えたりできます。",
      "ポーションラボ",
      "塔に挑む中で見つけた数々のポーションを閲覧できます。"
    ]
  },
  "MerchantImageTextNotInGame": {
    "TEXT": [
      "Card Removal Service",
      "SALE",
      "Not for Sale",
      "Sold Out",
      "Oh no!"
    ]
  },
  "OpeningAction": {
    "TEXT": [
      "この敵はアタックしようとしていない！"
    ]
  },
  "OptionsPanel": {
    "TEXT": [
      "",
      "ゲーム設定",
      "グラフィック",
      "解像度: NL 最大フレームレート:",
      "全画面 NL ボーダーレス全画面 (推奨) NL 画面振動",
      "サウンド",
      "主音量 NL 音楽 NL 効果音",
      "環境音 NL バックグラウンドではミュート",
      "詳細設定",
      "ダメージ合計を金色で表示 NL ブロックしたダメージを青色で表示 NL カードを1枚選択する場合の確認をオフ",
      "高速モード",
      "",
      "その他",
      "言語:",
      "プレイデータをアップロード #b(?)",
      "ゲームを終了",
      "保存して終了",
      "NL NL 垂直同期",
      "プレイテスターアートモード",
      "カード選択のショートカットキーを表示",
      "入力設定",
      "粒子の効果をオフ",
      "解像度:",
      "解像度: NL 全画面モニター:",
      "全画面でどのモニターを使用するか変更します。",
      "長押し確認ボタン",
      "テキスト拡大"
    ]
  },
  "PatchNotesScreen": {
    "TEXT": [
      "戻る",
      "#yパッチノート",
      " NL (暫定対応: 矢印キーで過去ログの閲覧を操作します)"
    ]
  },
  "PotionPopUp": {
    "TEXT": [
      "投げる",
      "飲む",
      "捨てる",
      "ポーションを使用できない！",
      "戦闘中にそれはできない！"
    ]
  },
  "PowerExpireTextEffect": {
    "TEXT": [
      "解除"
    ]
  },
  "Proceed Button": {
    "TEXT": [
      "進む"
    ]
  },
  "PutOnDeckAction": {
    "TEXT": [
      "山札の一番上に置く"
    ]
  },
  "RecycleAction": {
    "TEXT": [
      "廃棄"
    ]
  },
  "RelicViewScreen": {
    "TEXT": [
      "戻る",
      "スターター:",
      "それぞれのキャラクターはこれらのレリックを持ってスタートできる。",
      "コモン:",
      "よく見つかるが、効果は強くないレリック。",
      "アンコモン:",
      "コモンより見つけにくいが、効果は強いレリック。",
      "レア:",
      "滅多に発見できないユニークで強力なレリック。",
      "ボス:",
      "ボスの宝箱からしか見つからないレリック。",
      "イベント:",
      "イベントでのみ入手できるレリック。",
      "ショップ:",
      "商人からの購入でしか入手できないレリック。"
    ]
  },
  "RenamePanel": {
    "TEXT": [
      "<名前なし>",
      "名前を入力",
      "決定",
      "キャンセル"
    ]
  },
  "ReprieveAction": {
    "TEXT": [
      "この敵はアタックしようとしている！"
    ]
  },
  "ReprogramAction": {
    "TEXT": [
      "捨てる"
    ]
  },
  "Rest Option": {
    "TEXT": [
      "休憩",
      "最大HPの100%を回復 (",
      " HP",
      "最大HPの30%を回復 (",
      ""
    ]
  },
  "RestartForChangesEffect": {
    "TEXT": [
      "変更を反映するためにゲームを再起動してください。"
    ]
  },
  "RetainCardsAction": {
    "TEXT": [
      "保留"
    ]
  },
  "RewardItem": {
    "TEXT": [
      " ゴールド (取り返した分)",
      " ゴールド",
      "デッキにカードを1枚追加",
      "",
      "1枚選択",
      "エメラルドの鍵",
      "サファイアの鍵",
      "リンク",
      "これを取ると ",
      " を失う。"
    ]
  },
  "RunHistoryPathNodes": {
    "TEXT": [
      "未知",
      "敵",
      "エリート",
      "イベント",
      "ボス",
      "宝箱",
      "ボスの宝箱",
      "休憩",
      "商人",
      "未知 (敵)",
      "未知 (商人)",
      "未知 (宝箱)",
      "%1$s - %2$s 階",
      "%s 階",
      "#r%s ダメージ",
      "#r%s ターン",
      "#r%s #r/ #r%s #rHP",
      "#y%s #yゴールド",
      "#y入手: ",
      "#yスキップ:",
      "情報なし",
      "最大HP+2",
      "[C]",
      "[T]",
      "[P]",
      "[S]",
      "#b休憩",
      "#bアップグレード: %s",
      "#b除去: %s",
      "#b発掘",
      "#b筋力トレーニング %s/%s",
      "#y購入:",
      "#r消費: ",
      "#r獲得: ",
      "#r喪失: ",
      "%s 最大HP",
      "#b回復: ",
      "#b獲得: ",
      "#b無視: ",
      "%s HP",
      "#b獲得: %s",
      "#r受けた呪い: #r%s",
      "%s ダメージ",
      "#bアップグレード: %s",
      "#b変化: %s",
      "#r喪失: %s",
      "#b思い出した"
    ]
  },
  "RunHistoryMonsterNames": {
    "TEXT": [
      "グレムリン集団",
      "巨大スライム",
      "幕開けの荒くれ者",
      "幕開けの野生生物",
      "スライムの群れ",
      "小さなスライム",
      "栄えし所の強盗",
      "3体のビャード",
      "4体のビャード",
      "トリプル狂信者",
      "選ばれし者の集団",
      "見張り番と球体の守護者",
      "センチュリオンとミスティック",
      "パラサイトとキノコビースト",
      "仮面盗賊団",
      "コロシアムの頭",
      "コロシアムの奴隷商人",
      "3体の異形の者",
      "デカアゴムシの群れ",
      "4体の異形の者",
      "球体の守護者と異形の者",
      "ダブルオーブウォーカー",
      "ドヌーとデカ",
      "見張り番たち",
      "選ばれし者と狂信者",
      "(未使用) フレームブルーザー",
      "(未使用) 奴隷商人とパラサイト",
      "(未使用) ヘビヤモリとミスティック",
      "盾と矛"
    ]
  },
  "RunHistoryScreen": {
    "TEXT": [
      "アイアンクラッド",
      "サイレント",
      "ディフェクト",
      "戻る",
      "侵攻の記録がありません。 NL 塔に挑戦してください！",
      "登塔レベル:",
      "%1$d 階で %2$s に倒された",
      "%d 階で諦めた",
      "勝利！",
      "カード",
      "レリック",
      "スターター",
      "コモン",
      "アンコモン",
      "レア",
      "スペシャル",
      "呪い",
      "ボス",
      "ショップ",
      "未知",
      "%1$d %2$s",
      "%1$s (%2$d):",
      "スコア: %d",
      "全キャラクター",
      "勝敗両方",
      "勝利",
      "敗北",
      "デイリー",
      "全モード",
      "通常のみ",
      "登塔のみ",
      "デイリーのみ",
      "シード: %s",
      "カスタムシード: %s",
      "yyyy/M/d, h:mm a",
      "ウォッチャー"
    ]
  },
  "SeedPanel": {
    "TEXT": [
      "0000000000",
      "新しいシード値を入力",
      "決定",
      "キャンセル",
      "*カスタムシードを使用した場合、実績とランキング機能はオフになります。",
      "*カスタムシードを使用した場合、トロフィーとランキング機能はオフになります。"
    ]
  },
  "SettingsScreen": {
    "TEXT": [
      "よろしいですか？",
      "進捗状況は自動的に保存されます。",
      "侵攻を諦めた場合は、敗北と見なされます。",
      "注意:\n進捗状況が保存されていません。\n\n次の階に進むと現在の状況が保存されます。",
      "戻る",
      "デイリーでは進捗状況は保存されません。"
    ]
  },
  "SetupAction": {
    "TEXT": [
      "山札の一番上に置く。"
    ]
  },
  "ForethoughtAction": {
    "TEXT": [
      "山札の一番下に置く。"
    ]
  },
  "ShopRoom": {
    "TEXT": [
      "ショップをスキップ"
    ]
  },
  "SingleCardViewPopup": {
    "TEXT": [
      "アタック",
      "スキル",
      "パワー",
      "呪い",
      "ロック中",
      "未知",
      "アップグレードを見る",
      "状態異常",
      "",
      "カードを使用できるのは自分のターンの時だけ。",
      "#r拘束 されている！ NL アタックは使用できない。",
      "#rエナジー 不足だ。",
      "#rチャージ 不足だ。",
      "このカードは NL 使用できない。",
      "ベータアート"
    ]
  },
  "SingleViewRelicPopup": {
    "TEXT": [
      "ボス",
      "コモン",
      "未使用",
      "レア",
      "ショップ",
      "イベント",
      "スターター",
      "アンコモン",
      "ロック中",
      "未知",
      "レリック",
      "このレリックはまだアンロックされていない。",
      "このレリックはまだ発見していない。"
    ]
  },
  "SkillFromDeckToHandAction": {
    "TEXT": [
      "手札に追加するスキルを1枚選択"
    ]
  },
  "Smith Option": {
    "TEXT": [
      "鍛冶",
      "デッキのカードを1枚アップグレード。",
      "アップグレードできるカードがない。"
    ]
  },
  "StorePotion": {
    "TEXT": [
      "空きがない"
    ]
  },
  "TheBeyond": {
    "TEXT": [
      "彼方"
    ]
  },
  "TheCity": {
    "TEXT": [
      "栄えし所"
    ]
  },
  "TipHelper": {
    "TEXT": [
      "エナジー"
    ]
  },
  "Toke Option": {
    "TEXT": [
      "一服",
      "デッキのカードを1枚取り除く。"
    ]
  },
  "TopPanel": {
    "TEXT": [
      " 階",
      " - 登塔",
      " (最大レベル)"
    ]
  },
  "TreasureRoom": {
    "TEXT": [
      "宝箱をスキップ"
    ]
  },
  "TreasureRoomBoss": {
    "TEXT": [
      "宝箱をスキップ"
    ]
  },
  "TwitchVoter": {
    "TEXT": [
      "選択:"
    ]
  },
  "Unlock Confirm Button": {
    "TEXT": [
      "続ける"
    ]
  },
  "UnlockCharacterScreen": {
    "TEXT": [
      "カードのアンロック！",
      "",
      "レリックのアンロック！",
      "新しいキャラクター",
      "注: アンロックされたカードは次の侵攻から登場します。",
      "注: アンロックされたレリックは次の侵攻から登場します。"
    ]
  },
  "UnlockScreen": {
    "TEXT": [
      "カードのアンロック！",
      "レリックのアンロック！",
      "新しいキャラクター",
      "注: アンロックされたカードは次の侵攻から登場します。",
      "注: アンロックされたレリックは次の侵攻から登場します。"
    ]
  },
  "UnlockTextEffect": {
    "TEXT": [
      "新しいアンロック！"
    ]
  },
  "CustomModeScreen": {
    "TEXT": [
      "カスタムモード",
      "実績とランキング機能はオフです。",
      "キャラクター",
      "登塔",
      "レベル",
      "登塔モード",
      "特殊ルール",
      "シード",
      "シードを設定",
      "トロフィーとランキング機能はオフです。"
    ]
  },
  "SaveSlot": {
    "TEXT": [
      "プレイ時間",
      "空きスロット"
    ]
  },
  "SaveSlotScreen": {
    "TEXT": [
      "セーブスロットを選択",
      "名前を変更",
      "セーブデータを削除"
    ]
  },
  "TheEnding": {
    "TEXT": [
      "終幕"
    ]
  },
  "Recall Option": {
    "TEXT": [
      "思い出す",
      "ルビーの鍵を取る。"
    ]
  },
  "Period": {
    "TEXT": [
      "。"
    ]
  },
  "BetaArtUnlockEffect": {
    "TEXT": [
      "アイアンクラッドのベータカードアートをアンロック！",
      "サイレントのベータカードアートをアンロック！",
      "ディフェクトのベータカードアートをアンロック！",
      "すべてのベータカードアートをアンロック！",
      "ウォッチャーのベータカードアートをアンロック！"
    ]
  },
  "VictoryScreen": {
    "TEXT": [
      "進む",
      "フロア踏破数",
      "倒したボス",
      "プレイ時間",
      "スコア",
      "アンロック",
      "残っているアンロック: ",
      "残っているアンロック: ",
      "倒した敵",
      "倒したエリート",
      "未使用のゴールド",
      "HPボーナス",
      "勝利！"
    ]
  },
  "RichPresence": {
    "TEXT": [
      "デイリー - %s 階",
      "カスタム - %s 階",
      " - %s 階",
      "メインメニュー",
      " (A%s)"
    ]
  },
  "MiscConsoleStrings": {
    "TEXT": [
      "Press ",
      " to Start",
      "プロファイル変更",
      "エリアを表示",
      "サインインに変更が発生しました。サインインし直すか、タイトル画面に戻ってください。",
      "サインイン",
      "タイトルに戻る"
    ]
  },
  "WishAction": {
    "TEXT": [
      "プレイするカードを1枚選択。"
    ]
  },
  "PotionViewScreen": {
    "TEXT": [
      "戻る",
      "コモン:",
      "よく見つかるが、効果は強くないポーション。",
      "アンコモン:",
      "コモンより見つけにくいが、効果は強いポーション。",
      "レア:",
      "滅多に発見できないユニークで強力なポーション。"
    ]
  },
  "SignatureMoveMessage": {
    "TEXT": [
      "まだほかに #rアタック がある！"
    ]
  },
  "ClarityAction": {
    "TEXT": [
      "残すカードを1枚選択。残りのカードは廃棄されます。"
    ]
  },
  "SyncMessage": {
    "TEXT": [
      "データを同期しています..."
    ]
  }
}