{
  "Calm": {
    "NAME": "명상",
    "DESCRIPTION": [
      "이 #y경지 에서 벗어나면, [W] [W] 를 얻습니다."
    ]
  },
  "Divinity": {
    "NAME": "강림",
    "DESCRIPTION": [
      "이 #y경지 에 도달하면, [W] [W] [W] 를 얻습니다. 공격 이 세 배의 피해를 줍니다. 다음 턴 시작 시 이 #y경지 에서 벗어납니다."
    ]
  },
  "Neutral": {
    "NAME": "",
    "DESCRIPTION": [
      ""
    ]
  },
  "Wrath": {
    "NAME": "진노",
    "DESCRIPTION": [
      "공격 이 두 배의 피해를 주지만 받는 피해도 두 배가 됩니다."
    ]
  }
}