{
  "ANIMATION": {
    "HEADER": "Hahmoanimaatio",
    "NAMES": [
      "Julio Duque Montero",
      "Jon Sandler"
    ]
  },
  "DEV": {
    "HEADER": "Kehitys ja suunnittelu",
    "NAMES": [
      "Anthony Giovannetti",
      "Casey Yano"
    ]
  },
  "ILLUSTRATION": {
    "HEADER": "Promootio- ja taustakuvitukset",
    "NAMES": [
      "Bruce Brenneise"
    ]
  },
  "LOC_ADDITIONAL": {
    "HEADER": "Lisäkäännökset",
    "NAMES": [
      "MoGi Group"
    ]
  },
  "LOC_CAT": {
    "HEADER": "Katalaanin lokalisaatio",
    "NAMES": []
  },
  "LOC_DEU": {
    "HEADER": "Saksan lokalisaatio",
    "NAMES": [
      "Joshua \"Joshipon\" Wiegand",
      "Dustin \"Skrelpoid\" Kristen",
      "Christoph \"Deknud\" Hartmann",
      "Jonas Trodler",
      "Hongkong Koma",
      "Moly",
      "koykoy13",
      "Magnus Upmann"
    ]
  },
  "LOC_DUT": {
    "HEADER": "Hollannin lokalisaatio",
    "NAMES": [
      "Irviöpomo:",
      "Jelle Steinmann \"NotADitto\"",
      "Irviöjehu:",
      "Charlie \"Alcus\" Ye",
      "Irviöt:",
      "Oscar Cousin",
      "\"Meriscan\"",
      "Lise Leitner",
      "Joris \"Mort\" Bogers"
    ]
  },
  "LOC_EPO": {
    "HEADER": "Esperanton lokalisaatio",
    "NAMES": [
      "Vincent \"Babelismoj\" Oostelbos",
      "Spencer van der Meulen"
    ]
  },
  "LOC_FRA": {
    "HEADER": "Ranskan lokalisaatio",
    "NAMES": [
      "Xavier \"Blagatt\" Dupont",
      "Malik \"Devexia\" Leonarski",
      "Thomas \"Elgerine\" Ferry",
      "Vincent \"Henip\" Bartoux",
      "Alexandre \"Judgy\" Gaubert",
      "Vincent \"MissingNoShiny\" Larcin",
      "Nicky \"Qazahar\" Dehout",
      "Julien \"RoPeTTe\" Ropero",
      "Boby \"Tagada\" Vurpillot",
      "Corentin \"Tchus\" Monfort",
      "Zachary \"WyvernZed\" Janisse"
    ]
  },
  "LOC_GRE": {
    "HEADER": "Kreikan lokalisaatio",
    "NAMES": [
      "Kotsos \"Iglor\" Diamond"
    ]
  },
  "LOC_IND": {
    "HEADER": "Indonesian lokalisaatio",
    "NAMES": [
      "Aditya \"RiSQ.\" Arifin",
      "Daryan \"Samus\" Ramadhany",
      "Haveiszal \"Szaal\" Faroqie",
      "Jason Julian"
    ]
  },
  "LOC_ITA": {
    "HEADER": "Italian lokalisaatio",
    "NAMES": [
      "Jade \"HobNob\" Stevanovic",
      "Mero Marco",
      "Luigi Squarzina",
      "Pelitestaus:",
      "Mattylink Heropon"
    ]
  },
  "LOC_JPN": {
    "HEADER": "Japanin lokalisaatio",
    "NAMES": [
      "Grezzz (yhteisön käännös)",
      "Kakehashi Games (virallinen käännös)"
    ]
  },
  "LOC_KOR": {
    "HEADER": "Korean lokalisaatio",
    "NAMES": [
      "Käännökset ja koordinointi:",
      "Eteriny",
      "Fissh",
      "GyeRyak",
      "Käännös:",
      "Simcoding",
      "DesFrog",
      "insight",
      "K4lium",
      "hina",
      "Vekan",
      "Fontti:",
      "Pelissä: GyeonggiCheonnyeon(Batang) (Gyeonggi-Do)",
      "Kaupan omaisuudessa: NanumBrush, NanumPen (NAVER Corporation)"
    ]
  },
  "LOC_NOR": {
    "HEADER": "Norjan lokalisaatio",
    "NAMES": [
      "Eystein Jarp"
    ]
  },
  "LOC_POL": {
    "HEADER": "Puolan lokalisaatio",
    "NAMES": [
      "Kääntäminen ja koordinointi:",
      "Stanisław \"ST4H\" Borkowski",
      "Oskar \"volf3n\" Nowak",
      "Lisäkäännökset:",
      "Adrian \"xeros\" Rolka",
      "Marek \"Skorpionex\" Mazur",
      "Foreigner",
      "Oikoluku:",
      "Oskar \"volf3n\" Nowak",
      "Ehdotukset ja palaute:",
      "Kasper \"Awokado\" Berc",
      "Paweł \"BASTIL\" Kaleta",
      "Grzegorz \"GregPL\" Bogusławski",
      "Erwin \"mateusz3010\" Matys",
      "Mettie",
      "Rafał \"SponTon83\" Szyszko"
    ]
  },
  "LOC_PTB": {
    "HEADER": "Brasilianportugalin lokalisaatio",
    "NAMES": [
      "Guilherme \"GPerego\" Perego",
      "Gustavo \"KomKlave\" Duarte",
      "José \"Maneimax\" Vasconcelos",
      "Leonardo \"Iikat\" Takii",
      "Nathan \"NoxShadow\" Cervieri",
      "Paulo \"SilverTape\" Hauck"
    ]
  },
  "LOC_RUS": {
    "HEADER": "Venäjän lokalisaatio",
    "NAMES": [
      "Kääntäjät:",
      "Ivan \"Ingrett\" Khoroshunenko",
      "Vladislav \"Vlad-00003\" Bolshakov",
      "Dmitry \"Regallion\" Zhiryakov",
      "Apukääntäjät:",
      "Dmitry \"Gentle Giant\" Gitsman",
      "Neprim",
      "Mikhail \"Outmind\" Dyuzhev",
      "Bohdan \"DarkRosse\" Kalytiuk",
      "Sergey \"lol10801lol\" K.",
      "Ascimator",
      "Kateryna \"Meds\" Belimenko-Bolger",
      "Alexey \"Surrealistic Ganerson\" Popov",
      "Alexandr \"LiaNdrY\" Mazistov",
      "Kaupan omaisuuden kääntäminen:",
      "Urist McFerrum"
    ]
  },
  "LOC_SPA": {
    "HEADER": "Espanjan lokalisaatio",
    "NAMES": [
      "Kääntäminen ja koordinointi:",
      "Juanjo \"ajuanjojjj\" Martinez",
      "Pedro Luis \"PerikiyoXD\" Valadés Viera",
      "Kääntäjät:",
      "Erick Marroquin",
      "Accord",
      "Xavier \"xabad98\" Abad Salinas",
      "Sergio \"Skiddome\" Malagón",
      "Pedro J. \"PJJLegend\" Jiménez Moyano",
      "Rodrigo \"skylex\" Zabattaro",
      "Alberto \"RadeonThe1st\" Botana",
      "Spooktacular",
      "Oikoluku ja siistiminen:",
      "Joaquín \"Pip1n\" López",
      "Xavier Castañer",
      "Summer",
      "Eipic"
    ]
  },
  "LOC_SRB": {
    "HEADER": "Serbian lokalisaatio",
    "NAMES": [
      "Nikola \"hauzer\" Vukosavljevic"
    ]
  },
  "LOC_THA": {
    "HEADER": "Thain lokalisaatio",
    "NAMES": [
      "Kääntäminen ja koordinointi:",
      "Noppon Varapaiboon (PlearnGaming)",
      "Apukääntäjät:",
      "Rapeepat Suwan (Yuu)",
      "Sarawut Suwan (Tomoeic)",
      "Kirjasimet:",
      "CSChatThaiUI (raveetavan@gmail.com)",
      "Layiji MaHaNiYom (layiji@gmail.com)"
    ]
  },
  "LOC_TUR": {
    "HEADER": "Turkin lokalisaatio",
    "NAMES": [
      "Kääntäminen ja koordinointi:",
      "Ertürk Yılmaz",
      "Kääntäjät:",
      "Erdem Gürbüz",
      "Ege \"sLanKy\" Güçkıran",
      "\"onparalelkenarag\"",
      "Berkan Çalıkoğlu"
    ]
  },
  "LOC_UKR": {
    "HEADER": "Ukrainan lokalisaatio",
    "NAMES": [
      "Kääntäminen ja koordinointi:",
      "Vladyslav \"DarkXylese\" Kashtelyanov",
      "Tarkastus ja kääntäminen:",
      "Vasyl \"RDSk\" Mykhaliuk",
      "Artem \"Crazytosik\" Zemlianyi",
      "Dariia \"Dariianity\" Porechna"
    ]
  },
  "LOC_VIE": {
    "HEADER": "Vietnamin lokalisaatio",
    "NAMES": [
      "MercTrans-lokalisaatioryhmä",
      "Kääntäjät:",
      "Dinh Long Hoang (donkrieg1011)",
      "Dinh Hoang Nguyen (clesta)",
      "Koordinointi ja lingvistinen johto:",
      "Hoang Son Do",
      "Erityiskiitos:",
      "Azy Tazer"
    ]
  },
  "LOC_ZHS": {
    "HEADER": "Yksinkertaistetun kiinan lokalisaatio",
    "NAMES": [
      "Sound of Mystery",
      "IrisRaphael"
    ]
  },
  "LOC_ZHT": {
    "HEADER": "Perinteisen kiinan lokalisaatio",
    "NAMES": [
      "professor",
      "bowans",
      "Angryfox"
    ]
  },
  "OPS": {
    "HEADER": "Toiminnot ja metriikka",
    "NAMES": [
      "Danielle Jenkins",
      "Jake Rabinowitz"
    ]
  },
  "PORTING": {
    "HEADER": "Konsoli- ja mobiilisovitus",
    "NAMES": [
      "Sickhead Games, LLC"
    ]
  },
  "PORTRAITS": {
    "HEADER": "Korttien piirrokset ja tapahtumataide",
    "NAMES": [
      "Anailis Dorta"
    ]
  },
  "PUBLISHING": {
    "HEADER": "Humble Bundle",
    "NAMES": [
      "Toimitusjohtaja:  Alan Patmore",
      "Talouspäällikkö:  Steven Kovensky",
      "VTJ, yrityskehittäjä:  Eduardo Aparicio",
      "Kustannusjohtaja:  John Polson",
      "Kustannuspäällikkö: Evan Koepf",
      "Kustannuksen brändinhallintapäällikkö:  Connor Bridgeman",
      "Yrityskehitysjohtaja, kustannus:  Mai Kawaguchi",
      "Vanhempi yrityskehittäjä:  Thomas Glenn",
      "Vanhempi yrityskehittäjä:  Bob Mills",
      "Yrityskehittäjä:  Trisha Tabor",
      "Yrityskehittäjä:  Angel Lyons-Labate",
      "Myymäläpäällikkö:  Paul Herron",
      "Rahoitusjohtaja:  Eric Samuel",
      "Tuotemarkkinoinnin VTJ:  Nate Muller",
      "Markkinointijohtaja:  Jeremie Vella",
      "Markkinointipäällikkö:  Whitney Stutes",
      "Kasvumarkkinointipäällikkö:  Francois du Toit",
      "Ninjatuki:  Jimmy Chi",
      "Ninjatuki:  Kasey Brounkowski",
      "Ninjatuki:  Kayla Fyfe",
      "Ninjatuki:  Patrick Monahan"
    ]
  },
  "SOUND": {
    "HEADER": "Musiikki ja äänet",
    "NAMES": [
      "Clark Aboud"
    ]
  },
  "SPECIAL": {
    "HEADER": "Erityiskiitokset",
    "NAMES": [
      "Harry Rabinowitz",
      "Kevin \"Billy\" Matheson",
      "Anthony Roybal",
      "Lee Beckman",
      "Sam Welch",
      "feedbackbot",
      "Evan Howell",
      "Justin Myhres",
      "robojumper",
      "Tony \"kiooeht\" Moore",
      "John Vega",
      "Steve Groll",
      "Sara Popescu",
      "Ryan Hamann"
    ]
  },
  "TEST": {
    "HEADER": "Pelitestaajat",
    "NAMES": [
      "Agari",
      "Daria Anderson",
      "Zac Bauermeister",
      "Nick Becker",
      "Esther Beckman",
      "Leo Chen",
      "Brian Chau",
      "Dan D'Argenio",
      "David Delorenzo",
      "Tim Erskine",
      "Benjamin Finkel",
      "Rajiv Giridharagopal",
      "Wyatt Grodzins",
      "Ren Howell",
      "Kyle James",
      "Ryan Mathisen",
      "Anthony McMillian",
      "Brad Meine",
      "Jade Wesley",
      "Alex Rockwell",
      "Greg Scheopner",
      "John \"Slide20xl\" Smith",
      "Aaron Taggart",
      "Alexander Toy",
      "Merijn van der Vliet",
      "David Von Derau",
      "Conor Watson",
      "David \"divadus\" Withington",
      "Jason \"Wyrm\" Deng",
      "Jonas \"bigunit3000\" Wilson",
      "TBytemaster"
    ]
  },
  "THANKS_MSG": {
    "HEADER": "...ja kiitos SINULLE kun pelasit!",
    "NAMES": []
  },
  "VOICE": {
    "HEADER": "Ääninäyttelijät",
    "NAMES": [
      "Tamara Ryan",
      "Michael Schwalbe"
    ]
  },
  "KAKEHASHI": {
    "HEADER": "Kakehashi Games",
    "NAMES": [
      "Kakehashi Games (virallinen käännös):",
      "Julkaisu Japanissa:  Kakehashi Games",
      "Japaninkielen lokalisaatio:  Rie Ihara"
    ]
  },
  "LOC_FIN": {
    "HEADER": "Suomen lokalisaatio",
    "NAMES": [
      "jahasjahas",
      "Juhana Uuttu",
      "Murasaki#6571",
      "Zalminen"
    ]
  }
}