{
  "Ironclad": {
    "NAMES": [
      "アイアンクラッド"
    ],
    "TEXT": [
      "鉄仮面の兵士の生き残り。 NL 悪魔の力を得るために魂を売り渡した。"
    ]
  },
  "Crowbot": {
    "NAMES": [
      "クロウボット"
    ],
    "TEXT": [
      "ビーブー"
    ]
  },
  "Silent": {
    "NAMES": [
      "サイレント"
    ],
    "TEXT": [
      "霧の国から来た女殺し屋。 NL 短剣と毒で敵を屠る。"
    ]
  },
  "Defect": {
    "NAMES": [
      "ディフェクト"
    ],
    "TEXT": [
      "自我に目覚めた戦闘用オートマトン。 NL 古代の技術がオーブの操作を可能にした。"
    ]
  },
  "Neow Event": {
    "NAMES": [
      "ネオー"
    ],
    "TEXT": [
      "~やあ…~ NL ~私..はネオー...~",
      "~こんにちは...~ NL ~また君か..~",
      "~やあ...~",
      "~また~ NL ~挑戦する...？~",
      "~ボスのところまでたどり着けたら...~ NL ~さらなる祝福を授けよう...~ ",
      "~とりあえず...~ NL ~最初のボスぐらいまではたどり着いて...~",
      "~私が君を呼び戻した...~",
      "~選びたまえ...~",
      "~わかった...~",
      "~リスクと...~ NL ~..報酬....~",
      "~挑戦の時...~ NL ~来たれり...~",
      "報酬",
      "~さぁ…登り続けるのだ…~",
      "~より…苦難が…増すのみ…~",
      "~素晴らしい…~ ~もっとだ…~",
      "呪われた！",
      "注意散漫！",
      "変化!"
    ],
    "OPTIONS": [
      "[続行]",
      "[話す]",
      "[スキップ]",
      "[立ち去る]",
      "デッキに追加するカードを10枚選ぶ。"
    ]
  },
  "Neow Reward": {
    "NAMES": [],
    "TEXT": [
      "[ #gカードを1枚選び獲得 ]",
      "[ #gランダムなレアのカードを 1 枚獲得 ]",
      "[ #gデッキからカードを #g1 #g枚削除 ]",
      "[ #gカードを1枚 #gアップグレード ]",
      "[ #gカードを1枚変化させる ]",
      "[ #gランダムなポーションを3個獲得 ]",
      "[ #gランダムなノーマルレリックを #g1 #g個獲得 ]",
      "[ #g最大 #gHP #g+",
      "[ #gゴールド #g ",
      " #g獲得 ]",
      "#gカードを #g 2 #g枚削除 ]",
      "#gランダムなレアレリックを #g1 #g個獲得 ]",
      "#gレアカードを1枚選び獲得 ]",
      "#gゴールド #g ",
      " #g獲得 ]",
      "#gカードを #g2 #g枚変化させる ]",
      "#g最大 #gHP #g+",
      "[ #r最大 #r",
      " #rHP を #r失う。 ",
      "[ #rゴールドをすべて失う。 ",
      "[ #r呪いを獲得。 ",
      "[ #r",
      "カードを選択",
      "削除するカードを 1 枚選択する",
      "削除するカードを 2 枚選択する",
      "変化するカードを 1 枚選択する",
      "変化するカードを 2 枚選択する",
      "アップグレードするカードを 1 枚選択する",
      "[ #g最初の #b3 回の戦闘において、敵のHPを1にする。 ]",
      " #rダメージを受ける。",
      "[ #g無色のカードを1枚選び獲得。]",
      "#g無色のレアカードを1枚選び獲得。 ]"
    ],
    "UNIQUE_REWARDS": [
      "[ #rスターターレリックを失い、 #gランダムなボスレリックを1つ入手する。 ]"
    ]
  },
  "Merchant": {
    "NAMES": [
      "続行",
      "~いらっしゃい！~"
    ],
    "TEXT": [
      "ハイ！ NL 何か買ってくれよ！ NL 買って買って買って！",
      "素敵な髪型だね",
      "時間ある？",
      "犬と猫どっちが好き？",
      "~危険人物~ ~のようだね~ NL ヒヒ...",
      "ごゆっくり... NL ..... NL ...やっぱり早く",
      "この敷物好き？ NL 売り物じゃないよ",
      "零細企業をサポートしてね！",
      "マスクはいいよね、そうだよね！",
      "ふーむ... NL ...ふーむ... NL ああ！",
      "しばらく聞いていってよ！",
      "1 人で行くのは危ないよ！ゴールド全部ちょうだい！",
      "何か買ってよ",
      "~ふわぁ~",
      "ゴールド大好き。",
      "青がお気に入り。 NL 君は？"
    ],
    "OPTIONS": [
      "どうやってここに来たかって？ NL 知らないさ。",
      "何か買うなら最後のチャンスだよ！ NL ~*ウィンク*~ ~*ウィンク*~",
      "..... NL .... NL .........",
      "私は猫好きなんだ。",
      "あせらない。 NL あせらない。",
      "今とっても @ワクワク@ しないかい！？",
      "昔はお前のようだったのだが。",
      "行くのかい？"
    ]
  },
  "Shop Screen": {
    "NAMES": [
      "~ようこそ~ NL ~ようこそ！~",
      "おや NL それを買うには NL #rゴールド が足りないね。",
      "ねえ君 #rお金 がないじゃないか！",
      "文無しかい？",
      "#rゴールド が足りないよ。",
      "それは買えないよ。",
      "慈善事業じゃないんだよ。",
      "~まいどあり~",
      "また売れた… NL へっへっへ！ NL チャリン @チャリーン！@",
      "@売れた！@",
      "返金はしないよ。",
      "素敵な一日を。",
      "立ち去る",
      "削除するカードを 1 枚手札から選択する"
    ],
    "TEXT": [
      "ハイ！ NL 何か買ってくれよ！ NL 買って買って買って！",
      "素敵な髪型だね",
      "時間ある？",
      "犬と猫どっちが好き？",
      "~危険人物~ のようだね~ NL ヒヒ...",
      "ごゆっくり... NL ..... NL ...やっぱり早く",
      "この敷物好き？ NL 売り物じゃないよ",
      "零細企業をサポートしてね！",
      "マスクはいいよね、そうだよね！",
      "僕の配達人を見たことある？",
      "しばらく聞いていってよ！",
      "1 人で行くのは危ないよ！ゴールド全部ちょうだい！",
      "何か買って",
      "~*ふわぁ*~",
      "ゴールド大好き。",
      "青がお気に入り。 NL 君は？"
    ]
  },
  "PostCreditsNeow": {
    "NAMES": [],
    "TEXT": [
      "今のは…何だ…？ NL …終わった……のか…？",
      "……塔は眠りにつく……",
      "…ならば……私…は…"
    ]
  },
  "Watcher": {
    "NAMES": [
      "ウォッチャー"
    ],
    "TEXT": [
      "塔を\"評価\"するためにやってきた盲目の苦行者。 NL 神性なるスタンスの達人。"
    ]
  }
}