{
  "MerchantImageTextNotInGame": {
    "TEXT": [
      "Card Removal Service",
      "SALE",
      "Not for Sale",
      "Sold Out",
      "Oh no!"
    ]
  },
  "Cancel Button": {
    "TEXT": [
      "セーブ削除"
    ]
  },
  "Confirm Button": {
    "TEXT": [
      "決定"
    ]
  },
  "End Turn Button": {
    "TEXT": [
      "ターン終了",
      "敵のターン"
    ]
  },
  "RunHistoryScreen": {
    "TEXT": [
      "アイアンクラッド",
      "サイレント",
      "ディフェクト",
      "戻る",
      "プレイした記録がない。 NL Go Slay the Spire!",
      "アセンション レベル: ",
      "%1$d階層で%2$sに倒された。",
      "%d階層で諦めた。",
      "クリア！",
      "カード",
      "レリック",
      "スターター",
      "コモン",
      "アンコモン",
      "レア",
      "スペシャル",
      "呪い",
      "ボス",
      "ショップ",
      "不明",
      "%1$d %2$s",
      "%1$s (%2$d):",
      "スコア: %d",
      "すべてのキャラクター",
      "すべての結果",
      "クリア",
      "失敗",
      "デイリー",
      "すべてのゲームタイプ",
      "ノーマル",
      "アセンション",
      "デイリーチャレンジ",
      "シード: %s",
      "カスタムシード: %s",
      "yyyy/M/d, h:mm a",
      "ウォッチャー"
    ]
  },
  "RunHistoryPathNodes": {
    "TEXT": [
      "未知",
      "通常の敵",
      "エリート",
      "イベント",
      "ボス",
      "財宝",
      "ボスの財宝",
      "休憩",
      "商人",
      "未知 （通常の敵）",
      "未知 （商人）",
      "未知 （財宝）",
      "%1$s 階層 - %2$s",
      "%s 階層",
      "#r%s ダメージ",
      "#r%s ターン",
      "#r%s #r/ #r%s #rHP",
      "#y%s #yゴールド",
      "取得：",
      "スキップ:",
      "情報なし",
      "+2 最大HP",
      "[C] ",
      "[T] ",
      "[P] ",
      "[S] ",
      "#b休息",
      "#bアップグレード %s",
      "#b削除 %s",
      "#b発掘",
      "#bリフト %s/%s",
      "#y購入:",
      "#r支払 ",
      "#r負傷 ",
      "#r喪失 ",
      "%s Max HP",
      "#b回復 ",
      "#b獲得 ",
      "#b拒否 ",
      "%s HP",
      "#b取得 %s",
      "#r呪い #r%s",
      "%s ダメージ",
      "#bアップグレード %s",
      "#b変化 %s",
      "#r喪失 %s",
      "#b思い出した"
    ]
  },
  "LeaderboardsScreen": {
    "TEXT": [
      "戻る",
      "フィルター",
      "キャラクター",
      "地域",
      "タイプ",
      "自分のスコアを見る",
      "順位",
      "名前",
      "スコア",
      "データを取得中…",
      "ランキング",
      "Steamに接続していない",
      "スコアの記録なし \n Go Slay the Spire!"
    ]
  },
  "LeaderboardFilters": {
    "TEXT": [
      "アイアンクラッド",
      "サイレント",
      "ディフェクト",
      "到達した階の平均 (過去20回の侵攻)",
      "スコア平均 (過去20回の侵攻)",
      "最高連続クリア回数",
      "最速クリア時間",
      "ハイスコア",
      "Option 6. DO NOT TRANSLATE",
      "フレンド",
      "グローバル",
      "ウォッチャー"
    ]
  },
  "LanguageDropdown": {
    "TEXT": [
      "ブラジルポルトガル語",
      "中国語 (簡体字)",
      "中国語 (繁体字)",
      "英語",
      "フランス語",
      "ドイツ語",
      "イタリア語",
      "日本語",
      "韓国語",
      "ポーランド語",
      "ロシア語",
      "スペイン語",
      "ヘブライ語",
      "トルコ語",
      "スウェーデン語",
      "ノルウェー語",
      "タイ語",
      "セルビア語 (キリル文字)",
      "ウクライナ語",
      "ベトナム語",
      "ハンガリー語",
      "セルビア語 (ラテン文字)",
      "カタルーニャ語",
      "ギリシア語",
      "インドネシア語",
      "エスペラント語",
      "オランダ語",
      "Finnish"
    ]
  },
  "Proceed Button": {
    "TEXT": [
      "進む"
    ]
  },
  "GamblingChipAction": {
    "TEXT": [
      "交換（ギャンブルチップ）",
      "交換"
    ]
  },
  "RetainCardsAction": {
    "TEXT": [
      "保留"
    ]
  },
  "AbstractChest": {
    "TEXT": [
      "進む"
    ]
  },
  "BossChest": {
    "TEXT": [
      "進む"
    ]
  },
  "ShopRoom": {
    "TEXT": [
      "商人をスキップ"
    ]
  },
  "TreasureRoom": {
    "TEXT": [
      "宝箱をスキップ"
    ]
  },
  "TreasureRoomBoss": {
    "TEXT": [
      "宝箱をスキップ"
    ]
  },
  "SetupAction": {
    "TEXT": [
      "山札の一番上に置く。"
    ]
  },
  "SkillFromDeckToHandAction": {
    "TEXT": [
      "手札に追加する「スキル」を選択"
    ]
  },
  "AttackFromDeckToHandAction": {
    "TEXT": [
      "手札に追加する「アタック」を選択"
    ]
  },
  "DiscardPileToTopOfDeckAction": {
    "TEXT": [
      "山札の一番上に置くカードを1枚選択。"
    ]
  },
  "Legend": {
    "TEXT": [
      "未知",
      "???",
      "未知の部屋。 NL NL 敵・宝箱・ショップ・または全く毛色の異なるものに出会うかもしれない。",
      "商人",
      "ショップ",
      "不思議な商人がこれらの部屋で品物を販売している。 NL NL 頑張って稼いだ #yゴールド はここで使おう！",
      "財宝",
      "財宝部屋",
      "誰もが訪れたがるこの部屋で、 #yレリック と #yゴールド が見つかる。",
      "休憩",
      "休憩場所",
      "この部屋ではHPの #g回復 とカードの #yアップグレード が可能。",
      "敵",
      "通常の敵",
      "敵が潜む部屋。",
      "エリート",
      "エリート",
      "より強力な敵が潜んでいる。 NL NL 倒すと報酬としてレリックが1つもらえる。",
      "マーカー"
    ]
  },
  "Unlock Confirm Button": {
    "TEXT": [
      "続行"
    ]
  },
  "Dig Option": {
    "TEXT": [
      "発掘",
      "レリックの発掘"
    ]
  },
  "Lift Option": {
    "TEXT": [
      "リフト",
      "筋力+1の状態で戦闘を開始する。（最大 3回）",
      ""
    ]
  },
  "Rest Option": {
    "TEXT": [
      "休憩",
      "最大HPの 20% を回復（",
      " HP ",
      "最大HPの 30% を回復（",
      ""
    ]
  },
  "Smith Option": {
    "TEXT": [
      "鍛冶",
      "カードを 1 枚アップグレードする。",
      "アップグレードできるカードがない。"
    ]
  },
  "Toke Option": {
    "TEXT": [
      "一服",
      "カードを 1 枚削除する。"
    ]
  },
  "DiscardPilePanel": {
    "TEXT": [
      "捨て札が #r空 だ。"
    ]
  },
  "DrawPilePanel": {
    "TEXT": [
      "山札が #r空 だ。"
    ]
  },
  "PotionPopUp": {
    "TEXT": [
      "投げる",
      "飲む",
      "捨てる",
      "ポーションは使用できない！",
      "戦闘中には行えない！"
    ]
  },
  "RenamePanel": {
    "TEXT": [
      "<名前なし>",
      "名前を入力",
      "決定",
      "キャンセル"
    ]
  },
  "SeedPanel": {
    "TEXT": [
      "0000000000",
      "新しいシード値を入力",
      "決定",
      "キャンセル",
      "*カスタムシードを使用した場合、実績とランキングには反映されない。",
      "*カスタムシードを使用した場合、トロフィーとランキング機能はオフになります。"
    ]
  },
  "AbstractCard": {
    "TEXT": [
      "ロック中",
      "不明"
    ]
  },
  "AbstractPlayer": {
    "TEXT": [
      "Blocked",
      "アイアンクラッド",
      "サイレント",
      "ディフェクト",
      "ウォッチャー"
    ]
  },
  "AbstractCreature": {
    "TEXT": [
      "Dead",
      "Blocked",
      "Max HP +",
      "スタン！",
      "中断！",
      "Relics"
    ]
  },
  "TopPanel": {
    "TEXT": [
      " 階層",
      " - アセンション ",
      " (Max Level)"
    ]
  },
  "UnlockCharacterScreen": {
    "TEXT": [
      "アンロックしたカード！",
      "更新結果",
      "アンロックしたレリック！",
      "新しいキャラクター",
      "注：アンロックしたカードは次のプレイから出現する。",
      "注：アンロックしたレリックは次のプレイから出現する。"
    ]
  },
  "UnlockScreen": {
    "TEXT": [
      "アンロックしたカード！",
      "アンロックしたレリック！",
      "新しいキャラクター",
      "注：アンロックしたカードは次のプレイから出現する。",
      "注：アンロックしたレリックは次のプレイから出現する。"
    ]
  },
  "StorePotion": {
    "TEXT": [
      "空きスペースがない"
    ]
  },
  "AbstractRoom": {
    "TEXT": [
      "奪取された…",
      "逃げ出した…"
    ]
  },
  "SingleViewRelicPopup": {
    "TEXT": [
      "ボス",
      "ノーマル",
      "未使用",
      "レア",
      "ショップ",
      "イベント",
      "スターター",
      "アンコモン",
      "ロック中",
      "不明",
      "レリック",
      "このレリックはアンロックする必要がある。",
      "このレリックはまだ見つかっていない。"
    ]
  },
  "SingleCardViewPopup": {
    "TEXT": [
      "アタック",
      "スキル",
      "パワー",
      "呪い",
      "ロック中",
      "不明",
      "アップグレードを見る",
      "状態異常",
      "Ammo",
      "カードは自分のターンにしかプレイできない。",
      "#r拘束 を受けている！ NL 「アタック」をプレイできない。",
      "#rエナジー　が足りない。",
      "#rチャージ が足りない。",
      "このカードは NL プレイできない。",
      "ベータアート"
    ]
  },
  "MasterDeckViewScreen": {
    "TEXT": [
      "戦闘で使用するカード一覧",
      "戻る"
    ]
  },
  "ExhaustViewScreen": {
    "TEXT": [
      "戦闘中に廃棄されたカード。",
      "戻る"
    ]
  },
  "DungeonTransitionScreen": {
    "TEXT": [
      "チュートリアル",
      "ゲームプレイ中にヒントが必要か？",
      "レベル1",
      "序章",
      "レベル2",
      "シティ",
      "レベル3",
      "彼方",
      "レベル？",
      "???",
      "クリックして続行"
    ]
  },
  "DungeonMapScreen": {
    "TEXT": [
      "開始する部屋を選択",
      "戻る"
    ]
  },
  "DrawPileViewScreen": {
    "TEXT": [
      "ターン開始時にここからカードを引く。",
      "（表示されているカードは順不同）",
      "戻る",
      "山札"
    ]
  },
  "DiscardPileViewScreen": {
    "TEXT": [
      "山札がすべてなくなると、ここにあるカードを山札に混ぜる。",
      "戻る",
      "捨て札"
    ]
  },
  "CopyAction": {
    "TEXT": [
      "複製"
    ]
  },
  "DiscardAction": {
    "TEXT": [
      "捨てる"
    ]
  },
  "ArmamentsAction": {
    "TEXT": [
      "アップグレード"
    ]
  },
  "DualWieldAction": {
    "TEXT": [
      "複製"
    ]
  },
  "HiddenChamberAction": {
    "TEXT": [
      "複製"
    ]
  },
  "DeathScreenUi": {
    "TEXT": [
      "アセンションモード レベル ",
      " 解放！"
    ]
  },
  "DeathScreen": {
    "TEXT": [
      "続行",
      "勝利？",
      "到達した階層",
      "倒したボス",
      "プレイ時間",
      "プレイ時間",
      "スコア",
      "征伐された",
      "死…",
      "敗北",
      "敗北した!",
      "冒涜",
      "惨状",
      "討伐",
      "倒された！",
      "懐かしい感覚。",
      "仮眠がよさそうだ。",
      "身から出た錆。",
      "うまくいかなった。",
      "心の準備がまだだ。",
      "明日もう一回やろう。",
      "新しい地図が必要だ。",
      "程よく準備が整った。",
      "驚嘆に値する！",
      "これが本気なのか？",
      "ついてない……",
      "こんなはずでは……",
      "最高ではない。",
      "塔はまた他の者を食い尽くすだろう……",
      "意識が遠のいていく……",
      "敗北",
      "享受",
      "続行",
      "リトライ",
      "メインメニュー",
      "進む",
      "アンロック",
      "メインメニュー",
      "リトライ",
      "進む",
      "アンロック",
      "残りアンロック： ",
      "残りアンロック： ",
      "敵モンスター撃破数",
      "エリート撃破数",
      "残りゴールド",
      "HPボーナス"
    ],
    "EXTRA_TEXT": [
      "エリート撃破：序章",
      "エリート撃破：シティ",
      "エリート撃破：彼方",
      "スピードスター",
      "光速！",
      "ハイランダー",
      "コレクション",
      "フルセット",
      "パウパー",
      "司書",
      "歩く百科事典",
      "お腹いっぱい",
      "ぎゅうぎゅう詰め",
      "呪われた！",
      "思うがままに",
      "チャンピオン",
      "パーフェクト",
      "超越",
      "オーバーキル",
      "コ、コ、コ、コンボォー！",
      ""
    ]
  },
  "CombatRewardScreen": {
    "TEXT": [
      "進む",
      "カードをスキップ",
      "ゴールドをスキップ",
      "ポーションをスキップ",
      "レリックをスキップ",
      "報酬をスキップ",
      "閉じる",
      "財宝だ！",
      "中身は何だろう？",
      "報酬！",
      "大盤振る舞いだ！",
      "戦利品！",
      "ヒント:"
    ]
  },
  "ChooseOneScreen": {
    "TEXT": [
      "1つ選択"
    ]
  },
  "TwitchVoter": {
    "TEXT": [
      "VOTE NOW: "
    ]
  },
  "CardRewardScreen": {
    "TEXT": [
      "スキップ",
      "カードを1枚選択",
      "最大HP+2",
      "選択残り",
      "秒",
      "アップグレードを見る",
      "Choose One"
    ]
  },
  "BossRelicSelectScreen": {
    "TEXT": [
      "決定",
      "選択の決定",
      "レリックを選択",
      "スキップする",
      "VOTE NOW: ",
      "s left.",
      "災厄を選択"
    ]
  },
  "GridCardSelectScreen": {
    "TEXT": [
      "決定",
      "キャンセル",
      "選択の決定",
      "立ち去る"
    ]
  },
  "HandCardSelectScreen": {
    "TEXT": [
      "カードの決定： ",
      "カードの決定： ",
      "選択 ",
      " カード： ",
      "カードを好きな枚数選択： ",
      "カードを選択： ",
      " 複製"
    ]
  },
  "AbandonRunButton": {
    "TEXT": [
      "今回のプレイを破棄する"
    ]
  },
  "ConfirmPopup": {
    "TEXT": [
      "戻る",
      "セーブ削除",
      "はい",
      "いいえ"
    ]
  },
  "ExitGameButton": {
    "TEXT": [
      "ゲームを終了"
    ]
  },
  "OptionsPanel": {
    "TEXT": [
      "",
      "ゲーム設定",
      "グラフィック",
      "解像度： NL 最大フレームレート：",
      "全画面 NL ボーダレス全画面（推奨） NL 画面振動",
      "サウンド",
      "マスターボリューム NL 音楽ボリューム NL 効果音ボリューム",
      "環境音 NL バックグラウンド中はミュート",
      "ユーザー設定",
      "ダメージ合計を金文字で表示 NL ブロックダメージを青文字で表示 NL カードを 1 枚だけ選択する場合に確認を無効にする",
      "高速モード",
      "",
      "その他",
      "#r言語：",
      "プレイデータのアップロード #b(?)",
      "ゲームを終了",
      "保存して終了",
      "NL NL 垂直同期",
      "プレイテスターアートモード",
      "カード選択のショートカットキーを表示",
      "入力設定",
      "パーティクルエフェクトを無効化",
      "解像度:",
      "解像度: NL 全画面モニター:",
      "全画面でどのモニターを使用するか変更します。",
      "長押し確認ボタン",
      "テキスト拡大"
    ]
  },
  "DailyScreen": {
    "TEXT": [
      "デイリーチャレンジ",
      "タイムサーバーに接続中…",
      "今日のチャレンジは完了している。 NL 再プレイ時のスコアは送信されない。",
      "戻る",
      "攻略開始",
      "今日のキャラクター: ",
      "yyyy/MM/dd HH:mm:ss",
      "残り時間: ",
      "#y到達した階層: NL  ",
      " NL NL  #yデッキ: NL ",
      " NL NL  #yレリック: NL  ",
      " NL 今日のチャレンジ: NL #yクラス: NL ",
      " NL #y特殊効果: ",
      "特殊効果: ",
      "ランキング",
      "*デイリーチャレンジで実績の解除はできない。",
      "  [オフラインモード]",
      "yyyy/MM/dd",
      "*デイリーチャレンジではトロフィーは解除できません。"
    ]
  },
  "SettingsScreen": {
    "TEXT": [
      "本当にいいのか？",
      "進捗状況が自動的に保存される。",
      "プレイを破棄した場合は、敗北としてカウントされる。",
      "警告：\n進捗状況が保存されていない。\n\n次の部屋に行くと現在の進捗状況が保存される。",
      "戻る",
      "デイリープレイでは進捗状況が保存されない。"
    ]
  },
  "CardLibraryScreen": {
    "TEXT": [
      "戻る",
      "レッド",
      "グリーン",
      "ブルー",
      "無色",
      "呪い",
      "状態異常",
      "アップグレードを見る",
      "パープル"
    ]
  },
  "CardLibSortHeader": {
    "TEXT": [
      "レアリティ",
      "タイプ",
      "A～Z",
      "コスト",
      "ジャンプ先:",
      "取得順"
    ]
  },
  "EarlyAccessPopup": {
    "TEXT": [
      "アーリーアクセスとは？",
      "オープンベータとは？",
      "Slay the Spireは依然鋭意開発中です！機能、カード、敵などにも修正が加えられています。 NL もし何か問題が発生したり、フィードバックをいただける場合は#bSteam #bDiscussions のページからご連絡ください。 NL 連絡事項はこのくらいにしましょう、塔があなたを待っています！",
      "Slay the Spireは依然鋭意開発中です！端的に言えば、あなたはこのゲームのベータ版をプレイしています。 NL プレイ中に問題が発生した場合はお知らせください。また、今後のコンテンツ用のプレースホルダーアートにご期待ください。 NL 連絡事項はこのくらいにしましょう、塔があなたを待っています！",
      "クリックして開始。",
      "続ける"
    ]
  },
  "MainMenuScreen": {
    "TEXT": [
      "#yビルド： ",
      "攻略開始",
      "戻る",
      "クリックして編集",
      "変更",
      "タップして編集"
    ]
  },
  "MenuButton": {
    "TEXT": [
      "",
      "プレイ",
      "",
      "",
      "続行",
      "",
      "プレイの記録",
      "",
      "終了",
      "パッチノート",
      "今回のプレイを破棄する",
      "",
      "設定",
      "",
      "コレクション"
    ]
  },
  "CreditsScreen": {
    "TEXT": [
      "クリックして戻る",
      "戻る",
      "タップして戻る"
    ]
  },
  "PatchNotesScreen": {
    "TEXT": [
      "戻る",
      "#yパッチノート",
      " NL (仮：矢印キーで過去ログの閲覧）"
    ]
  },
  "RelicViewScreen": {
    "TEXT": [
      "戻る",
      "スターター：",
      "キャラクターはこれらのレリックを所持してプレイをスタートすることが可能。",
      "ノーマル：",
      "ほどほどのレリック、ありふれている。",
      "アンコモン：",
      "やや強力なレリック、ノーマルより見つかりにくい。",
      "レア：",
      "ユニークで強力なレリック、めったに発見できない。",
      "ボス：",
      "ボスの宝箱から見つかるレリック。",
      "イベント：",
      "イベントによってのみ入手可能なレリック。",
      "ショップ：",
      "商人からのみ購入できるレリック。"
    ]
  },
  "CharacterOption": {
    "TEXT": [
      "ロック中",
      "このキャラクターは一度プレイを完了することでアンロックされる。",
      "このキャラクターはアーリーアクセスでは使用できない。",
      "このキャラクターは一度サイレントでプレイを完了することでアンロックされる。",
      "HP： ",
      "ゴールド： ",
      " つのアンロックが残っている",
      "未知",
      "???",
      " 必要ポイント数",
      "This character is unlocked by completing a Standard run and having the 3rd character unlocked."
    ]
  },
  "CharacterSelectScreen": {
    "TEXT": [
      "キャラクターを選択",
      "攻略開始",
      "アイアンクラッド",
      "サイレント",
      "ディフェクト",
      "戻る",
      "アセンション",
      "レベル ",
      "アセンションモード",
      "クリアするたびに、攻略はより困難になる（連続クリア回数には影響しない）",
      "シード ",
      "ランダムシード",
      "開始時のシード値を元にして攻略中のランダム要素が生成される。",
      "シードを設定",
      "ウォッチャー"
    ]
  },
  "AscensionModeDescriptions": {
    "TEXT": [
      "エリートがより多く出現。",
      "通常の敵の攻撃力が上昇。",
      "エリートの攻撃力が上昇。",
      "ボスの攻撃力が上昇。",
      "ボス討伐後の回復量減少。",
      "ダメージを受けてスタート。",
      "通常の敵のHPが増加。",
      "エリートのHPが増加。",
      "ボスのHPが増加",
      "攻略開始時、呪われる。",
      "ポーションの所持数が減少",
      "アップグレード済カードの出現率が低下。",
      "貧しいボス。",
      "最大HPが低下。",
      "より不利なイベントが起こる。",
      "ショップの価格が高額になる。",
      "通常の敵がより強力な行動と能力を持つ。",
      "エリートがより強力な行動と能力を持つ。",
      "ボスがより強力な行動と能力を持つ。",
      "(最大レベル) ダブルボス。"
    ]
  },
  "AbstractMonster": {
    "TEXT": [
      "攻撃的",
      "この敵が予定しているのは NL #yアタック による #b",
      " のダメージを #b",
      " 回。",
      "この敵が予定しているのは NL #yアタック による #b",
      " ダメージ。",
      "攻撃的",
      "この敵が予定しているのは #yバフ と #yアタック を #b",
      " 回。",
      "この敵が予定しているのは #yバフ と #yアタック を #b",
      "戦略的",
      "この敵が予定しているのは #yデバフ を与え、 #yアタック を #b",
      "この敵が予定しているのは #yブロック と #yアタック を #b",
      "防御",
      "臆病",
      "魔法",
      "睡眠",
      "スタン",
      "未知",
      "この敵が予定しているのは #yバフ の使用。",
      "この敵が予定しているのは #yデバフ を与えること。",
      "この敵が予定しているのは 強力な #yデバフ を与えること。",
      "この敵が予定しているのはこのターンで #yブロック すること。",
      "この敵が予定しているのは #yブロック して、 #yデバフ を与えること。",
      "この敵が予定しているのは #yブロック と #yバフ の使用。",
      "この敵が予定しているのは #y逃走。",
      "この敵が予定しているのは 不思議な #y魔法。",
      "この敵は眠っている。",
      "この敵はが #yスタン 状態。",
      "この敵が予定しているのは #y不明 （攻撃ではない）。",
      "ブロック"
    ]
  },
  "AbstractDungeon": {
    "TEXT": [
      "進む",
      "災厄:"
    ]
  },
  "Exordium": {
    "TEXT": [
      "序章"
    ]
  },
  "TheCity": {
    "TEXT": [
      "シティ"
    ]
  },
  "GameSavedEffect": {
    "TEXT": [
      "#y~Game~ #y~Saved~"
    ]
  },
  "BattleStartEffect": {
    "TEXT": [
      "戦闘開始",
      "プレイヤーのターン",
      "敵のターン",
      " ターン"
    ]
  },
  "RewardItem": {
    "TEXT": [
      " ゴールド (取り返した)",
      " ゴールド",
      "カードを入手",
      "",
      "1枚選択",
      "エメラルドの鍵",
      "サファイアの鍵",
      "リンク",
      "このレリックを獲得すると ",
      " を失う。"
    ]
  },
  "CampfireUI": {
    "TEXT": [
      "何をしようか？",
      "うーん…",
      "何をすべきだろう？",
      "一休みしよう",
      "何をしようか迷う",
      "休まないと",
      "疲れた…"
    ]
  },
  "CampfireSmithEffect": {
    "TEXT": [
      "アップグレードするカードを1枚選択"
    ]
  },
  "CampfireSleepEffect": {
    "TEXT": [
      "Dreaming?"
    ]
  },
  "CampfireTokeEffect": {
    "TEXT": [
      "削除するカードを1枚選択"
    ]
  },
  "UnlockTextEffect": {
    "TEXT": [
      "新しいアンロック！"
    ]
  },
  "AscensionTextEffect": {
    "TEXT": [
      "アセンションモード レベル ",
      " 解放！"
    ]
  },
  "AbstractPotion": {
    "TEXT": [
      "これ以上ポーションを持つことができない。"
    ]
  },
  "TipHelper": {
    "TEXT": [
      "エナジー"
    ]
  },
  "ExhaustAction": {
    "TEXT": [
      "廃棄"
    ]
  },
  "ExhumeAction": {
    "TEXT": [
      "手札に戻すカードを1枚選択"
    ]
  },
  "PowerExpireTextEffect": {
    "TEXT": [
      "解除"
    ]
  },
  "RestartForChangesEffect": {
    "TEXT": [
      "変更を反映するためにゲームを再起動してください。"
    ]
  },
  "OpeningAction": {
    "TEXT": [
      "この敵は攻撃しようとしていない！"
    ]
  },
  "ApplyPowerAction": {
    "TEXT": [
      "打ち消し",
      "無効化",
      "取り消し",
      "\n 低下"
    ]
  },
  "PutOnDeckAction": {
    "TEXT": [
      "山札の一番上に置く。"
    ]
  },
  "ImmolateAction": {
    "TEXT": [
      "廃棄"
    ]
  },
  "TheBeyond": {
    "TEXT": [
      "彼方"
    ]
  },
  "MenuPanels": {
    "TEXT": [
      "スタンダード",
      "",
      "塔攻略のための探索を開始する。",
      "デイリー クライム",
      "",
      "1日1回新しい挑戦が できる。\n\n他のプレイヤーとハイスコアを競おう！",
      "アセンション",
      "",
      "クリアを重ねるたび、塔が手強くなります。\n\n最強の作戦を立てて、試しましょう。",
      "カードライブラリ",
      "",
      "塔で発見したすべてのカードを閲覧できる。",
      "レリック一覧",
      "",
      "攻略中に入手した様々な小物やアーティファクトを調べてみよう。",
      "モンスター図鑑",
      "",
      "この機能は未実装。",
      "キャラクター 情報",
      "",
      "キャラクターごとの進行状況や、統計データを確認できる。",
      "ランキング",
      "",
      "フレンドや他のプレイヤーとスコアを比べてみよう。",
      "プレイ履歴",
      "",
      "塔に挑んだあなたの過去の記録を見直してみよう。",
      "ゲーム設定",
      "",
      "解像度の変更や、様々な機能のオン・オフなど。",
      "入力設定",
      "",
      "操作の設定やショートカットキーを変更する。",
      "クレジット",
      "",
      "Slay the Spireに貢献してくれたすべての人達です！",
      "Unknown",
      "このモードをアンロックするには、デイリークライムを1度プレイする必要がある",
      "この機能は未実装。",
      "カスタム",
      "ユニークな特殊効果で、あなただけの塔をカスタマイズしよう。",
      "操作の設定を変更します。",
      "様々な機能のオン、オフを切り替えたりできます。",
      "ポーションラボ",
      "塔の攻略中に見つけた様々なポーションを見てみよう。"
    ]
  },
  "InputSettingsScreen": {
    "TEXT": [
      "入力設定",
      "ゲーム設定",
      "戻る",
      "入力内容",
      "キーボード",
      "コントローラー",
      "デフォルトに戻す",
      "決定",
      "キャンセル / 退出",
      "地図",
      "デッキを見る",
      "山札",
      "捨て札",
      "廃棄場所",
      "ターン終了",
      "左",
      "右",
      "カード選択 #1",
      "カード選択 #2",
      "カード選択 #3",
      "カード選択 #4",
      "カード選択 #5",
      "カード選択 #6",
      "カード選択 #7",
      "カード選択 #8",
      "カード選択 #9",
      "カード選択 #10",
      "カード選択をやめる",
      "選択*",
      "キャンセル*",
      "トップパネル*",
      "進める / ターン終了*",
      "左のタブ / デッキを見る*",
      "右のタブ / 廃棄場所を見る*",
      "地図*",
      "設定*",
      "山札*",
      "捨て札*",
      "上*",
      "下*",
      "左*",
      "右*",
      "上 (他のキー)*",
      "下 (他のキー)*",
      "左 (他のキー)*",
      "右 (他のキー)*",
      "上",
      "下",
      "コントローラーを使用。",
      "タッチスクリーンモード",
      "画面切替"
    ]
  },
  "InputKeyNames": {
    "TEXT_DICT": {
      "Escape": "ESC",
      "Forward Delete": "Delete",
      "Delete": "Backspace"
    }
  },
  "ReprogramAction": {
    "TEXT": [
      "捨てる"
    ]
  },
  "CacheAction": {
    "TEXT": [
      "山札の一番上に置くカードを1枚選択",
      "山札の一番上に置くカードを選択"
    ]
  },
  "RecycleAction": {
    "TEXT": [
      "廃棄"
    ]
  },
  "AnyCardFromDeckToHandAction": {
    "TEXT": [
      "手札に加えるカードを1枚選択",
      "手札に加えるカードを選択"
    ]
  },
  "ReprieveAction": {
    "TEXT": [
      "この敵は攻撃しようとしている！"
    ]
  },
  "DiscardPileToHandAction": {
    "TEXT": [
      "手札に戻すカードを1枚選択"
    ]
  },
  "AscensionUnlockEffect": {
    "TEXT": [
      "アセンションモードをアンロック！"
    ]
  },
  "CustomModeScreen": {
    "TEXT": [
      "カスタムモード",
      "実績とランキングは無効化される。",
      "キャラクター",
      "アセンション",
      "レベル ",
      "アセンションモード",
      "特殊効果",
      "シード",
      "シードを設定",
      "トロフィーとランキング機能はオフです。"
    ]
  },
  "ForethoughtAction": {
    "TEXT": [
      "山札の底に置く。"
    ]
  },
  "GainGoldTextEffect": {
    "TEXT": [
      " ゴールド"
    ]
  },
  "SaveSlot": {
    "TEXT": [
      "プレイ時間 ",
      "Empty Slot"
    ]
  },
  "DeletePopup": {
    "TEXT": [
      "このセーブデータを削除しますか？?",
      "はい",
      "いいえ",
      "警告: 元に戻すことはできません！"
    ]
  },
  "SaveSlotScreen": {
    "TEXT": [
      "セーブスロットを選択",
      "名前を変更",
      "セーブデータを削除"
    ]
  },
  "RunHistoryMonsterNames": {
    "TEXT": [
      "グレムリンギャング",
      "スライム（大）",
      "序章のチンピラ",
      "序章の野生動物",
      "スライムの大群",
      "スライム（小）",
      "シティの強盗",
      "3体のビャード",
      "4体のビャード",
      "トリプル狂信者",
      "群れなす選ばれし者達",
      "セントリーとスフィアガーディアン",
      "センチュリオンとミスティック",
      "パラサイトとキノコビースト",
      "覆面盗賊団",
      "コロシアムのボス達",
      "コロシアムのスレイバー",
      "3体の異形",
      "デカアゴムシの大群",
      "4体の異形",
      "スフィアガーディアンと異形達",
      "ダブルオーブウォーカー",
      "ドヌーとデカ",
      "セントリーズ",
      "選ばれし者と狂信者",
      "(Deprecated) Flame Bruiser",
      "(Deprecated) Slaver and Parasite",
      "(Deprecated) Snecko and Mystics",
      "矛と盾"
    ]
  },
  "Period": {
    "TEXT": [
      "。"
    ]
  },
  "Recall Option": {
    "TEXT": [
      "思い出す",
      "ルビーの鍵を手に入れる。"
    ]
  },
  "VictoryScreen": {
    "TEXT": [
      "続行",
      "到達した階層",
      "倒したボス",
      "プレイ時間",
      "スコア",
      "アンロック",
      "残りアンロック: ",
      "残りアンロック: ",
      "敵モンスター撃破数",
      "エリート撃破数",
      "残りゴールド",
      "HPボーナス",
      "勝利!"
    ]
  },
  "TheEnding": {
    "TEXT": [
      "終点"
    ]
  },
  "BetaArtUnlockEffect": {
    "TEXT": [
      "アイアンクラッドのベータカードアートをアンロック！",
      "サイレントのベータカードアートをアンロック！",
      "ディフェクトのベータカードアートをアンロック！",
      "すべてのベータカードアートをアンロック！",
      "ウォッチャーのベータカードアートをアンロック！"
    ]
  },
  "RichPresence": {
    "TEXT": [
      "デイリー - %s 階",
      "カスタム - %s 階",
      " - %s 階",
      "メインメニュー",
      " (A%s)"
    ]
  },
  "BetterToHandAction": {
    "TEXT": [
      "手札に加えるカードを1枚選択。",
      "手札に加えるカードを ",
      " 枚選択。"
    ]
  },
  "MiscConsoleStrings": {
    "TEXT": [
      "Press ",
      " to Start",
      "Switch Profile",
      "Display Area",
      "A sign-in change has occurred. Please sign back in or exit to the title screen.",
      "Sign-in",
      "Exit"
    ]
  },
  "WishAction": {
    "TEXT": [
      "プレイするカードを1枚選択。"
    ]
  },
  "SignatureMoveMessage": {
    "TEXT": [
      "これが唯一の #rアタック でないとプレイできない!"
    ]
  },
  "PotionViewScreen": {
    "TEXT": [
      "戻る",
      "コモン:",
      "塔で見つけたもっともありふれたポーション。",
      "アンコモン:",
      "コモンのものに比べれば出現率は低い、より強力なポーション。",
      "レア:",
      "めったに発見できない、特異かつ強力なポーション。"
    ]
  },
  "ClarityAction": {
    "TEXT": [
      "Choose 1 card to keep. The rest are exhausted."
    ]
  },
  "SyncMessage": {
    "TEXT": [
      "データを同期しています..."
    ]
  }
}